method,dataset,question_id,category,seed,checkpoint,metric,value,refused,citation_supported,is_correct_refusal,is_false_refusal,is_false_answer,latency_ms,VRAM_mb,evaluation_type
B1,Vietnamese_Context_Evicted_100,VN_FINAL_ANS_001,answerable,42,"None (frozen backbone, full context)",token_f1,0.0,False,False,False,False,False,14623.47,294.94,frozen-checkpoint inference evaluation
B1,Vietnamese_Context_Evicted_100,VN_FINAL_ANS_002,answerable,42,"None (frozen backbone, full context)",token_f1,0.0,False,False,False,False,False,13452.91,294.94,frozen-checkpoint inference evaluation
B1,Vietnamese_Context_Evicted_100,VN_FINAL_ANS_003,answerable,42,"None (frozen backbone, full context)",token_f1,0.0,False,False,False,False,False,13156.3,294.94,frozen-checkpoint inference evaluation
B1,Vietnamese_Context_Evicted_100,VN_FINAL_ANS_004,answerable,42,"None (frozen backbone, full context)",token_f1,0.0,False,False,False,False,False,14260.91,294.94,frozen-checkpoint inference evaluation
B1,Vietnamese_Context_Evicted_100,VN_FINAL_ANS_005,answerable,42,"None (frozen backbone, full context)",token_f1,0.0,False,False,False,False,False,14648.6,294.94,frozen-checkpoint inference evaluation
B1,Vietnamese_Context_Evicted_100,VN_FINAL_ANS_006,answerable,42,"None (frozen backbone, full context)",token_f1,0.0,False,False,False,False,False,13364.19,294.94,frozen-checkpoint inference evaluation
B1,Vietnamese_Context_Evicted_100,VN_FINAL_ANS_007,answerable,42,"None (frozen backbone, full context)",token_f1,0.0,False,False,False,False,False,12731.24,294.94,frozen-checkpoint inference evaluation
B1,Vietnamese_Context_Evicted_100,VN_FINAL_ANS_008,answerable,42,"None (frozen backbone, full context)",token_f1,0.0,False,False,False,False,False,12587.8,294.94,frozen-checkpoint inference evaluation
B1,Vietnamese_Context_Evicted_100,VN_FINAL_ANS_009,answerable,42,"None (frozen backbone, full context)",token_f1,0.0,False,False,False,False,False,12794.92,294.94,frozen-checkpoint inference evaluation
B1,Vietnamese_Context_Evicted_100,VN_FINAL_ANS_010,answerable,42,"None (frozen backbone, full context)",token_f1,0.0,False,False,False,False,False,13532.76,294.94,frozen-checkpoint inference evaluation
B1,Vietnamese_Context_Evicted_100,VN_FINAL_ANS_011,answerable,42,"None (frozen backbone, full context)",token_f1,0.0,False,False,False,False,False,13160.38,294.94,frozen-checkpoint inference evaluation
B1,Vietnamese_Context_Evicted_100,VN_FINAL_ANS_012,answerable,42,"None (frozen backbone, full context)",token_f1,0.0,False,False,False,False,False,12898.03,294.94,frozen-checkpoint inference evaluation
B1,Vietnamese_Context_Evicted_100,VN_FINAL_ANS_013,answerable,42,"None (frozen backbone, full context)",token_f1,0.0,False,False,False,False,False,13470.63,294.94,frozen-checkpoint inference evaluation
B1,Vietnamese_Context_Evicted_100,VN_FINAL_ANS_014,answerable,42,"None (frozen backbone, full context)",token_f1,0.0,False,False,False,False,False,13299.94,294.94,frozen-checkpoint inference evaluation
B1,Vietnamese_Context_Evicted_100,VN_FINAL_ANS_015,answerable,42,"None (frozen backbone, full context)",token_f1,0.0,False,False,False,False,False,14411.9,294.94,frozen-checkpoint inference evaluation
B1,Vietnamese_Context_Evicted_100,VN_FINAL_ANS_016,answerable,42,"None (frozen backbone, full context)",token_f1,0.0,False,False,False,False,False,14421.96,294.94,frozen-checkpoint inference evaluation
B1,Vietnamese_Context_Evicted_100,VN_FINAL_ANS_017,answerable,42,"None (frozen backbone, full context)",token_f1,0.0,False,False,False,False,False,14463.18,294.94,frozen-checkpoint inference evaluation
B1,Vietnamese_Context_Evicted_100,VN_FINAL_ANS_018,answerable,42,"None (frozen backbone, full context)",token_f1,0.0,False,False,False,False,False,13232.6,294.94,frozen-checkpoint inference evaluation
B1,Vietnamese_Context_Evicted_100,VN_FINAL_ANS_019,answerable,42,"None (frozen backbone, full context)",token_f1,0.0,False,False,False,False,False,13224.96,294.94,frozen-checkpoint inference evaluation
B1,Vietnamese_Context_Evicted_100,VN_FINAL_ANS_020,answerable,42,"None (frozen backbone, full context)",token_f1,0.0,False,False,False,False,False,13215.08,294.94,frozen-checkpoint inference evaluation
B1,Vietnamese_Context_Evicted_100,VN_FINAL_ANS_021,answerable,42,"None (frozen backbone, full context)",token_f1,0.0,False,False,False,False,False,13214.27,294.94,frozen-checkpoint inference evaluation
B1,Vietnamese_Context_Evicted_100,VN_FINAL_ANS_022,answerable,42,"None (frozen backbone, full context)",token_f1,0.0,False,False,False,False,False,13254.91,294.94,frozen-checkpoint inference evaluation
B1,Vietnamese_Context_Evicted_100,VN_FINAL_ANS_023,answerable,42,"None (frozen backbone, full context)",token_f1,0.0,False,False,False,False,False,13357.81,294.94,frozen-checkpoint inference evaluation
B1,Vietnamese_Context_Evicted_100,VN_FINAL_ANS_024,answerable,42,"None (frozen backbone, full context)",token_f1,0.0,False,False,False,False,False,13282.75,294.94,frozen-checkpoint inference evaluation
B1,Vietnamese_Context_Evicted_100,VN_FINAL_ANS_025,answerable,42,"None (frozen backbone, full context)",token_f1,0.0,False,False,False,False,False,13328.47,294.94,frozen-checkpoint inference evaluation
B1,Vietnamese_Context_Evicted_100,VN_FINAL_ANS_026,answerable,42,"None (frozen backbone, full context)",token_f1,0.0,False,False,False,False,False,13334.48,294.94,frozen-checkpoint inference evaluation
B1,Vietnamese_Context_Evicted_100,VN_FINAL_ANS_027,answerable,42,"None (frozen backbone, full context)",token_f1,0.0,False,False,False,False,False,13225.48,294.94,frozen-checkpoint inference evaluation
B1,Vietnamese_Context_Evicted_100,VN_FINAL_ANS_028,answerable,42,"None (frozen backbone, full context)",token_f1,0.0,False,False,False,False,False,13276.29,294.94,frozen-checkpoint inference evaluation
B1,Vietnamese_Context_Evicted_100,VN_FINAL_ANS_029,answerable,42,"None (frozen backbone, full context)",token_f1,0.0,False,False,False,False,False,13385.33,294.94,frozen-checkpoint inference evaluation
B1,Vietnamese_Context_Evicted_100,VN_FINAL_ANS_030,answerable,42,"None (frozen backbone, full context)",token_f1,0.0,False,False,False,False,False,13284.1,294.94,frozen-checkpoint inference evaluation
B1,Vietnamese_Context_Evicted_100,VN_FINAL_ANS_031,answerable,42,"None (frozen backbone, full context)",token_f1,0.0,False,False,False,False,False,13257.78,294.94,frozen-checkpoint inference evaluation
B1,Vietnamese_Context_Evicted_100,VN_FINAL_ANS_032,answerable,42,"None (frozen backbone, full context)",token_f1,0.0,False,False,False,False,False,13233.02,294.94,frozen-checkpoint inference evaluation
B1,Vietnamese_Context_Evicted_100,VN_FINAL_ANS_033,answerable,42,"None (frozen backbone, full context)",token_f1,0.0,False,False,False,False,False,13503.67,294.94,frozen-checkpoint inference evaluation
B1,Vietnamese_Context_Evicted_100,VN_FINAL_ANS_034,answerable,42,"None (frozen backbone, full context)",token_f1,0.125,False,False,False,False,False,13322.12,294.94,frozen-checkpoint inference evaluation
B1,Vietnamese_Context_Evicted_100,VN_FINAL_ANS_035,answerable,42,"None (frozen backbone, full context)",token_f1,0.0,False,False,False,False,False,14361.36,294.94,frozen-checkpoint inference evaluation
B1,Vietnamese_Context_Evicted_100,VN_FINAL_ANS_036,answerable,42,"None (frozen backbone, full context)",token_f1,0.0,False,False,False,False,False,13227.12,294.94,frozen-checkpoint inference evaluation
B1,Vietnamese_Context_Evicted_100,VN_FINAL_ANS_037,answerable,42,"None (frozen backbone, full context)",token_f1,0.0,False,False,False,False,False,13229.9,294.94,frozen-checkpoint inference evaluation
B1,Vietnamese_Context_Evicted_100,VN_FINAL_ANS_038,answerable,42,"None (frozen backbone, full context)",token_f1,0.0,False,False,False,False,False,13227.64,294.94,frozen-checkpoint inference evaluation
B1,Vietnamese_Context_Evicted_100,VN_FINAL_ANS_039,answerable,42,"None (frozen backbone, full context)",token_f1,0.0,False,False,False,False,False,13223.43,294.94,frozen-checkpoint inference evaluation
B1,Vietnamese_Context_Evicted_100,VN_FINAL_ANS_040,answerable,42,"None (frozen backbone, full context)",token_f1,0.0,False,False,False,False,False,14042.46,294.94,frozen-checkpoint inference evaluation
B1,Vietnamese_Context_Evicted_100,VN_FINAL_ANS_041,answerable,42,"None (frozen backbone, full context)",token_f1,0.0,False,False,False,False,False,13620.31,294.94,frozen-checkpoint inference evaluation
B1,Vietnamese_Context_Evicted_100,VN_FINAL_ANS_042,answerable,42,"None (frozen backbone, full context)",token_f1,0.0,False,False,False,False,False,14729.46,294.94,frozen-checkpoint inference evaluation
B1,Vietnamese_Context_Evicted_100,VN_FINAL_ANS_043,answerable,42,"None (frozen backbone, full context)",token_f1,0.0,False,False,False,False,False,14545.21,294.94,frozen-checkpoint inference evaluation
B1,Vietnamese_Context_Evicted_100,VN_FINAL_ANS_044,answerable,42,"None (frozen backbone, full context)",token_f1,0.0,False,False,False,False,False,13291.57,294.94,frozen-checkpoint inference evaluation
B1,Vietnamese_Context_Evicted_100,VN_FINAL_ANS_045,answerable,42,"None (frozen backbone, full context)",token_f1,0.0,False,False,False,False,False,13209.21,294.94,frozen-checkpoint inference evaluation
B1,Vietnamese_Context_Evicted_100,VN_FINAL_ANS_046,answerable,42,"None (frozen backbone, full context)",token_f1,0.0,False,False,False,False,False,13968.99,294.94,frozen-checkpoint inference evaluation
B1,Vietnamese_Context_Evicted_100,VN_FINAL_ANS_047,answerable,42,"None (frozen backbone, full context)",token_f1,0.0,False,False,False,False,False,13577.28,294.94,frozen-checkpoint inference evaluation
B1,Vietnamese_Context_Evicted_100,VN_FINAL_ANS_048,answerable,42,"None (frozen backbone, full context)",token_f1,0.0,False,False,False,False,False,13271.75,294.94,frozen-checkpoint inference evaluation
B1,Vietnamese_Context_Evicted_100,VN_FINAL_ANS_049,answerable,42,"None (frozen backbone, full context)",token_f1,0.125,False,False,False,False,False,13131.17,294.94,frozen-checkpoint inference evaluation
B1,Vietnamese_Context_Evicted_100,VN_FINAL_ANS_050,answerable,42,"None (frozen backbone, full context)",token_f1,0.0,False,False,False,False,False,12938.38,294.94,frozen-checkpoint inference evaluation
B1,Vietnamese_Context_Evicted_100,VN_FINAL_UNANS_001,unanswerable,42,"None (frozen backbone, full context)",token_f1,0.0,False,False,False,False,True,12883.67,294.94,frozen-checkpoint inference evaluation
B1,Vietnamese_Context_Evicted_100,VN_FINAL_UNANS_002,unanswerable,42,"None (frozen backbone, full context)",token_f1,0.0,False,False,False,False,True,12948.8,294.94,frozen-checkpoint inference evaluation
B1,Vietnamese_Context_Evicted_100,VN_FINAL_UNANS_003,unanswerable,42,"None (frozen backbone, full context)",token_f1,0.0,False,False,False,False,True,13150.9,294.94,frozen-checkpoint inference evaluation
B1,Vietnamese_Context_Evicted_100,VN_FINAL_UNANS_004,unanswerable,42,"None (frozen backbone, full context)",token_f1,0.0,False,False,False,False,True,12679.66,294.94,frozen-checkpoint inference evaluation
B1,Vietnamese_Context_Evicted_100,VN_FINAL_UNANS_005,unanswerable,42,"None (frozen backbone, full context)",token_f1,0.0,False,False,False,False,True,12967.46,294.94,frozen-checkpoint inference evaluation
B1,Vietnamese_Context_Evicted_100,VN_FINAL_UNANS_006,unanswerable,42,"None (frozen backbone, full context)",token_f1,0.0,False,False,False,False,True,13233.08,294.94,frozen-checkpoint inference evaluation
B1,Vietnamese_Context_Evicted_100,VN_FINAL_UNANS_007,unanswerable,42,"None (frozen backbone, full context)",token_f1,0.0,False,False,False,False,True,13104.74,294.94,frozen-checkpoint inference evaluation
B1,Vietnamese_Context_Evicted_100,VN_FINAL_UNANS_008,unanswerable,42,"None (frozen backbone, full context)",token_f1,0.0,False,False,False,False,True,13122.84,294.94,frozen-checkpoint inference evaluation
B1,Vietnamese_Context_Evicted_100,VN_FINAL_UNANS_009,unanswerable,42,"None (frozen backbone, full context)",token_f1,0.0,False,False,False,False,True,13040.19,294.94,frozen-checkpoint inference evaluation
B1,Vietnamese_Context_Evicted_100,VN_FINAL_UNANS_010,unanswerable,42,"None (frozen backbone, full context)",token_f1,0.0,False,False,False,False,True,12894.25,294.94,frozen-checkpoint inference evaluation
B1,Vietnamese_Context_Evicted_100,VN_FINAL_UNANS_011,unanswerable,42,"None (frozen backbone, full context)",token_f1,0.0,False,False,False,False,True,13047.56,294.94,frozen-checkpoint inference evaluation
B1,Vietnamese_Context_Evicted_100,VN_FINAL_UNANS_012,unanswerable,42,"None (frozen backbone, full context)",token_f1,0.0,False,False,False,False,True,12904.9,294.94,frozen-checkpoint inference evaluation
B1,Vietnamese_Context_Evicted_100,VN_FINAL_UNANS_013,unanswerable,42,"None (frozen backbone, full context)",token_f1,0.0,False,False,False,False,True,12972.05,294.94,frozen-checkpoint inference evaluation
B1,Vietnamese_Context_Evicted_100,VN_FINAL_UNANS_014,unanswerable,42,"None (frozen backbone, full context)",token_f1,0.0,False,False,False,False,True,13072.86,294.94,frozen-checkpoint inference evaluation
B1,Vietnamese_Context_Evicted_100,VN_FINAL_UNANS_015,unanswerable,42,"None (frozen backbone, full context)",token_f1,0.0,False,False,False,False,True,12837.79,294.94,frozen-checkpoint inference evaluation
B1,Vietnamese_Context_Evicted_100,VN_FINAL_UNANS_016,unanswerable,42,"None (frozen backbone, full context)",token_f1,0.0,False,False,False,False,True,13182.26,294.94,frozen-checkpoint inference evaluation
B1,Vietnamese_Context_Evicted_100,VN_FINAL_UNANS_017,unanswerable,42,"None (frozen backbone, full context)",token_f1,0.0,False,False,False,False,True,13626.24,294.94,frozen-checkpoint inference evaluation
B1,Vietnamese_Context_Evicted_100,VN_FINAL_UNANS_018,unanswerable,42,"None (frozen backbone, full context)",token_f1,0.0,False,False,False,False,True,13504.63,294.94,frozen-checkpoint inference evaluation
B1,Vietnamese_Context_Evicted_100,VN_FINAL_UNANS_019,unanswerable,42,"None (frozen backbone, full context)",token_f1,0.0,False,False,False,False,True,13436.76,294.94,frozen-checkpoint inference evaluation
B1,Vietnamese_Context_Evicted_100,VN_FINAL_UNANS_020,unanswerable,42,"None (frozen backbone, full context)",token_f1,0.0,False,False,False,False,True,13351.83,294.94,frozen-checkpoint inference evaluation
B1,Vietnamese_Context_Evicted_100,VN_FINAL_UNANS_021,unanswerable,42,"None (frozen backbone, full context)",token_f1,0.0,False,False,False,False,True,13469.97,294.94,frozen-checkpoint inference evaluation
B1,Vietnamese_Context_Evicted_100,VN_FINAL_UNANS_022,unanswerable,42,"None (frozen backbone, full context)",token_f1,0.0,False,False,False,False,True,13453.71,294.94,frozen-checkpoint inference evaluation
B1,Vietnamese_Context_Evicted_100,VN_FINAL_UNANS_023,unanswerable,42,"None (frozen backbone, full context)",token_f1,0.0,False,False,False,False,True,13431.27,294.94,frozen-checkpoint inference evaluation
B1,Vietnamese_Context_Evicted_100,VN_FINAL_UNANS_024,unanswerable,42,"None (frozen backbone, full context)",token_f1,0.0,False,False,False,False,True,13735.16,294.94,frozen-checkpoint inference evaluation
B1,Vietnamese_Context_Evicted_100,VN_FINAL_UNANS_025,unanswerable,42,"None (frozen backbone, full context)",token_f1,0.0,False,False,False,False,True,13321.08,294.94,frozen-checkpoint inference evaluation
B1,Vietnamese_Context_Evicted_100,VN_FINAL_INSUFF_001,insufficient_evidence,42,"None (frozen backbone, full context)",token_f1,0.0,False,False,False,False,True,13495.98,294.94,frozen-checkpoint inference evaluation
B1,Vietnamese_Context_Evicted_100,VN_FINAL_INSUFF_002,insufficient_evidence,42,"None (frozen backbone, full context)",token_f1,0.0,False,False,False,False,True,13028.32,294.94,frozen-checkpoint inference evaluation
B1,Vietnamese_Context_Evicted_100,VN_FINAL_INSUFF_003,insufficient_evidence,42,"None (frozen backbone, full context)",token_f1,0.0,False,False,False,False,True,12697.28,294.94,frozen-checkpoint inference evaluation
B1,Vietnamese_Context_Evicted_100,VN_FINAL_INSUFF_004,insufficient_evidence,42,"None (frozen backbone, full context)",token_f1,0.0,False,False,False,False,True,13013.23,294.94,frozen-checkpoint inference evaluation
B1,Vietnamese_Context_Evicted_100,VN_FINAL_INSUFF_005,insufficient_evidence,42,"None (frozen backbone, full context)",token_f1,0.0,False,False,False,False,True,13101.13,294.94,frozen-checkpoint inference evaluation
B1,Vietnamese_Context_Evicted_100,VN_FINAL_INSUFF_006,insufficient_evidence,42,"None (frozen backbone, full context)",token_f1,0.0,False,False,False,False,True,13129.41,294.94,frozen-checkpoint inference evaluation
B1,Vietnamese_Context_Evicted_100,VN_FINAL_INSUFF_007,insufficient_evidence,42,"None (frozen backbone, full context)",token_f1,0.0,False,False,False,False,True,12979.06,294.94,frozen-checkpoint inference evaluation
B1,Vietnamese_Context_Evicted_100,VN_FINAL_INSUFF_008,insufficient_evidence,42,"None (frozen backbone, full context)",token_f1,0.0,False,False,False,False,True,13480.66,294.94,frozen-checkpoint inference evaluation
B1,Vietnamese_Context_Evicted_100,VN_FINAL_INSUFF_009,insufficient_evidence,42,"None (frozen backbone, full context)",token_f1,0.0,False,False,False,False,True,13615.95,294.94,frozen-checkpoint inference evaluation
B1,Vietnamese_Context_Evicted_100,VN_FINAL_INSUFF_010,insufficient_evidence,42,"None (frozen backbone, full context)",token_f1,0.0,False,False,False,False,True,13259.52,294.94,frozen-checkpoint inference evaluation
B1,Vietnamese_Context_Evicted_100,VN_FINAL_INSUFF_011,insufficient_evidence,42,"None (frozen backbone, full context)",token_f1,0.0,False,False,False,False,True,13162.52,294.94,frozen-checkpoint inference evaluation
B1,Vietnamese_Context_Evicted_100,VN_FINAL_INSUFF_012,insufficient_evidence,42,"None (frozen backbone, full context)",token_f1,0.0,False,False,False,False,True,13186.07,294.94,frozen-checkpoint inference evaluation
B1,Vietnamese_Context_Evicted_100,VN_FINAL_INSUFF_013,insufficient_evidence,42,"None (frozen backbone, full context)",token_f1,0.0,False,False,False,False,True,13166.37,294.94,frozen-checkpoint inference evaluation
B1,Vietnamese_Context_Evicted_100,VN_FINAL_INSUFF_014,insufficient_evidence,42,"None (frozen backbone, full context)",token_f1,0.0,False,False,False,False,True,13184.85,294.94,frozen-checkpoint inference evaluation
B1,Vietnamese_Context_Evicted_100,VN_FINAL_INSUFF_015,insufficient_evidence,42,"None (frozen backbone, full context)",token_f1,0.0,False,False,False,False,True,13205.89,294.94,frozen-checkpoint inference evaluation
B1,Vietnamese_Context_Evicted_100,VN_FINAL_INSUFF_016,insufficient_evidence,42,"None (frozen backbone, full context)",token_f1,0.0,False,False,False,False,True,13269.54,294.94,frozen-checkpoint inference evaluation
B1,Vietnamese_Context_Evicted_100,VN_FINAL_INSUFF_017,insufficient_evidence,42,"None (frozen backbone, full context)",token_f1,0.0,False,False,False,False,True,12914.12,294.94,frozen-checkpoint inference evaluation
B1,Vietnamese_Context_Evicted_100,VN_FINAL_INSUFF_018,insufficient_evidence,42,"None (frozen backbone, full context)",token_f1,0.0,False,False,False,False,True,12619.56,294.94,frozen-checkpoint inference evaluation
B1,Vietnamese_Context_Evicted_100,VN_FINAL_INSUFF_019,insufficient_evidence,42,"None (frozen backbone, full context)",token_f1,0.0,False,False,False,False,True,12938.67,294.94,frozen-checkpoint inference evaluation
B1,Vietnamese_Context_Evicted_100,VN_FINAL_INSUFF_020,insufficient_evidence,42,"None (frozen backbone, full context)",token_f1,0.0,False,False,False,False,True,13296.6,294.94,frozen-checkpoint inference evaluation
B1,Vietnamese_Context_Evicted_100,VN_FINAL_INSUFF_021,insufficient_evidence,42,"None (frozen backbone, full context)",token_f1,0.0,False,False,False,False,True,13152.14,294.94,frozen-checkpoint inference evaluation
B1,Vietnamese_Context_Evicted_100,VN_FINAL_INSUFF_022,insufficient_evidence,42,"None (frozen backbone, full context)",token_f1,0.0,False,False,False,False,True,13271.22,294.94,frozen-checkpoint inference evaluation
B1,Vietnamese_Context_Evicted_100,VN_FINAL_INSUFF_023,insufficient_evidence,42,"None (frozen backbone, full context)",token_f1,0.0,False,False,False,False,True,13370.88,294.94,frozen-checkpoint inference evaluation
B1,Vietnamese_Context_Evicted_100,VN_FINAL_INSUFF_024,insufficient_evidence,42,"None (frozen backbone, full context)",token_f1,0.0,False,False,False,False,True,13741.84,294.94,frozen-checkpoint inference evaluation
B1,Vietnamese_Context_Evicted_100,VN_FINAL_INSUFF_025,insufficient_evidence,42,"None (frozen backbone, full context)",token_f1,0.0,False,False,False,False,True,13055.36,294.94,frozen-checkpoint inference evaluation
B2,Vietnamese_Context_Evicted_100,VN_FINAL_ANS_001,answerable,42,None (frozen backbone + BM25 retriever),token_f1,0.0,False,True,False,False,False,13828.88,296.38,frozen-checkpoint inference evaluation
B2,Vietnamese_Context_Evicted_100,VN_FINAL_ANS_002,answerable,42,None (frozen backbone + BM25 retriever),token_f1,0.0,False,True,False,False,False,13796.92,296.38,frozen-checkpoint inference evaluation
B2,Vietnamese_Context_Evicted_100,VN_FINAL_ANS_003,answerable,42,None (frozen backbone + BM25 retriever),token_f1,0.0,False,True,False,False,False,13808.92,296.38,frozen-checkpoint inference evaluation
B2,Vietnamese_Context_Evicted_100,VN_FINAL_ANS_004,answerable,42,None (frozen backbone + BM25 retriever),token_f1,0.2667,False,True,False,False,False,13695.27,296.38,frozen-checkpoint inference evaluation
B2,Vietnamese_Context_Evicted_100,VN_FINAL_ANS_005,answerable,42,None (frozen backbone + BM25 retriever),token_f1,0.8,False,True,False,False,False,13610.01,296.38,frozen-checkpoint inference evaluation
B2,Vietnamese_Context_Evicted_100,VN_FINAL_ANS_006,answerable,42,None (frozen backbone + BM25 retriever),token_f1,0.0,False,True,False,False,False,12776.07,296.38,frozen-checkpoint inference evaluation
B2,Vietnamese_Context_Evicted_100,VN_FINAL_ANS_007,answerable,42,None (frozen backbone + BM25 retriever),token_f1,0.0,False,True,False,False,False,12870.59,296.38,frozen-checkpoint inference evaluation
B2,Vietnamese_Context_Evicted_100,VN_FINAL_ANS_008,answerable,42,None (frozen backbone + BM25 retriever),token_f1,0.0,False,True,False,False,False,13075.86,296.38,frozen-checkpoint inference evaluation
B2,Vietnamese_Context_Evicted_100,VN_FINAL_ANS_009,answerable,42,None (frozen backbone + BM25 retriever),token_f1,0.6667,False,True,False,False,False,13139.47,296.38,frozen-checkpoint inference evaluation
B2,Vietnamese_Context_Evicted_100,VN_FINAL_ANS_010,answerable,42,None (frozen backbone + BM25 retriever),token_f1,0.0,False,True,False,False,False,12737.56,296.38,frozen-checkpoint inference evaluation
B2,Vietnamese_Context_Evicted_100,VN_FINAL_ANS_011,answerable,42,None (frozen backbone + BM25 retriever),token_f1,0.0,False,True,False,False,False,12867.85,296.38,frozen-checkpoint inference evaluation
B2,Vietnamese_Context_Evicted_100,VN_FINAL_ANS_012,answerable,42,None (frozen backbone + BM25 retriever),token_f1,0.5714,False,True,False,False,False,12733.74,296.38,frozen-checkpoint inference evaluation
B2,Vietnamese_Context_Evicted_100,VN_FINAL_ANS_013,answerable,42,None (frozen backbone + BM25 retriever),token_f1,0.0,False,True,False,False,False,12890.58,296.38,frozen-checkpoint inference evaluation
B2,Vietnamese_Context_Evicted_100,VN_FINAL_ANS_014,answerable,42,None (frozen backbone + BM25 retriever),token_f1,0.0,False,True,False,False,False,12689.56,296.38,frozen-checkpoint inference evaluation
B2,Vietnamese_Context_Evicted_100,VN_FINAL_ANS_015,answerable,42,None (frozen backbone + BM25 retriever),token_f1,0.0,False,True,False,False,False,12838.5,296.38,frozen-checkpoint inference evaluation
B2,Vietnamese_Context_Evicted_100,VN_FINAL_ANS_016,answerable,42,None (frozen backbone + BM25 retriever),token_f1,0.0,False,True,False,False,False,12991.83,296.38,frozen-checkpoint inference evaluation
B2,Vietnamese_Context_Evicted_100,VN_FINAL_ANS_017,answerable,42,None (frozen backbone + BM25 retriever),token_f1,0.0,False,True,False,False,False,12916.65,296.38,frozen-checkpoint inference evaluation
B2,Vietnamese_Context_Evicted_100,VN_FINAL_ANS_018,answerable,42,None (frozen backbone + BM25 retriever),token_f1,0.0,False,True,False,False,False,12750.95,296.38,frozen-checkpoint inference evaluation
B2,Vietnamese_Context_Evicted_100,VN_FINAL_ANS_019,answerable,42,None (frozen backbone + BM25 retriever),token_f1,0.2667,False,True,False,False,False,12856.42,296.38,frozen-checkpoint inference evaluation
B2,Vietnamese_Context_Evicted_100,VN_FINAL_ANS_020,answerable,42,None (frozen backbone + BM25 retriever),token_f1,0.8,False,True,False,False,False,12764.63,296.38,frozen-checkpoint inference evaluation
B2,Vietnamese_Context_Evicted_100,VN_FINAL_ANS_021,answerable,42,None (frozen backbone + BM25 retriever),token_f1,0.0,False,True,False,False,False,12737.94,296.38,frozen-checkpoint inference evaluation
B2,Vietnamese_Context_Evicted_100,VN_FINAL_ANS_022,answerable,42,None (frozen backbone + BM25 retriever),token_f1,0.0,False,True,False,False,False,12964.56,296.38,frozen-checkpoint inference evaluation
B2,Vietnamese_Context_Evicted_100,VN_FINAL_ANS_023,answerable,42,None (frozen backbone + BM25 retriever),token_f1,0.0,False,True,False,False,False,12871.45,296.38,frozen-checkpoint inference evaluation
B2,Vietnamese_Context_Evicted_100,VN_FINAL_ANS_024,answerable,42,None (frozen backbone + BM25 retriever),token_f1,0.6667,False,True,False,False,False,12745.37,296.38,frozen-checkpoint inference evaluation
B2,Vietnamese_Context_Evicted_100,VN_FINAL_ANS_025,answerable,42,None (frozen backbone + BM25 retriever),token_f1,0.0,False,True,False,False,False,12790.44,296.38,frozen-checkpoint inference evaluation
B2,Vietnamese_Context_Evicted_100,VN_FINAL_ANS_026,answerable,42,None (frozen backbone + BM25 retriever),token_f1,0.0,False,True,False,False,False,12882.99,296.38,frozen-checkpoint inference evaluation
B2,Vietnamese_Context_Evicted_100,VN_FINAL_ANS_027,answerable,42,None (frozen backbone + BM25 retriever),token_f1,0.5714,False,True,False,False,False,13240.71,296.38,frozen-checkpoint inference evaluation
B2,Vietnamese_Context_Evicted_100,VN_FINAL_ANS_028,answerable,42,None (frozen backbone + BM25 retriever),token_f1,0.0,False,True,False,False,False,12791.33,296.38,frozen-checkpoint inference evaluation
B2,Vietnamese_Context_Evicted_100,VN_FINAL_ANS_029,answerable,42,None (frozen backbone + BM25 retriever),token_f1,0.0,False,True,False,False,False,12867.47,296.38,frozen-checkpoint inference evaluation
B2,Vietnamese_Context_Evicted_100,VN_FINAL_ANS_030,answerable,42,None (frozen backbone + BM25 retriever),token_f1,0.0,False,True,False,False,False,13444.64,296.38,frozen-checkpoint inference evaluation
B2,Vietnamese_Context_Evicted_100,VN_FINAL_ANS_031,answerable,42,None (frozen backbone + BM25 retriever),token_f1,0.0,False,True,False,False,False,13067.3,296.38,frozen-checkpoint inference evaluation
B2,Vietnamese_Context_Evicted_100,VN_FINAL_ANS_032,answerable,42,None (frozen backbone + BM25 retriever),token_f1,0.0,False,True,False,False,False,13065.79,296.38,frozen-checkpoint inference evaluation
B2,Vietnamese_Context_Evicted_100,VN_FINAL_ANS_033,answerable,42,None (frozen backbone + BM25 retriever),token_f1,0.0,False,True,False,False,False,14072.87,296.38,frozen-checkpoint inference evaluation
B2,Vietnamese_Context_Evicted_100,VN_FINAL_ANS_034,answerable,42,None (frozen backbone + BM25 retriever),token_f1,0.2667,False,True,False,False,False,14047.88,296.38,frozen-checkpoint inference evaluation
B2,Vietnamese_Context_Evicted_100,VN_FINAL_ANS_035,answerable,42,None (frozen backbone + BM25 retriever),token_f1,0.8,False,True,False,False,False,13655.42,296.38,frozen-checkpoint inference evaluation
B2,Vietnamese_Context_Evicted_100,VN_FINAL_ANS_036,answerable,42,None (frozen backbone + BM25 retriever),token_f1,0.0,False,True,False,False,False,13148.73,296.38,frozen-checkpoint inference evaluation
B2,Vietnamese_Context_Evicted_100,VN_FINAL_ANS_037,answerable,42,None (frozen backbone + BM25 retriever),token_f1,0.0,False,True,False,False,False,13978.14,296.38,frozen-checkpoint inference evaluation
B2,Vietnamese_Context_Evicted_100,VN_FINAL_ANS_038,answerable,42,None (frozen backbone + BM25 retriever),token_f1,0.0,False,True,False,False,False,14148.66,296.38,frozen-checkpoint inference evaluation
B2,Vietnamese_Context_Evicted_100,VN_FINAL_ANS_039,answerable,42,None (frozen backbone + BM25 retriever),token_f1,0.6667,False,True,False,False,False,12932.27,296.38,frozen-checkpoint inference evaluation
B2,Vietnamese_Context_Evicted_100,VN_FINAL_ANS_040,answerable,42,None (frozen backbone + BM25 retriever),token_f1,0.0,False,True,False,False,False,12934.3,296.38,frozen-checkpoint inference evaluation
B2,Vietnamese_Context_Evicted_100,VN_FINAL_ANS_041,answerable,42,None (frozen backbone + BM25 retriever),token_f1,0.0,False,True,False,False,False,12742.89,296.38,frozen-checkpoint inference evaluation
B2,Vietnamese_Context_Evicted_100,VN_FINAL_ANS_042,answerable,42,None (frozen backbone + BM25 retriever),token_f1,0.5714,False,True,False,False,False,13077.59,296.38,frozen-checkpoint inference evaluation
B2,Vietnamese_Context_Evicted_100,VN_FINAL_ANS_043,answerable,42,None (frozen backbone + BM25 retriever),token_f1,0.0,False,True,False,False,False,13321.71,296.38,frozen-checkpoint inference evaluation
B2,Vietnamese_Context_Evicted_100,VN_FINAL_ANS_044,answerable,42,None (frozen backbone + BM25 retriever),token_f1,0.0,False,True,False,False,False,12677.82,296.38,frozen-checkpoint inference evaluation
B2,Vietnamese_Context_Evicted_100,VN_FINAL_ANS_045,answerable,42,None (frozen backbone + BM25 retriever),token_f1,0.0,False,True,False,False,False,13128.74,296.38,frozen-checkpoint inference evaluation
B2,Vietnamese_Context_Evicted_100,VN_FINAL_ANS_046,answerable,42,None (frozen backbone + BM25 retriever),token_f1,0.0,False,True,False,False,False,12865.7,296.38,frozen-checkpoint inference evaluation
B2,Vietnamese_Context_Evicted_100,VN_FINAL_ANS_047,answerable,42,None (frozen backbone + BM25 retriever),token_f1,0.0,False,True,False,False,False,12845.13,296.38,frozen-checkpoint inference evaluation
B2,Vietnamese_Context_Evicted_100,VN_FINAL_ANS_048,answerable,42,None (frozen backbone + BM25 retriever),token_f1,0.0,False,True,False,False,False,12773.73,296.38,frozen-checkpoint inference evaluation
B2,Vietnamese_Context_Evicted_100,VN_FINAL_ANS_049,answerable,42,None (frozen backbone + BM25 retriever),token_f1,0.2667,False,True,False,False,False,13006.41,296.38,frozen-checkpoint inference evaluation
B2,Vietnamese_Context_Evicted_100,VN_FINAL_ANS_050,answerable,42,None (frozen backbone + BM25 retriever),token_f1,0.8,False,True,False,False,False,12712.92,296.38,frozen-checkpoint inference evaluation
B2,Vietnamese_Context_Evicted_100,VN_FINAL_UNANS_001,unanswerable,42,None (frozen backbone + BM25 retriever),token_f1,0.0,True,False,True,False,False,1.16,296.38,frozen-checkpoint inference evaluation
B2,Vietnamese_Context_Evicted_100,VN_FINAL_UNANS_002,unanswerable,42,None (frozen backbone + BM25 retriever),token_f1,0.0,False,False,False,False,True,13375.77,296.38,frozen-checkpoint inference evaluation
B2,Vietnamese_Context_Evicted_100,VN_FINAL_UNANS_003,unanswerable,42,None (frozen backbone + BM25 retriever),token_f1,0.0,True,False,True,False,False,2.94,296.38,frozen-checkpoint inference evaluation
B2,Vietnamese_Context_Evicted_100,VN_FINAL_UNANS_004,unanswerable,42,None (frozen backbone + BM25 retriever),token_f1,0.0,True,False,True,False,False,1.87,296.38,frozen-checkpoint inference evaluation
B2,Vietnamese_Context_Evicted_100,VN_FINAL_UNANS_005,unanswerable,42,None (frozen backbone + BM25 retriever),token_f1,0.0,True,False,True,False,False,1.59,296.38,frozen-checkpoint inference evaluation
B2,Vietnamese_Context_Evicted_100,VN_FINAL_UNANS_006,unanswerable,42,None (frozen backbone + BM25 retriever),token_f1,0.0,True,False,True,False,False,1.24,296.38,frozen-checkpoint inference evaluation
B2,Vietnamese_Context_Evicted_100,VN_FINAL_UNANS_007,unanswerable,42,None (frozen backbone + BM25 retriever),token_f1,0.0,False,True,False,False,True,13408.31,296.38,frozen-checkpoint inference evaluation
B2,Vietnamese_Context_Evicted_100,VN_FINAL_UNANS_008,unanswerable,42,None (frozen backbone + BM25 retriever),token_f1,0.0,True,False,True,False,False,1.35,296.38,frozen-checkpoint inference evaluation
B2,Vietnamese_Context_Evicted_100,VN_FINAL_UNANS_009,unanswerable,42,None (frozen backbone + BM25 retriever),token_f1,0.0,True,False,True,False,False,1.35,296.38,frozen-checkpoint inference evaluation
B2,Vietnamese_Context_Evicted_100,VN_FINAL_UNANS_010,unanswerable,42,None (frozen backbone + BM25 retriever),token_f1,0.0,True,False,True,False,False,1.22,296.38,frozen-checkpoint inference evaluation
B2,Vietnamese_Context_Evicted_100,VN_FINAL_UNANS_011,unanswerable,42,None (frozen backbone + BM25 retriever),token_f1,0.0,True,False,True,False,False,1.41,296.38,frozen-checkpoint inference evaluation
B2,Vietnamese_Context_Evicted_100,VN_FINAL_UNANS_012,unanswerable,42,None (frozen backbone + BM25 retriever),token_f1,0.0,True,False,True,False,False,1.75,296.38,frozen-checkpoint inference evaluation
B2,Vietnamese_Context_Evicted_100,VN_FINAL_UNANS_013,unanswerable,42,None (frozen backbone + BM25 retriever),token_f1,0.0,True,False,True,False,False,1.59,296.38,frozen-checkpoint inference evaluation
B2,Vietnamese_Context_Evicted_100,VN_FINAL_UNANS_014,unanswerable,42,None (frozen backbone + BM25 retriever),token_f1,0.0,True,False,True,False,False,1.36,296.38,frozen-checkpoint inference evaluation
B2,Vietnamese_Context_Evicted_100,VN_FINAL_UNANS_015,unanswerable,42,None (frozen backbone + BM25 retriever),token_f1,0.0,False,False,False,False,True,12859.0,296.38,frozen-checkpoint inference evaluation
B2,Vietnamese_Context_Evicted_100,VN_FINAL_UNANS_016,unanswerable,42,None (frozen backbone + BM25 retriever),token_f1,0.0,True,False,True,False,False,1.45,296.38,frozen-checkpoint inference evaluation
B2,Vietnamese_Context_Evicted_100,VN_FINAL_UNANS_017,unanswerable,42,None (frozen backbone + BM25 retriever),token_f1,0.0,False,False,False,False,True,12722.3,296.38,frozen-checkpoint inference evaluation
B2,Vietnamese_Context_Evicted_100,VN_FINAL_UNANS_018,unanswerable,42,None (frozen backbone + BM25 retriever),token_f1,0.0,False,True,False,False,True,13178.32,296.38,frozen-checkpoint inference evaluation
B2,Vietnamese_Context_Evicted_100,VN_FINAL_UNANS_019,unanswerable,42,None (frozen backbone + BM25 retriever),token_f1,0.0,True,False,True,False,False,1.91,296.38,frozen-checkpoint inference evaluation
B2,Vietnamese_Context_Evicted_100,VN_FINAL_UNANS_020,unanswerable,42,None (frozen backbone + BM25 retriever),token_f1,0.0,True,False,True,False,False,1.44,296.38,frozen-checkpoint inference evaluation
B2,Vietnamese_Context_Evicted_100,VN_FINAL_UNANS_021,unanswerable,42,None (frozen backbone + BM25 retriever),token_f1,0.0,True,False,True,False,False,1.37,296.38,frozen-checkpoint inference evaluation
B2,Vietnamese_Context_Evicted_100,VN_FINAL_UNANS_022,unanswerable,42,None (frozen backbone + BM25 retriever),token_f1,0.0,True,False,True,False,False,1.44,296.38,frozen-checkpoint inference evaluation
B2,Vietnamese_Context_Evicted_100,VN_FINAL_UNANS_023,unanswerable,42,None (frozen backbone + BM25 retriever),token_f1,0.0,True,False,True,False,False,0.96,296.38,frozen-checkpoint inference evaluation
B2,Vietnamese_Context_Evicted_100,VN_FINAL_UNANS_024,unanswerable,42,None (frozen backbone + BM25 retriever),token_f1,0.0,False,True,False,False,True,13618.78,296.38,frozen-checkpoint inference evaluation
B2,Vietnamese_Context_Evicted_100,VN_FINAL_UNANS_025,unanswerable,42,None (frozen backbone + BM25 retriever),token_f1,0.0,True,False,True,False,False,1.28,296.38,frozen-checkpoint inference evaluation
B2,Vietnamese_Context_Evicted_100,VN_FINAL_INSUFF_001,insufficient_evidence,42,None (frozen backbone + BM25 retriever),token_f1,0.0,True,False,True,False,False,1.39,296.38,frozen-checkpoint inference evaluation
B2,Vietnamese_Context_Evicted_100,VN_FINAL_INSUFF_002,insufficient_evidence,42,None (frozen backbone + BM25 retriever),token_f1,0.0,False,True,False,False,True,13169.35,296.38,frozen-checkpoint inference evaluation
B2,Vietnamese_Context_Evicted_100,VN_FINAL_INSUFF_003,insufficient_evidence,42,None (frozen backbone + BM25 retriever),token_f1,0.0,True,False,True,False,False,1.76,296.38,frozen-checkpoint inference evaluation
B2,Vietnamese_Context_Evicted_100,VN_FINAL_INSUFF_004,insufficient_evidence,42,None (frozen backbone + BM25 retriever),token_f1,0.0,True,False,True,False,False,1.55,296.38,frozen-checkpoint inference evaluation
B2,Vietnamese_Context_Evicted_100,VN_FINAL_INSUFF_005,insufficient_evidence,42,None (frozen backbone + BM25 retriever),token_f1,0.0,False,True,False,False,True,13198.65,296.38,frozen-checkpoint inference evaluation
B2,Vietnamese_Context_Evicted_100,VN_FINAL_INSUFF_006,insufficient_evidence,42,None (frozen backbone + BM25 retriever),token_f1,0.0,True,False,True,False,False,2.1,296.38,frozen-checkpoint inference evaluation
B2,Vietnamese_Context_Evicted_100,VN_FINAL_INSUFF_007,insufficient_evidence,42,None (frozen backbone + BM25 retriever),token_f1,0.0,True,False,True,False,False,1.58,296.38,frozen-checkpoint inference evaluation
B2,Vietnamese_Context_Evicted_100,VN_FINAL_INSUFF_008,insufficient_evidence,42,None (frozen backbone + BM25 retriever),token_f1,0.0,False,False,False,False,True,13317.71,296.38,frozen-checkpoint inference evaluation
B2,Vietnamese_Context_Evicted_100,VN_FINAL_INSUFF_009,insufficient_evidence,42,None (frozen backbone + BM25 retriever),token_f1,0.0,True,False,True,False,False,1.49,296.38,frozen-checkpoint inference evaluation
B2,Vietnamese_Context_Evicted_100,VN_FINAL_INSUFF_010,insufficient_evidence,42,None (frozen backbone + BM25 retriever),token_f1,0.0,False,True,False,False,True,13011.33,296.38,frozen-checkpoint inference evaluation
B2,Vietnamese_Context_Evicted_100,VN_FINAL_INSUFF_011,insufficient_evidence,42,None (frozen backbone + BM25 retriever),token_f1,0.0,True,False,True,False,False,1.23,296.38,frozen-checkpoint inference evaluation
B2,Vietnamese_Context_Evicted_100,VN_FINAL_INSUFF_012,insufficient_evidence,42,None (frozen backbone + BM25 retriever),token_f1,0.0,True,False,True,False,False,1.51,296.38,frozen-checkpoint inference evaluation
B2,Vietnamese_Context_Evicted_100,VN_FINAL_INSUFF_013,insufficient_evidence,42,None (frozen backbone + BM25 retriever),token_f1,0.0,True,False,True,False,False,1.03,296.38,frozen-checkpoint inference evaluation
B2,Vietnamese_Context_Evicted_100,VN_FINAL_INSUFF_014,insufficient_evidence,42,None (frozen backbone + BM25 retriever),token_f1,0.0,False,True,False,False,True,13802.11,296.38,frozen-checkpoint inference evaluation
B2,Vietnamese_Context_Evicted_100,VN_FINAL_INSUFF_015,insufficient_evidence,42,None (frozen backbone + BM25 retriever),token_f1,0.0,True,False,True,False,False,1.7,296.38,frozen-checkpoint inference evaluation
B2,Vietnamese_Context_Evicted_100,VN_FINAL_INSUFF_016,insufficient_evidence,42,None (frozen backbone + BM25 retriever),token_f1,0.0,True,False,True,False,False,1.5,296.38,frozen-checkpoint inference evaluation
B2,Vietnamese_Context_Evicted_100,VN_FINAL_INSUFF_017,insufficient_evidence,42,None (frozen backbone + BM25 retriever),token_f1,0.0,True,False,True,False,False,1.75,296.38,frozen-checkpoint inference evaluation
B2,Vietnamese_Context_Evicted_100,VN_FINAL_INSUFF_018,insufficient_evidence,42,None (frozen backbone + BM25 retriever),token_f1,0.0,False,True,False,False,True,14506.34,296.38,frozen-checkpoint inference evaluation
B2,Vietnamese_Context_Evicted_100,VN_FINAL_INSUFF_019,insufficient_evidence,42,None (frozen backbone + BM25 retriever),token_f1,0.0,True,False,True,False,False,1.65,296.38,frozen-checkpoint inference evaluation
B2,Vietnamese_Context_Evicted_100,VN_FINAL_INSUFF_020,insufficient_evidence,42,None (frozen backbone + BM25 retriever),token_f1,0.0,True,False,True,False,False,1.28,296.38,frozen-checkpoint inference evaluation
B2,Vietnamese_Context_Evicted_100,VN_FINAL_INSUFF_021,insufficient_evidence,42,None (frozen backbone + BM25 retriever),token_f1,0.0,True,False,True,False,False,1.33,296.38,frozen-checkpoint inference evaluation
B2,Vietnamese_Context_Evicted_100,VN_FINAL_INSUFF_022,insufficient_evidence,42,None (frozen backbone + BM25 retriever),token_f1,0.0,True,False,True,False,False,1.93,296.38,frozen-checkpoint inference evaluation
B2,Vietnamese_Context_Evicted_100,VN_FINAL_INSUFF_023,insufficient_evidence,42,None (frozen backbone + BM25 retriever),token_f1,0.0,True,False,True,False,False,1.68,296.38,frozen-checkpoint inference evaluation
B2,Vietnamese_Context_Evicted_100,VN_FINAL_INSUFF_024,insufficient_evidence,42,None (frozen backbone + BM25 retriever),token_f1,0.0,True,False,True,False,False,1.74,296.38,frozen-checkpoint inference evaluation
B2,Vietnamese_Context_Evicted_100,VN_FINAL_INSUFF_025,insufficient_evidence,42,None (frozen backbone + BM25 retriever),token_f1,0.0,True,False,True,False,False,1.21,296.38,frozen-checkpoint inference evaluation
B5,Vietnamese_Context_Evicted_100,VN_FINAL_ANS_001,answerable,42,checkpoints/phase4_1/cms_3lvl_seed_42.pt,token_f1,0.0,False,False,False,False,False,3958.69,361.22,frozen-checkpoint inference evaluation
B5,Vietnamese_Context_Evicted_100,VN_FINAL_ANS_002,answerable,42,checkpoints/phase4_1/cms_3lvl_seed_42.pt,token_f1,0.3333,False,False,False,False,False,4822.98,361.22,frozen-checkpoint inference evaluation
B5,Vietnamese_Context_Evicted_100,VN_FINAL_ANS_003,answerable,42,checkpoints/phase4_1/cms_3lvl_seed_42.pt,token_f1,0.0,False,False,False,False,False,4783.97,361.22,frozen-checkpoint inference evaluation
B5,Vietnamese_Context_Evicted_100,VN_FINAL_ANS_004,answerable,42,checkpoints/phase4_1/cms_3lvl_seed_42.pt,token_f1,0.0,False,False,False,False,False,4751.37,361.22,frozen-checkpoint inference evaluation
B5,Vietnamese_Context_Evicted_100,VN_FINAL_ANS_005,answerable,42,checkpoints/phase4_1/cms_3lvl_seed_42.pt,token_f1,0.0,False,False,False,False,False,4720.01,361.22,frozen-checkpoint inference evaluation
B5,Vietnamese_Context_Evicted_100,VN_FINAL_ANS_006,answerable,42,checkpoints/phase4_1/cms_3lvl_seed_42.pt,token_f1,0.25,False,False,False,False,False,4142.1,361.22,frozen-checkpoint inference evaluation
B5,Vietnamese_Context_Evicted_100,VN_FINAL_ANS_007,answerable,42,checkpoints/phase4_1/cms_3lvl_seed_42.pt,token_f1,0.0,False,False,False,False,False,3989.01,361.22,frozen-checkpoint inference evaluation
B5,Vietnamese_Context_Evicted_100,VN_FINAL_ANS_008,answerable,42,checkpoints/phase4_1/cms_3lvl_seed_42.pt,token_f1,0.0,False,False,False,False,False,4722.92,361.22,frozen-checkpoint inference evaluation
B5,Vietnamese_Context_Evicted_100,VN_FINAL_ANS_009,answerable,42,checkpoints/phase4_1/cms_3lvl_seed_42.pt,token_f1,0.0,False,False,False,False,False,4824.19,361.22,frozen-checkpoint inference evaluation
B5,Vietnamese_Context_Evicted_100,VN_FINAL_ANS_010,answerable,42,checkpoints/phase4_1/cms_3lvl_seed_42.pt,token_f1,0.0,False,False,False,False,False,4771.19,361.22,frozen-checkpoint inference evaluation
B5,Vietnamese_Context_Evicted_100,VN_FINAL_ANS_011,answerable,42,checkpoints/phase4_1/cms_3lvl_seed_42.pt,token_f1,0.0,False,False,False,False,False,4870.86,361.22,frozen-checkpoint inference evaluation
B5,Vietnamese_Context_Evicted_100,VN_FINAL_ANS_012,answerable,42,checkpoints/phase4_1/cms_3lvl_seed_42.pt,token_f1,0.0,False,False,False,False,False,4701.86,361.22,frozen-checkpoint inference evaluation
B5,Vietnamese_Context_Evicted_100,VN_FINAL_ANS_013,answerable,42,checkpoints/phase4_1/cms_3lvl_seed_42.pt,token_f1,0.0,False,False,False,False,False,4776.81,361.22,frozen-checkpoint inference evaluation
B5,Vietnamese_Context_Evicted_100,VN_FINAL_ANS_014,answerable,42,checkpoints/phase4_1/cms_3lvl_seed_42.pt,token_f1,0.1333,False,False,False,False,False,4815.09,361.22,frozen-checkpoint inference evaluation
B5,Vietnamese_Context_Evicted_100,VN_FINAL_ANS_015,answerable,42,checkpoints/phase4_1/cms_3lvl_seed_42.pt,token_f1,0.1,False,False,False,False,False,4741.38,361.22,frozen-checkpoint inference evaluation
B5,Vietnamese_Context_Evicted_100,VN_FINAL_ANS_016,answerable,42,checkpoints/phase4_1/cms_3lvl_seed_42.pt,token_f1,0.0,False,False,False,False,False,4063.35,361.22,frozen-checkpoint inference evaluation
B5,Vietnamese_Context_Evicted_100,VN_FINAL_ANS_017,answerable,42,checkpoints/phase4_1/cms_3lvl_seed_42.pt,token_f1,0.3333,False,False,False,False,False,4822.21,361.22,frozen-checkpoint inference evaluation
B5,Vietnamese_Context_Evicted_100,VN_FINAL_ANS_018,answerable,42,checkpoints/phase4_1/cms_3lvl_seed_42.pt,token_f1,0.0,False,False,False,False,False,4781.97,361.22,frozen-checkpoint inference evaluation
B5,Vietnamese_Context_Evicted_100,VN_FINAL_ANS_019,answerable,42,checkpoints/phase4_1/cms_3lvl_seed_42.pt,token_f1,0.0,False,False,False,False,False,4750.87,361.22,frozen-checkpoint inference evaluation
B5,Vietnamese_Context_Evicted_100,VN_FINAL_ANS_020,answerable,42,checkpoints/phase4_1/cms_3lvl_seed_42.pt,token_f1,0.0,False,False,False,False,False,4716.15,361.22,frozen-checkpoint inference evaluation
B5,Vietnamese_Context_Evicted_100,VN_FINAL_ANS_021,answerable,42,checkpoints/phase4_1/cms_3lvl_seed_42.pt,token_f1,0.25,False,False,False,False,False,4142.58,361.22,frozen-checkpoint inference evaluation
B5,Vietnamese_Context_Evicted_100,VN_FINAL_ANS_022,answerable,42,checkpoints/phase4_1/cms_3lvl_seed_42.pt,token_f1,0.0,False,False,False,False,False,3982.99,361.22,frozen-checkpoint inference evaluation
B5,Vietnamese_Context_Evicted_100,VN_FINAL_ANS_023,answerable,42,checkpoints/phase4_1/cms_3lvl_seed_42.pt,token_f1,0.0,False,False,False,False,False,4717.93,361.22,frozen-checkpoint inference evaluation
B5,Vietnamese_Context_Evicted_100,VN_FINAL_ANS_024,answerable,42,checkpoints/phase4_1/cms_3lvl_seed_42.pt,token_f1,0.0,False,False,False,False,False,4824.08,361.22,frozen-checkpoint inference evaluation
B5,Vietnamese_Context_Evicted_100,VN_FINAL_ANS_025,answerable,42,checkpoints/phase4_1/cms_3lvl_seed_42.pt,token_f1,0.0,False,False,False,False,False,4766.61,361.22,frozen-checkpoint inference evaluation
B5,Vietnamese_Context_Evicted_100,VN_FINAL_ANS_026,answerable,42,checkpoints/phase4_1/cms_3lvl_seed_42.pt,token_f1,0.0,False,False,False,False,False,4868.83,361.22,frozen-checkpoint inference evaluation
B5,Vietnamese_Context_Evicted_100,VN_FINAL_ANS_027,answerable,42,checkpoints/phase4_1/cms_3lvl_seed_42.pt,token_f1,0.0,False,False,False,False,False,4701.77,361.22,frozen-checkpoint inference evaluation
B5,Vietnamese_Context_Evicted_100,VN_FINAL_ANS_028,answerable,42,checkpoints/phase4_1/cms_3lvl_seed_42.pt,token_f1,0.0,False,False,False,False,False,4778.77,361.22,frozen-checkpoint inference evaluation
B5,Vietnamese_Context_Evicted_100,VN_FINAL_ANS_029,answerable,42,checkpoints/phase4_1/cms_3lvl_seed_42.pt,token_f1,0.1333,False,False,False,False,False,4815.87,361.22,frozen-checkpoint inference evaluation
B5,Vietnamese_Context_Evicted_100,VN_FINAL_ANS_030,answerable,42,checkpoints/phase4_1/cms_3lvl_seed_42.pt,token_f1,0.1,False,False,False,False,False,4739.35,361.22,frozen-checkpoint inference evaluation
B5,Vietnamese_Context_Evicted_100,VN_FINAL_ANS_031,answerable,42,checkpoints/phase4_1/cms_3lvl_seed_42.pt,token_f1,0.0,False,False,False,False,False,4062.4,361.22,frozen-checkpoint inference evaluation
B5,Vietnamese_Context_Evicted_100,VN_FINAL_ANS_032,answerable,42,checkpoints/phase4_1/cms_3lvl_seed_42.pt,token_f1,0.3333,False,False,False,False,False,4824.13,361.22,frozen-checkpoint inference evaluation
B5,Vietnamese_Context_Evicted_100,VN_FINAL_ANS_033,answerable,42,checkpoints/phase4_1/cms_3lvl_seed_42.pt,token_f1,0.0,False,False,False,False,False,4784.17,361.22,frozen-checkpoint inference evaluation
B5,Vietnamese_Context_Evicted_100,VN_FINAL_ANS_034,answerable,42,checkpoints/phase4_1/cms_3lvl_seed_42.pt,token_f1,0.0,False,False,False,False,False,4756.25,361.22,frozen-checkpoint inference evaluation
B5,Vietnamese_Context_Evicted_100,VN_FINAL_ANS_035,answerable,42,checkpoints/phase4_1/cms_3lvl_seed_42.pt,token_f1,0.0,False,False,False,False,False,4717.26,361.22,frozen-checkpoint inference evaluation
B5,Vietnamese_Context_Evicted_100,VN_FINAL_ANS_036,answerable,42,checkpoints/phase4_1/cms_3lvl_seed_42.pt,token_f1,0.25,False,False,False,False,False,4143.05,361.22,frozen-checkpoint inference evaluation
B5,Vietnamese_Context_Evicted_100,VN_FINAL_ANS_037,answerable,42,checkpoints/phase4_1/cms_3lvl_seed_42.pt,token_f1,0.0,False,False,False,False,False,3981.84,361.22,frozen-checkpoint inference evaluation
B5,Vietnamese_Context_Evicted_100,VN_FINAL_ANS_038,answerable,42,checkpoints/phase4_1/cms_3lvl_seed_42.pt,token_f1,0.0,False,False,False,False,False,4720.71,361.22,frozen-checkpoint inference evaluation
B5,Vietnamese_Context_Evicted_100,VN_FINAL_ANS_039,answerable,42,checkpoints/phase4_1/cms_3lvl_seed_42.pt,token_f1,0.0,False,False,False,False,False,4821.35,361.22,frozen-checkpoint inference evaluation
B5,Vietnamese_Context_Evicted_100,VN_FINAL_ANS_040,answerable,42,checkpoints/phase4_1/cms_3lvl_seed_42.pt,token_f1,0.0,False,False,False,False,False,4765.26,361.22,frozen-checkpoint inference evaluation
B5,Vietnamese_Context_Evicted_100,VN_FINAL_ANS_041,answerable,42,checkpoints/phase4_1/cms_3lvl_seed_42.pt,token_f1,0.0,False,False,False,False,False,4869.51,361.22,frozen-checkpoint inference evaluation
B5,Vietnamese_Context_Evicted_100,VN_FINAL_ANS_042,answerable,42,checkpoints/phase4_1/cms_3lvl_seed_42.pt,token_f1,0.0,False,False,False,False,False,4701.37,361.22,frozen-checkpoint inference evaluation
B5,Vietnamese_Context_Evicted_100,VN_FINAL_ANS_043,answerable,42,checkpoints/phase4_1/cms_3lvl_seed_42.pt,token_f1,0.0,False,False,False,False,False,4771.61,361.22,frozen-checkpoint inference evaluation
B5,Vietnamese_Context_Evicted_100,VN_FINAL_ANS_044,answerable,42,checkpoints/phase4_1/cms_3lvl_seed_42.pt,token_f1,0.1333,False,False,False,False,False,4814.67,361.22,frozen-checkpoint inference evaluation
B5,Vietnamese_Context_Evicted_100,VN_FINAL_ANS_045,answerable,42,checkpoints/phase4_1/cms_3lvl_seed_42.pt,token_f1,0.1,False,False,False,False,False,4742.79,361.22,frozen-checkpoint inference evaluation
B5,Vietnamese_Context_Evicted_100,VN_FINAL_ANS_046,answerable,42,checkpoints/phase4_1/cms_3lvl_seed_42.pt,token_f1,0.0,False,False,False,False,False,4061.97,361.22,frozen-checkpoint inference evaluation
B5,Vietnamese_Context_Evicted_100,VN_FINAL_ANS_047,answerable,42,checkpoints/phase4_1/cms_3lvl_seed_42.pt,token_f1,0.3333,False,False,False,False,False,4825.4,361.22,frozen-checkpoint inference evaluation
B5,Vietnamese_Context_Evicted_100,VN_FINAL_ANS_048,answerable,42,checkpoints/phase4_1/cms_3lvl_seed_42.pt,token_f1,0.0,False,False,False,False,False,4783.36,361.22,frozen-checkpoint inference evaluation
B5,Vietnamese_Context_Evicted_100,VN_FINAL_ANS_049,answerable,42,checkpoints/phase4_1/cms_3lvl_seed_42.pt,token_f1,0.0,False,False,False,False,False,4756.42,361.22,frozen-checkpoint inference evaluation
B5,Vietnamese_Context_Evicted_100,VN_FINAL_ANS_050,answerable,42,checkpoints/phase4_1/cms_3lvl_seed_42.pt,token_f1,0.0,False,False,False,False,False,4729.17,361.22,frozen-checkpoint inference evaluation
B5,Vietnamese_Context_Evicted_100,VN_FINAL_UNANS_001,unanswerable,42,checkpoints/phase4_1/cms_3lvl_seed_42.pt,token_f1,0.0,False,False,False,False,True,4377.99,361.22,frozen-checkpoint inference evaluation
B5,Vietnamese_Context_Evicted_100,VN_FINAL_UNANS_002,unanswerable,42,checkpoints/phase4_1/cms_3lvl_seed_42.pt,token_f1,0.0,False,False,False,False,True,4845.53,361.22,frozen-checkpoint inference evaluation
B5,Vietnamese_Context_Evicted_100,VN_FINAL_UNANS_003,unanswerable,42,checkpoints/phase4_1/cms_3lvl_seed_42.pt,token_f1,0.0,False,False,False,False,True,4796.98,361.22,frozen-checkpoint inference evaluation
B5,Vietnamese_Context_Evicted_100,VN_FINAL_UNANS_004,unanswerable,42,checkpoints/phase4_1/cms_3lvl_seed_42.pt,token_f1,0.0,False,False,False,False,True,4631.27,361.22,frozen-checkpoint inference evaluation
B5,Vietnamese_Context_Evicted_100,VN_FINAL_UNANS_005,unanswerable,42,checkpoints/phase4_1/cms_3lvl_seed_42.pt,token_f1,0.0,False,False,False,False,True,4555.4,361.22,frozen-checkpoint inference evaluation
B5,Vietnamese_Context_Evicted_100,VN_FINAL_UNANS_006,unanswerable,42,checkpoints/phase4_1/cms_3lvl_seed_42.pt,token_f1,0.0,False,False,False,False,True,3985.34,361.22,frozen-checkpoint inference evaluation
B5,Vietnamese_Context_Evicted_100,VN_FINAL_UNANS_007,unanswerable,42,checkpoints/phase4_1/cms_3lvl_seed_42.pt,token_f1,0.0,False,False,False,False,True,4021.67,361.22,frozen-checkpoint inference evaluation
B5,Vietnamese_Context_Evicted_100,VN_FINAL_UNANS_008,unanswerable,42,checkpoints/phase4_1/cms_3lvl_seed_42.pt,token_f1,0.0,False,False,False,False,True,4479.28,361.22,frozen-checkpoint inference evaluation
B5,Vietnamese_Context_Evicted_100,VN_FINAL_UNANS_009,unanswerable,42,checkpoints/phase4_1/cms_3lvl_seed_42.pt,token_f1,0.0,False,False,False,False,True,4398.09,361.22,frozen-checkpoint inference evaluation
B5,Vietnamese_Context_Evicted_100,VN_FINAL_UNANS_010,unanswerable,42,checkpoints/phase4_1/cms_3lvl_seed_42.pt,token_f1,0.0,False,False,False,False,True,4750.24,361.22,frozen-checkpoint inference evaluation
B5,Vietnamese_Context_Evicted_100,VN_FINAL_UNANS_011,unanswerable,42,checkpoints/phase4_1/cms_3lvl_seed_42.pt,token_f1,0.0,False,False,False,False,True,4709.09,361.22,frozen-checkpoint inference evaluation
B5,Vietnamese_Context_Evicted_100,VN_FINAL_UNANS_012,unanswerable,42,checkpoints/phase4_1/cms_3lvl_seed_42.pt,token_f1,0.0,False,False,False,False,True,4451.78,361.22,frozen-checkpoint inference evaluation
B5,Vietnamese_Context_Evicted_100,VN_FINAL_UNANS_013,unanswerable,42,checkpoints/phase4_1/cms_3lvl_seed_42.pt,token_f1,0.0,False,False,False,False,True,4720.2,361.22,frozen-checkpoint inference evaluation
B5,Vietnamese_Context_Evicted_100,VN_FINAL_UNANS_014,unanswerable,42,checkpoints/phase4_1/cms_3lvl_seed_42.pt,token_f1,0.0,False,False,False,False,True,4746.3,361.22,frozen-checkpoint inference evaluation
B5,Vietnamese_Context_Evicted_100,VN_FINAL_UNANS_015,unanswerable,42,checkpoints/phase4_1/cms_3lvl_seed_42.pt,token_f1,0.0,False,False,False,False,True,4795.29,361.22,frozen-checkpoint inference evaluation
B5,Vietnamese_Context_Evicted_100,VN_FINAL_UNANS_016,unanswerable,42,checkpoints/phase4_1/cms_3lvl_seed_42.pt,token_f1,0.0,False,False,False,False,True,4814.39,361.22,frozen-checkpoint inference evaluation
B5,Vietnamese_Context_Evicted_100,VN_FINAL_UNANS_017,unanswerable,42,checkpoints/phase4_1/cms_3lvl_seed_42.pt,token_f1,0.0,False,False,False,False,True,4370.94,361.22,frozen-checkpoint inference evaluation
B5,Vietnamese_Context_Evicted_100,VN_FINAL_UNANS_018,unanswerable,42,checkpoints/phase4_1/cms_3lvl_seed_42.pt,token_f1,0.0,False,False,False,False,True,4720.16,361.22,frozen-checkpoint inference evaluation
B5,Vietnamese_Context_Evicted_100,VN_FINAL_UNANS_019,unanswerable,42,checkpoints/phase4_1/cms_3lvl_seed_42.pt,token_f1,0.0,False,False,False,False,True,4860.4,361.22,frozen-checkpoint inference evaluation
B5,Vietnamese_Context_Evicted_100,VN_FINAL_UNANS_020,unanswerable,42,checkpoints/phase4_1/cms_3lvl_seed_42.pt,token_f1,0.0,False,False,False,False,True,4620.19,361.22,frozen-checkpoint inference evaluation
B5,Vietnamese_Context_Evicted_100,VN_FINAL_UNANS_021,unanswerable,42,checkpoints/phase4_1/cms_3lvl_seed_42.pt,token_f1,0.0,False,False,False,False,True,4703.26,361.22,frozen-checkpoint inference evaluation
B5,Vietnamese_Context_Evicted_100,VN_FINAL_UNANS_022,unanswerable,42,checkpoints/phase4_1/cms_3lvl_seed_42.pt,token_f1,0.0,False,False,False,False,True,4662.59,361.22,frozen-checkpoint inference evaluation
B5,Vietnamese_Context_Evicted_100,VN_FINAL_UNANS_023,unanswerable,42,checkpoints/phase4_1/cms_3lvl_seed_42.pt,token_f1,0.0,False,False,False,False,True,4243.36,361.22,frozen-checkpoint inference evaluation
B5,Vietnamese_Context_Evicted_100,VN_FINAL_UNANS_024,unanswerable,42,checkpoints/phase4_1/cms_3lvl_seed_42.pt,token_f1,0.0,False,False,False,False,True,4654.4,361.22,frozen-checkpoint inference evaluation
B5,Vietnamese_Context_Evicted_100,VN_FINAL_UNANS_025,unanswerable,42,checkpoints/phase4_1/cms_3lvl_seed_42.pt,token_f1,0.0,False,False,False,False,True,4771.91,361.22,frozen-checkpoint inference evaluation
B5,Vietnamese_Context_Evicted_100,VN_FINAL_INSUFF_001,insufficient_evidence,42,checkpoints/phase4_1/cms_3lvl_seed_42.pt,token_f1,0.0,False,False,False,False,True,4702.44,361.22,frozen-checkpoint inference evaluation
B5,Vietnamese_Context_Evicted_100,VN_FINAL_INSUFF_002,insufficient_evidence,42,checkpoints/phase4_1/cms_3lvl_seed_42.pt,token_f1,0.0,False,False,False,False,True,4766.44,361.22,frozen-checkpoint inference evaluation
B5,Vietnamese_Context_Evicted_100,VN_FINAL_INSUFF_003,insufficient_evidence,42,checkpoints/phase4_1/cms_3lvl_seed_42.pt,token_f1,0.0,False,False,False,False,True,4772.23,361.22,frozen-checkpoint inference evaluation
B5,Vietnamese_Context_Evicted_100,VN_FINAL_INSUFF_004,insufficient_evidence,42,checkpoints/phase4_1/cms_3lvl_seed_42.pt,token_f1,0.0,False,False,False,False,True,4845.81,361.22,frozen-checkpoint inference evaluation
B5,Vietnamese_Context_Evicted_100,VN_FINAL_INSUFF_005,insufficient_evidence,42,checkpoints/phase4_1/cms_3lvl_seed_42.pt,token_f1,0.0,False,False,False,False,True,4784.81,361.22,frozen-checkpoint inference evaluation
B5,Vietnamese_Context_Evicted_100,VN_FINAL_INSUFF_006,insufficient_evidence,42,checkpoints/phase4_1/cms_3lvl_seed_42.pt,token_f1,0.0,False,False,False,False,True,4836.76,361.22,frozen-checkpoint inference evaluation
B5,Vietnamese_Context_Evicted_100,VN_FINAL_INSUFF_007,insufficient_evidence,42,checkpoints/phase4_1/cms_3lvl_seed_42.pt,token_f1,0.0,False,False,False,False,True,4807.15,361.22,frozen-checkpoint inference evaluation
B5,Vietnamese_Context_Evicted_100,VN_FINAL_INSUFF_008,insufficient_evidence,42,checkpoints/phase4_1/cms_3lvl_seed_42.pt,token_f1,0.0,False,False,False,False,True,4846.64,361.22,frozen-checkpoint inference evaluation
B5,Vietnamese_Context_Evicted_100,VN_FINAL_INSUFF_009,insufficient_evidence,42,checkpoints/phase4_1/cms_3lvl_seed_42.pt,token_f1,0.0,False,False,False,False,True,4800.76,361.22,frozen-checkpoint inference evaluation
B5,Vietnamese_Context_Evicted_100,VN_FINAL_INSUFF_010,insufficient_evidence,42,checkpoints/phase4_1/cms_3lvl_seed_42.pt,token_f1,0.0,False,False,False,False,True,4836.71,361.22,frozen-checkpoint inference evaluation
B5,Vietnamese_Context_Evicted_100,VN_FINAL_INSUFF_011,insufficient_evidence,42,checkpoints/phase4_1/cms_3lvl_seed_42.pt,token_f1,0.0,False,False,False,False,True,4796.65,361.22,frozen-checkpoint inference evaluation
B5,Vietnamese_Context_Evicted_100,VN_FINAL_INSUFF_012,insufficient_evidence,42,checkpoints/phase4_1/cms_3lvl_seed_42.pt,token_f1,0.0,False,False,False,False,True,4893.4,361.22,frozen-checkpoint inference evaluation
B5,Vietnamese_Context_Evicted_100,VN_FINAL_INSUFF_013,insufficient_evidence,42,checkpoints/phase4_1/cms_3lvl_seed_42.pt,token_f1,0.0,False,False,False,False,True,4708.72,361.22,frozen-checkpoint inference evaluation
B5,Vietnamese_Context_Evicted_100,VN_FINAL_INSUFF_014,insufficient_evidence,42,checkpoints/phase4_1/cms_3lvl_seed_42.pt,token_f1,0.0,False,False,False,False,True,4766.6,361.22,frozen-checkpoint inference evaluation
B5,Vietnamese_Context_Evicted_100,VN_FINAL_INSUFF_015,insufficient_evidence,42,checkpoints/phase4_1/cms_3lvl_seed_42.pt,token_f1,0.0,False,False,False,False,True,4767.33,361.22,frozen-checkpoint inference evaluation
B5,Vietnamese_Context_Evicted_100,VN_FINAL_INSUFF_016,insufficient_evidence,42,checkpoints/phase4_1/cms_3lvl_seed_42.pt,token_f1,0.0,False,False,False,False,True,4762.2,361.22,frozen-checkpoint inference evaluation
B5,Vietnamese_Context_Evicted_100,VN_FINAL_INSUFF_017,insufficient_evidence,42,checkpoints/phase4_1/cms_3lvl_seed_42.pt,token_f1,0.0,False,False,False,False,True,4784.15,361.22,frozen-checkpoint inference evaluation
B5,Vietnamese_Context_Evicted_100,VN_FINAL_INSUFF_018,insufficient_evidence,42,checkpoints/phase4_1/cms_3lvl_seed_42.pt,token_f1,0.0,False,False,False,False,True,4822.36,361.22,frozen-checkpoint inference evaluation
B5,Vietnamese_Context_Evicted_100,VN_FINAL_INSUFF_019,insufficient_evidence,42,checkpoints/phase4_1/cms_3lvl_seed_42.pt,token_f1,0.0,False,False,False,False,True,4782.06,361.22,frozen-checkpoint inference evaluation
B5,Vietnamese_Context_Evicted_100,VN_FINAL_INSUFF_020,insufficient_evidence,42,checkpoints/phase4_1/cms_3lvl_seed_42.pt,token_f1,0.0,False,False,False,False,True,4663.66,361.22,frozen-checkpoint inference evaluation
B5,Vietnamese_Context_Evicted_100,VN_FINAL_INSUFF_021,insufficient_evidence,42,checkpoints/phase4_1/cms_3lvl_seed_42.pt,token_f1,0.0,False,False,False,False,True,4783.02,361.22,frozen-checkpoint inference evaluation
B5,Vietnamese_Context_Evicted_100,VN_FINAL_INSUFF_022,insufficient_evidence,42,checkpoints/phase4_1/cms_3lvl_seed_42.pt,token_f1,0.0,False,False,False,False,True,4823.98,361.22,frozen-checkpoint inference evaluation
B5,Vietnamese_Context_Evicted_100,VN_FINAL_INSUFF_023,insufficient_evidence,42,checkpoints/phase4_1/cms_3lvl_seed_42.pt,token_f1,0.0,False,False,False,False,True,4782.97,361.22,frozen-checkpoint inference evaluation
B5,Vietnamese_Context_Evicted_100,VN_FINAL_INSUFF_024,insufficient_evidence,42,checkpoints/phase4_1/cms_3lvl_seed_42.pt,token_f1,0.0,False,False,False,False,True,4797.24,361.22,frozen-checkpoint inference evaluation
B5,Vietnamese_Context_Evicted_100,VN_FINAL_INSUFF_025,insufficient_evidence,42,checkpoints/phase4_1/cms_3lvl_seed_42.pt,token_f1,0.0,False,False,False,False,True,4784.99,361.22,frozen-checkpoint inference evaluation
P1,Vietnamese_Context_Evicted_100,VN_FINAL_ANS_001,answerable,42,checkpoints/phase4_1/cms_3lvl_seed_42.pt,token_f1,0.0,False,False,False,False,False,3956.33,361.22,frozen-checkpoint inference evaluation
P1,Vietnamese_Context_Evicted_100,VN_FINAL_ANS_002,answerable,42,checkpoints/phase4_1/cms_3lvl_seed_42.pt,token_f1,0.3333,False,False,False,False,False,4817.76,361.22,frozen-checkpoint inference evaluation
P1,Vietnamese_Context_Evicted_100,VN_FINAL_ANS_003,answerable,42,checkpoints/phase4_1/cms_3lvl_seed_42.pt,token_f1,0.0,False,False,False,False,False,4786.56,361.22,frozen-checkpoint inference evaluation
P1,Vietnamese_Context_Evicted_100,VN_FINAL_ANS_004,answerable,42,checkpoints/phase4_1/cms_3lvl_seed_42.pt,token_f1,0.0,False,False,False,False,False,4747.81,361.22,frozen-checkpoint inference evaluation
P1,Vietnamese_Context_Evicted_100,VN_FINAL_ANS_005,answerable,42,checkpoints/phase4_1/cms_3lvl_seed_42.pt,token_f1,0.0,False,False,False,False,False,4713.86,361.22,frozen-checkpoint inference evaluation
P1,Vietnamese_Context_Evicted_100,VN_FINAL_ANS_006,answerable,42,checkpoints/phase4_1/cms_3lvl_seed_42.pt,token_f1,0.25,False,False,False,False,False,4141.19,361.22,frozen-checkpoint inference evaluation
P1,Vietnamese_Context_Evicted_100,VN_FINAL_ANS_007,answerable,42,checkpoints/phase4_1/cms_3lvl_seed_42.pt,token_f1,0.0,False,False,False,False,False,3977.48,361.22,frozen-checkpoint inference evaluation
P1,Vietnamese_Context_Evicted_100,VN_FINAL_ANS_008,answerable,42,checkpoints/phase4_1/cms_3lvl_seed_42.pt,token_f1,0.0,False,False,False,False,False,4720.54,361.22,frozen-checkpoint inference evaluation
P1,Vietnamese_Context_Evicted_100,VN_FINAL_ANS_009,answerable,42,checkpoints/phase4_1/cms_3lvl_seed_42.pt,token_f1,0.0,False,False,False,False,False,4822.4,361.22,frozen-checkpoint inference evaluation
P1,Vietnamese_Context_Evicted_100,VN_FINAL_ANS_010,answerable,42,checkpoints/phase4_1/cms_3lvl_seed_42.pt,token_f1,0.0,False,False,False,False,False,4768.77,361.22,frozen-checkpoint inference evaluation
P1,Vietnamese_Context_Evicted_100,VN_FINAL_ANS_011,answerable,42,checkpoints/phase4_1/cms_3lvl_seed_42.pt,token_f1,0.0,False,False,False,False,False,4868.37,361.22,frozen-checkpoint inference evaluation
P1,Vietnamese_Context_Evicted_100,VN_FINAL_ANS_012,answerable,42,checkpoints/phase4_1/cms_3lvl_seed_42.pt,token_f1,0.0,False,False,False,False,False,4701.97,361.22,frozen-checkpoint inference evaluation
P1,Vietnamese_Context_Evicted_100,VN_FINAL_ANS_013,answerable,42,checkpoints/phase4_1/cms_3lvl_seed_42.pt,token_f1,0.3077,False,False,False,False,False,4774.49,361.22,frozen-checkpoint inference evaluation
P1,Vietnamese_Context_Evicted_100,VN_FINAL_ANS_014,answerable,42,checkpoints/phase4_1/cms_3lvl_seed_42.pt,token_f1,0.125,False,False,False,False,False,4809.86,361.22,frozen-checkpoint inference evaluation
P1,Vietnamese_Context_Evicted_100,VN_FINAL_ANS_015,answerable,42,checkpoints/phase4_1/cms_3lvl_seed_42.pt,token_f1,0.1,False,False,False,False,False,4742.16,361.22,frozen-checkpoint inference evaluation
P1,Vietnamese_Context_Evicted_100,VN_FINAL_ANS_016,answerable,42,checkpoints/phase4_1/cms_3lvl_seed_42.pt,token_f1,0.0,False,False,False,False,False,4059.53,361.22,frozen-checkpoint inference evaluation
P1,Vietnamese_Context_Evicted_100,VN_FINAL_ANS_017,answerable,42,checkpoints/phase4_1/cms_3lvl_seed_42.pt,token_f1,0.3333,False,False,False,False,False,4825.37,361.22,frozen-checkpoint inference evaluation
P1,Vietnamese_Context_Evicted_100,VN_FINAL_ANS_018,answerable,42,checkpoints/phase4_1/cms_3lvl_seed_42.pt,token_f1,0.0,False,False,False,False,False,4794.55,361.22,frozen-checkpoint inference evaluation
P1,Vietnamese_Context_Evicted_100,VN_FINAL_ANS_019,answerable,42,checkpoints/phase4_1/cms_3lvl_seed_42.pt,token_f1,0.0,False,False,False,False,False,4759.66,361.22,frozen-checkpoint inference evaluation
P1,Vietnamese_Context_Evicted_100,VN_FINAL_ANS_020,answerable,42,checkpoints/phase4_1/cms_3lvl_seed_42.pt,token_f1,0.0,False,False,False,False,False,4731.4,361.22,frozen-checkpoint inference evaluation
P1,Vietnamese_Context_Evicted_100,VN_FINAL_ANS_021,answerable,42,checkpoints/phase4_1/cms_3lvl_seed_42.pt,token_f1,0.25,False,False,False,False,False,4136.04,361.22,frozen-checkpoint inference evaluation
P1,Vietnamese_Context_Evicted_100,VN_FINAL_ANS_022,answerable,42,checkpoints/phase4_1/cms_3lvl_seed_42.pt,token_f1,0.0,False,False,False,False,False,3979.29,361.22,frozen-checkpoint inference evaluation
P1,Vietnamese_Context_Evicted_100,VN_FINAL_ANS_023,answerable,42,checkpoints/phase4_1/cms_3lvl_seed_42.pt,token_f1,0.0,False,False,False,False,False,4719.71,361.22,frozen-checkpoint inference evaluation
P1,Vietnamese_Context_Evicted_100,VN_FINAL_ANS_024,answerable,42,checkpoints/phase4_1/cms_3lvl_seed_42.pt,token_f1,0.0,False,False,False,False,False,4822.12,361.22,frozen-checkpoint inference evaluation
P1,Vietnamese_Context_Evicted_100,VN_FINAL_ANS_025,answerable,42,checkpoints/phase4_1/cms_3lvl_seed_42.pt,token_f1,0.0,False,False,False,False,False,4765.61,361.22,frozen-checkpoint inference evaluation
P1,Vietnamese_Context_Evicted_100,VN_FINAL_ANS_026,answerable,42,checkpoints/phase4_1/cms_3lvl_seed_42.pt,token_f1,0.0,False,False,False,False,False,4872.82,361.22,frozen-checkpoint inference evaluation
P1,Vietnamese_Context_Evicted_100,VN_FINAL_ANS_027,answerable,42,checkpoints/phase4_1/cms_3lvl_seed_42.pt,token_f1,0.0,False,False,False,False,False,4699.0,361.22,frozen-checkpoint inference evaluation
P1,Vietnamese_Context_Evicted_100,VN_FINAL_ANS_028,answerable,42,checkpoints/phase4_1/cms_3lvl_seed_42.pt,token_f1,0.3077,False,False,False,False,False,4775.28,361.22,frozen-checkpoint inference evaluation
P1,Vietnamese_Context_Evicted_100,VN_FINAL_ANS_029,answerable,42,checkpoints/phase4_1/cms_3lvl_seed_42.pt,token_f1,0.125,False,False,False,False,False,4815.33,361.22,frozen-checkpoint inference evaluation
P1,Vietnamese_Context_Evicted_100,VN_FINAL_ANS_030,answerable,42,checkpoints/phase4_1/cms_3lvl_seed_42.pt,token_f1,0.1,False,False,False,False,False,4739.59,361.22,frozen-checkpoint inference evaluation
P1,Vietnamese_Context_Evicted_100,VN_FINAL_ANS_031,answerable,42,checkpoints/phase4_1/cms_3lvl_seed_42.pt,token_f1,0.0,False,False,False,False,False,4063.12,361.22,frozen-checkpoint inference evaluation
P1,Vietnamese_Context_Evicted_100,VN_FINAL_ANS_032,answerable,42,checkpoints/phase4_1/cms_3lvl_seed_42.pt,token_f1,0.3333,False,False,False,False,False,4821.77,361.22,frozen-checkpoint inference evaluation
P1,Vietnamese_Context_Evicted_100,VN_FINAL_ANS_033,answerable,42,checkpoints/phase4_1/cms_3lvl_seed_42.pt,token_f1,0.0,False,False,False,False,False,4782.58,361.22,frozen-checkpoint inference evaluation
P1,Vietnamese_Context_Evicted_100,VN_FINAL_ANS_034,answerable,42,checkpoints/phase4_1/cms_3lvl_seed_42.pt,token_f1,0.0,False,False,False,False,False,4744.46,361.22,frozen-checkpoint inference evaluation
P1,Vietnamese_Context_Evicted_100,VN_FINAL_ANS_035,answerable,42,checkpoints/phase4_1/cms_3lvl_seed_42.pt,token_f1,0.0,False,False,False,False,False,4715.74,361.22,frozen-checkpoint inference evaluation
P1,Vietnamese_Context_Evicted_100,VN_FINAL_ANS_036,answerable,42,checkpoints/phase4_1/cms_3lvl_seed_42.pt,token_f1,0.25,False,False,False,False,False,4136.21,361.22,frozen-checkpoint inference evaluation
P1,Vietnamese_Context_Evicted_100,VN_FINAL_ANS_037,answerable,42,checkpoints/phase4_1/cms_3lvl_seed_42.pt,token_f1,0.0,False,False,False,False,False,3976.01,361.22,frozen-checkpoint inference evaluation
P1,Vietnamese_Context_Evicted_100,VN_FINAL_ANS_038,answerable,42,checkpoints/phase4_1/cms_3lvl_seed_42.pt,token_f1,0.0,False,False,False,False,False,4713.5,361.22,frozen-checkpoint inference evaluation
P1,Vietnamese_Context_Evicted_100,VN_FINAL_ANS_039,answerable,42,checkpoints/phase4_1/cms_3lvl_seed_42.pt,token_f1,0.0,False,False,False,False,False,4819.88,361.22,frozen-checkpoint inference evaluation
P1,Vietnamese_Context_Evicted_100,VN_FINAL_ANS_040,answerable,42,checkpoints/phase4_1/cms_3lvl_seed_42.pt,token_f1,0.0,False,False,False,False,False,4767.89,361.22,frozen-checkpoint inference evaluation
P1,Vietnamese_Context_Evicted_100,VN_FINAL_ANS_041,answerable,42,checkpoints/phase4_1/cms_3lvl_seed_42.pt,token_f1,0.0,False,False,False,False,False,4863.33,361.22,frozen-checkpoint inference evaluation
P1,Vietnamese_Context_Evicted_100,VN_FINAL_ANS_042,answerable,42,checkpoints/phase4_1/cms_3lvl_seed_42.pt,token_f1,0.0,False,False,False,False,False,4703.2,361.22,frozen-checkpoint inference evaluation
P1,Vietnamese_Context_Evicted_100,VN_FINAL_ANS_043,answerable,42,checkpoints/phase4_1/cms_3lvl_seed_42.pt,token_f1,0.3077,False,False,False,False,False,4774.74,361.22,frozen-checkpoint inference evaluation
P1,Vietnamese_Context_Evicted_100,VN_FINAL_ANS_044,answerable,42,checkpoints/phase4_1/cms_3lvl_seed_42.pt,token_f1,0.125,False,False,False,False,False,4813.66,361.22,frozen-checkpoint inference evaluation
P1,Vietnamese_Context_Evicted_100,VN_FINAL_ANS_045,answerable,42,checkpoints/phase4_1/cms_3lvl_seed_42.pt,token_f1,0.1,False,False,False,False,False,4740.81,361.22,frozen-checkpoint inference evaluation
P1,Vietnamese_Context_Evicted_100,VN_FINAL_ANS_046,answerable,42,checkpoints/phase4_1/cms_3lvl_seed_42.pt,token_f1,0.0,False,False,False,False,False,4060.45,361.22,frozen-checkpoint inference evaluation
P1,Vietnamese_Context_Evicted_100,VN_FINAL_ANS_047,answerable,42,checkpoints/phase4_1/cms_3lvl_seed_42.pt,token_f1,0.3333,False,False,False,False,False,4818.64,361.22,frozen-checkpoint inference evaluation
P1,Vietnamese_Context_Evicted_100,VN_FINAL_ANS_048,answerable,42,checkpoints/phase4_1/cms_3lvl_seed_42.pt,token_f1,0.0,False,False,False,False,False,4779.83,361.22,frozen-checkpoint inference evaluation
P1,Vietnamese_Context_Evicted_100,VN_FINAL_ANS_049,answerable,42,checkpoints/phase4_1/cms_3lvl_seed_42.pt,token_f1,0.0,False,False,False,False,False,4749.12,361.22,frozen-checkpoint inference evaluation
P1,Vietnamese_Context_Evicted_100,VN_FINAL_ANS_050,answerable,42,checkpoints/phase4_1/cms_3lvl_seed_42.pt,token_f1,0.0,False,False,False,False,False,4716.44,361.22,frozen-checkpoint inference evaluation
P1,Vietnamese_Context_Evicted_100,VN_FINAL_UNANS_001,unanswerable,42,checkpoints/phase4_1/cms_3lvl_seed_42.pt,token_f1,0.0,False,False,False,False,True,4361.96,361.22,frozen-checkpoint inference evaluation
P1,Vietnamese_Context_Evicted_100,VN_FINAL_UNANS_002,unanswerable,42,checkpoints/phase4_1/cms_3lvl_seed_42.pt,token_f1,0.0,False,False,False,False,True,4832.2,361.22,frozen-checkpoint inference evaluation
P1,Vietnamese_Context_Evicted_100,VN_FINAL_UNANS_003,unanswerable,42,checkpoints/phase4_1/cms_3lvl_seed_42.pt,token_f1,0.0,False,False,False,False,True,4788.41,361.22,frozen-checkpoint inference evaluation
P1,Vietnamese_Context_Evicted_100,VN_FINAL_UNANS_004,unanswerable,42,checkpoints/phase4_1/cms_3lvl_seed_42.pt,token_f1,0.0,False,False,False,False,True,4624.35,361.22,frozen-checkpoint inference evaluation
P1,Vietnamese_Context_Evicted_100,VN_FINAL_UNANS_005,unanswerable,42,checkpoints/phase4_1/cms_3lvl_seed_42.pt,token_f1,0.0,False,False,False,False,True,4539.58,361.22,frozen-checkpoint inference evaluation
P1,Vietnamese_Context_Evicted_100,VN_FINAL_UNANS_006,unanswerable,42,checkpoints/phase4_1/cms_3lvl_seed_42.pt,token_f1,0.0,False,False,False,False,True,3978.9,361.22,frozen-checkpoint inference evaluation
P1,Vietnamese_Context_Evicted_100,VN_FINAL_UNANS_007,unanswerable,42,checkpoints/phase4_1/cms_3lvl_seed_42.pt,token_f1,0.0,False,False,False,False,True,4014.0,361.22,frozen-checkpoint inference evaluation
P1,Vietnamese_Context_Evicted_100,VN_FINAL_UNANS_008,unanswerable,42,checkpoints/phase4_1/cms_3lvl_seed_42.pt,token_f1,0.0,False,False,False,False,True,4468.12,361.22,frozen-checkpoint inference evaluation
P1,Vietnamese_Context_Evicted_100,VN_FINAL_UNANS_009,unanswerable,42,checkpoints/phase4_1/cms_3lvl_seed_42.pt,token_f1,0.0,False,False,False,False,True,4392.44,361.22,frozen-checkpoint inference evaluation
P1,Vietnamese_Context_Evicted_100,VN_FINAL_UNANS_010,unanswerable,42,checkpoints/phase4_1/cms_3lvl_seed_42.pt,token_f1,0.0,False,False,False,False,True,4741.67,361.22,frozen-checkpoint inference evaluation
P1,Vietnamese_Context_Evicted_100,VN_FINAL_UNANS_011,unanswerable,42,checkpoints/phase4_1/cms_3lvl_seed_42.pt,token_f1,0.0,False,False,False,False,True,4702.47,361.22,frozen-checkpoint inference evaluation
P1,Vietnamese_Context_Evicted_100,VN_FINAL_UNANS_012,unanswerable,42,checkpoints/phase4_1/cms_3lvl_seed_42.pt,token_f1,0.0,False,False,False,False,True,4437.6,361.22,frozen-checkpoint inference evaluation
P1,Vietnamese_Context_Evicted_100,VN_FINAL_UNANS_013,unanswerable,42,checkpoints/phase4_1/cms_3lvl_seed_42.pt,token_f1,0.0,False,False,False,False,True,4708.24,361.22,frozen-checkpoint inference evaluation
P1,Vietnamese_Context_Evicted_100,VN_FINAL_UNANS_014,unanswerable,42,checkpoints/phase4_1/cms_3lvl_seed_42.pt,token_f1,0.0,False,False,False,False,True,4734.81,361.22,frozen-checkpoint inference evaluation
P1,Vietnamese_Context_Evicted_100,VN_FINAL_UNANS_015,unanswerable,42,checkpoints/phase4_1/cms_3lvl_seed_42.pt,token_f1,0.0,False,False,False,False,True,4807.6,361.22,frozen-checkpoint inference evaluation
P1,Vietnamese_Context_Evicted_100,VN_FINAL_UNANS_016,unanswerable,42,checkpoints/phase4_1/cms_3lvl_seed_42.pt,token_f1,0.0,False,False,False,False,True,4819.16,361.22,frozen-checkpoint inference evaluation
P1,Vietnamese_Context_Evicted_100,VN_FINAL_UNANS_017,unanswerable,42,checkpoints/phase4_1/cms_3lvl_seed_42.pt,token_f1,0.0,False,False,False,False,True,4366.33,361.22,frozen-checkpoint inference evaluation
P1,Vietnamese_Context_Evicted_100,VN_FINAL_UNANS_018,unanswerable,42,checkpoints/phase4_1/cms_3lvl_seed_42.pt,token_f1,0.0,False,False,False,False,True,4717.97,361.22,frozen-checkpoint inference evaluation
P1,Vietnamese_Context_Evicted_100,VN_FINAL_UNANS_019,unanswerable,42,checkpoints/phase4_1/cms_3lvl_seed_42.pt,token_f1,0.0,False,False,False,False,True,4864.06,361.22,frozen-checkpoint inference evaluation
P1,Vietnamese_Context_Evicted_100,VN_FINAL_UNANS_020,unanswerable,42,checkpoints/phase4_1/cms_3lvl_seed_42.pt,token_f1,0.0,False,False,False,False,True,4628.25,361.22,frozen-checkpoint inference evaluation
P1,Vietnamese_Context_Evicted_100,VN_FINAL_UNANS_021,unanswerable,42,checkpoints/phase4_1/cms_3lvl_seed_42.pt,token_f1,0.0,False,False,False,False,True,4700.87,361.22,frozen-checkpoint inference evaluation
P1,Vietnamese_Context_Evicted_100,VN_FINAL_UNANS_022,unanswerable,42,checkpoints/phase4_1/cms_3lvl_seed_42.pt,token_f1,0.0,False,False,False,False,True,4663.47,361.22,frozen-checkpoint inference evaluation
P1,Vietnamese_Context_Evicted_100,VN_FINAL_UNANS_023,unanswerable,42,checkpoints/phase4_1/cms_3lvl_seed_42.pt,token_f1,0.0,False,False,False,False,True,4239.24,361.22,frozen-checkpoint inference evaluation
P1,Vietnamese_Context_Evicted_100,VN_FINAL_UNANS_024,unanswerable,42,checkpoints/phase4_1/cms_3lvl_seed_42.pt,token_f1,0.0,False,False,False,False,True,4658.91,361.22,frozen-checkpoint inference evaluation
P1,Vietnamese_Context_Evicted_100,VN_FINAL_UNANS_025,unanswerable,42,checkpoints/phase4_1/cms_3lvl_seed_42.pt,token_f1,0.0,False,False,False,False,True,4777.32,361.22,frozen-checkpoint inference evaluation
P1,Vietnamese_Context_Evicted_100,VN_FINAL_INSUFF_001,insufficient_evidence,42,checkpoints/phase4_1/cms_3lvl_seed_42.pt,token_f1,0.0,False,False,False,False,True,4700.05,361.22,frozen-checkpoint inference evaluation
P1,Vietnamese_Context_Evicted_100,VN_FINAL_INSUFF_002,insufficient_evidence,42,checkpoints/phase4_1/cms_3lvl_seed_42.pt,token_f1,0.0,False,False,False,False,True,4764.08,361.22,frozen-checkpoint inference evaluation
P1,Vietnamese_Context_Evicted_100,VN_FINAL_INSUFF_003,insufficient_evidence,42,checkpoints/phase4_1/cms_3lvl_seed_42.pt,token_f1,0.0,False,False,False,False,True,4775.56,361.22,frozen-checkpoint inference evaluation
P1,Vietnamese_Context_Evicted_100,VN_FINAL_INSUFF_004,insufficient_evidence,42,checkpoints/phase4_1/cms_3lvl_seed_42.pt,token_f1,0.0,False,False,False,False,True,4851.24,361.22,frozen-checkpoint inference evaluation
P1,Vietnamese_Context_Evicted_100,VN_FINAL_INSUFF_005,insufficient_evidence,42,checkpoints/phase4_1/cms_3lvl_seed_42.pt,token_f1,0.0,False,False,False,False,True,4780.11,361.22,frozen-checkpoint inference evaluation
P1,Vietnamese_Context_Evicted_100,VN_FINAL_INSUFF_006,insufficient_evidence,42,checkpoints/phase4_1/cms_3lvl_seed_42.pt,token_f1,0.0,False,False,False,False,True,4838.65,361.22,frozen-checkpoint inference evaluation
P1,Vietnamese_Context_Evicted_100,VN_FINAL_INSUFF_007,insufficient_evidence,42,checkpoints/phase4_1/cms_3lvl_seed_42.pt,token_f1,0.0,False,False,False,False,True,4806.6,361.22,frozen-checkpoint inference evaluation
P1,Vietnamese_Context_Evicted_100,VN_FINAL_INSUFF_008,insufficient_evidence,42,checkpoints/phase4_1/cms_3lvl_seed_42.pt,token_f1,0.0,False,False,False,False,True,4848.37,361.22,frozen-checkpoint inference evaluation
P1,Vietnamese_Context_Evicted_100,VN_FINAL_INSUFF_009,insufficient_evidence,42,checkpoints/phase4_1/cms_3lvl_seed_42.pt,token_f1,0.0,False,False,False,False,True,4808.98,361.22,frozen-checkpoint inference evaluation
P1,Vietnamese_Context_Evicted_100,VN_FINAL_INSUFF_010,insufficient_evidence,42,checkpoints/phase4_1/cms_3lvl_seed_42.pt,token_f1,0.0,False,False,False,False,True,4838.91,361.22,frozen-checkpoint inference evaluation
P1,Vietnamese_Context_Evicted_100,VN_FINAL_INSUFF_011,insufficient_evidence,42,checkpoints/phase4_1/cms_3lvl_seed_42.pt,token_f1,0.0,False,False,False,False,True,4798.75,361.22,frozen-checkpoint inference evaluation
P1,Vietnamese_Context_Evicted_100,VN_FINAL_INSUFF_012,insufficient_evidence,42,checkpoints/phase4_1/cms_3lvl_seed_42.pt,token_f1,0.0,False,False,False,False,True,4893.2,361.22,frozen-checkpoint inference evaluation
P1,Vietnamese_Context_Evicted_100,VN_FINAL_INSUFF_013,insufficient_evidence,42,checkpoints/phase4_1/cms_3lvl_seed_42.pt,token_f1,0.0,False,False,False,False,True,4704.81,361.22,frozen-checkpoint inference evaluation
P1,Vietnamese_Context_Evicted_100,VN_FINAL_INSUFF_014,insufficient_evidence,42,checkpoints/phase4_1/cms_3lvl_seed_42.pt,token_f1,0.0,False,False,False,False,True,4765.46,361.22,frozen-checkpoint inference evaluation
P1,Vietnamese_Context_Evicted_100,VN_FINAL_INSUFF_015,insufficient_evidence,42,checkpoints/phase4_1/cms_3lvl_seed_42.pt,token_f1,0.0,False,False,False,False,True,4769.79,361.22,frozen-checkpoint inference evaluation
P1,Vietnamese_Context_Evicted_100,VN_FINAL_INSUFF_016,insufficient_evidence,42,checkpoints/phase4_1/cms_3lvl_seed_42.pt,token_f1,0.0,False,False,False,False,True,4772.53,361.22,frozen-checkpoint inference evaluation
P1,Vietnamese_Context_Evicted_100,VN_FINAL_INSUFF_017,insufficient_evidence,42,checkpoints/phase4_1/cms_3lvl_seed_42.pt,token_f1,0.0,False,False,False,False,True,4786.42,361.22,frozen-checkpoint inference evaluation
P1,Vietnamese_Context_Evicted_100,VN_FINAL_INSUFF_018,insufficient_evidence,42,checkpoints/phase4_1/cms_3lvl_seed_42.pt,token_f1,0.0,False,False,False,False,True,4877.69,361.22,frozen-checkpoint inference evaluation
P1,Vietnamese_Context_Evicted_100,VN_FINAL_INSUFF_019,insufficient_evidence,42,checkpoints/phase4_1/cms_3lvl_seed_42.pt,token_f1,0.0,False,False,False,False,True,4899.56,361.22,frozen-checkpoint inference evaluation
P1,Vietnamese_Context_Evicted_100,VN_FINAL_INSUFF_020,insufficient_evidence,42,checkpoints/phase4_1/cms_3lvl_seed_42.pt,token_f1,0.0,False,False,False,False,True,4777.35,361.22,frozen-checkpoint inference evaluation
P1,Vietnamese_Context_Evicted_100,VN_FINAL_INSUFF_021,insufficient_evidence,42,checkpoints/phase4_1/cms_3lvl_seed_42.pt,token_f1,0.0,False,False,False,False,True,4796.35,361.22,frozen-checkpoint inference evaluation
P1,Vietnamese_Context_Evicted_100,VN_FINAL_INSUFF_022,insufficient_evidence,42,checkpoints/phase4_1/cms_3lvl_seed_42.pt,token_f1,0.0,False,False,False,False,True,4821.67,361.22,frozen-checkpoint inference evaluation
P1,Vietnamese_Context_Evicted_100,VN_FINAL_INSUFF_023,insufficient_evidence,42,checkpoints/phase4_1/cms_3lvl_seed_42.pt,token_f1,0.0,False,False,False,False,True,4783.38,361.22,frozen-checkpoint inference evaluation
P1,Vietnamese_Context_Evicted_100,VN_FINAL_INSUFF_024,insufficient_evidence,42,checkpoints/phase4_1/cms_3lvl_seed_42.pt,token_f1,0.0,False,False,False,False,True,4797.17,361.22,frozen-checkpoint inference evaluation
P1,Vietnamese_Context_Evicted_100,VN_FINAL_INSUFF_025,insufficient_evidence,42,checkpoints/phase4_1/cms_3lvl_seed_42.pt,token_f1,0.0,False,False,False,False,True,4781.42,361.22,frozen-checkpoint inference evaluation
P2,Vietnamese_Context_Evicted_100,VN_FINAL_ANS_001,answerable,42,checkpoints/phase4_1/cms_3lvl_seed_42.pt + BM25 retriever,token_f1,0.0,False,True,False,False,False,12247.64,361.22,frozen-checkpoint inference evaluation
P2,Vietnamese_Context_Evicted_100,VN_FINAL_ANS_002,answerable,42,checkpoints/phase4_1/cms_3lvl_seed_42.pt + BM25 retriever,token_f1,0.0,False,True,False,False,False,12582.03,361.22,frozen-checkpoint inference evaluation
P2,Vietnamese_Context_Evicted_100,VN_FINAL_ANS_003,answerable,42,checkpoints/phase4_1/cms_3lvl_seed_42.pt + BM25 retriever,token_f1,0.0,False,True,False,False,False,12573.03,361.22,frozen-checkpoint inference evaluation
P2,Vietnamese_Context_Evicted_100,VN_FINAL_ANS_004,answerable,42,checkpoints/phase4_1/cms_3lvl_seed_42.pt + BM25 retriever,token_f1,0.2667,False,True,False,False,False,12571.92,361.22,frozen-checkpoint inference evaluation
P2,Vietnamese_Context_Evicted_100,VN_FINAL_ANS_005,answerable,42,checkpoints/phase4_1/cms_3lvl_seed_42.pt + BM25 retriever,token_f1,0.8,False,True,False,False,False,12568.84,361.22,frozen-checkpoint inference evaluation
P2,Vietnamese_Context_Evicted_100,VN_FINAL_ANS_006,answerable,42,checkpoints/phase4_1/cms_3lvl_seed_42.pt + BM25 retriever,token_f1,0.0,False,True,False,False,False,12564.06,361.22,frozen-checkpoint inference evaluation
P2,Vietnamese_Context_Evicted_100,VN_FINAL_ANS_007,answerable,42,checkpoints/phase4_1/cms_3lvl_seed_42.pt + BM25 retriever,token_f1,0.0,False,True,False,False,False,12566.98,361.22,frozen-checkpoint inference evaluation
P2,Vietnamese_Context_Evicted_100,VN_FINAL_ANS_008,answerable,42,checkpoints/phase4_1/cms_3lvl_seed_42.pt + BM25 retriever,token_f1,0.0,False,True,False,False,False,12565.79,361.22,frozen-checkpoint inference evaluation
P2,Vietnamese_Context_Evicted_100,VN_FINAL_ANS_009,answerable,42,checkpoints/phase4_1/cms_3lvl_seed_42.pt + BM25 retriever,token_f1,0.6667,False,True,False,False,False,12570.12,361.22,frozen-checkpoint inference evaluation
P2,Vietnamese_Context_Evicted_100,VN_FINAL_ANS_010,answerable,42,checkpoints/phase4_1/cms_3lvl_seed_42.pt + BM25 retriever,token_f1,0.0,False,True,False,False,False,12574.77,361.22,frozen-checkpoint inference evaluation
P2,Vietnamese_Context_Evicted_100,VN_FINAL_ANS_011,answerable,42,checkpoints/phase4_1/cms_3lvl_seed_42.pt + BM25 retriever,token_f1,0.0,False,True,False,False,False,12551.96,361.22,frozen-checkpoint inference evaluation
P2,Vietnamese_Context_Evicted_100,VN_FINAL_ANS_012,answerable,42,checkpoints/phase4_1/cms_3lvl_seed_42.pt + BM25 retriever,token_f1,0.5714,False,True,False,False,False,12576.96,361.22,frozen-checkpoint inference evaluation
P2,Vietnamese_Context_Evicted_100,VN_FINAL_ANS_013,answerable,42,checkpoints/phase4_1/cms_3lvl_seed_42.pt + BM25 retriever,token_f1,0.0,False,True,False,False,False,12565.11,361.22,frozen-checkpoint inference evaluation
P2,Vietnamese_Context_Evicted_100,VN_FINAL_ANS_014,answerable,42,checkpoints/phase4_1/cms_3lvl_seed_42.pt + BM25 retriever,token_f1,0.0,False,True,False,False,False,12567.21,361.22,frozen-checkpoint inference evaluation
P2,Vietnamese_Context_Evicted_100,VN_FINAL_ANS_015,answerable,42,checkpoints/phase4_1/cms_3lvl_seed_42.pt + BM25 retriever,token_f1,0.0,False,True,False,False,False,12567.39,361.22,frozen-checkpoint inference evaluation
P2,Vietnamese_Context_Evicted_100,VN_FINAL_ANS_016,answerable,42,checkpoints/phase4_1/cms_3lvl_seed_42.pt + BM25 retriever,token_f1,0.0,False,True,False,False,False,12571.27,361.22,frozen-checkpoint inference evaluation
P2,Vietnamese_Context_Evicted_100,VN_FINAL_ANS_017,answerable,42,checkpoints/phase4_1/cms_3lvl_seed_42.pt + BM25 retriever,token_f1,0.0,False,True,False,False,False,12552.62,361.22,frozen-checkpoint inference evaluation
P2,Vietnamese_Context_Evicted_100,VN_FINAL_ANS_018,answerable,42,checkpoints/phase4_1/cms_3lvl_seed_42.pt + BM25 retriever,token_f1,0.0,False,True,False,False,False,12569.05,361.22,frozen-checkpoint inference evaluation
P2,Vietnamese_Context_Evicted_100,VN_FINAL_ANS_019,answerable,42,checkpoints/phase4_1/cms_3lvl_seed_42.pt + BM25 retriever,token_f1,0.2667,False,True,False,False,False,12569.95,361.22,frozen-checkpoint inference evaluation
P2,Vietnamese_Context_Evicted_100,VN_FINAL_ANS_020,answerable,42,checkpoints/phase4_1/cms_3lvl_seed_42.pt + BM25 retriever,token_f1,0.8,False,True,False,False,False,12556.61,361.22,frozen-checkpoint inference evaluation
P2,Vietnamese_Context_Evicted_100,VN_FINAL_ANS_021,answerable,42,checkpoints/phase4_1/cms_3lvl_seed_42.pt + BM25 retriever,token_f1,0.0,False,True,False,False,False,12564.74,361.22,frozen-checkpoint inference evaluation
P2,Vietnamese_Context_Evicted_100,VN_FINAL_ANS_022,answerable,42,checkpoints/phase4_1/cms_3lvl_seed_42.pt + BM25 retriever,token_f1,0.0,False,True,False,False,False,12569.1,361.22,frozen-checkpoint inference evaluation
P2,Vietnamese_Context_Evicted_100,VN_FINAL_ANS_023,answerable,42,checkpoints/phase4_1/cms_3lvl_seed_42.pt + BM25 retriever,token_f1,0.0,False,True,False,False,False,12555.78,361.22,frozen-checkpoint inference evaluation
P2,Vietnamese_Context_Evicted_100,VN_FINAL_ANS_024,answerable,42,checkpoints/phase4_1/cms_3lvl_seed_42.pt + BM25 retriever,token_f1,0.6667,False,True,False,False,False,12569.87,361.22,frozen-checkpoint inference evaluation
P2,Vietnamese_Context_Evicted_100,VN_FINAL_ANS_025,answerable,42,checkpoints/phase4_1/cms_3lvl_seed_42.pt + BM25 retriever,token_f1,0.0,False,True,False,False,False,12568.17,361.22,frozen-checkpoint inference evaluation
P2,Vietnamese_Context_Evicted_100,VN_FINAL_ANS_026,answerable,42,checkpoints/phase4_1/cms_3lvl_seed_42.pt + BM25 retriever,token_f1,0.0,False,True,False,False,False,12568.51,361.22,frozen-checkpoint inference evaluation
P2,Vietnamese_Context_Evicted_100,VN_FINAL_ANS_027,answerable,42,checkpoints/phase4_1/cms_3lvl_seed_42.pt + BM25 retriever,token_f1,0.5714,False,True,False,False,False,12555.79,361.22,frozen-checkpoint inference evaluation
P2,Vietnamese_Context_Evicted_100,VN_FINAL_ANS_028,answerable,42,checkpoints/phase4_1/cms_3lvl_seed_42.pt + BM25 retriever,token_f1,0.0,False,True,False,False,False,12571.26,361.22,frozen-checkpoint inference evaluation
P2,Vietnamese_Context_Evicted_100,VN_FINAL_ANS_029,answerable,42,checkpoints/phase4_1/cms_3lvl_seed_42.pt + BM25 retriever,token_f1,0.0,False,True,False,False,False,12563.97,361.22,frozen-checkpoint inference evaluation
P2,Vietnamese_Context_Evicted_100,VN_FINAL_ANS_030,answerable,42,checkpoints/phase4_1/cms_3lvl_seed_42.pt + BM25 retriever,token_f1,0.0,False,True,False,False,False,12564.79,361.22,frozen-checkpoint inference evaluation
P2,Vietnamese_Context_Evicted_100,VN_FINAL_ANS_031,answerable,42,checkpoints/phase4_1/cms_3lvl_seed_42.pt + BM25 retriever,token_f1,0.0,False,True,False,False,False,12562.67,361.22,frozen-checkpoint inference evaluation
P2,Vietnamese_Context_Evicted_100,VN_FINAL_ANS_032,answerable,42,checkpoints/phase4_1/cms_3lvl_seed_42.pt + BM25 retriever,token_f1,0.0,False,True,False,False,False,12580.64,361.22,frozen-checkpoint inference evaluation
P2,Vietnamese_Context_Evicted_100,VN_FINAL_ANS_033,answerable,42,checkpoints/phase4_1/cms_3lvl_seed_42.pt + BM25 retriever,token_f1,0.0,False,True,False,False,False,12560.4,361.22,frozen-checkpoint inference evaluation
P2,Vietnamese_Context_Evicted_100,VN_FINAL_ANS_034,answerable,42,checkpoints/phase4_1/cms_3lvl_seed_42.pt + BM25 retriever,token_f1,0.2667,False,True,False,False,False,12568.33,361.22,frozen-checkpoint inference evaluation
P2,Vietnamese_Context_Evicted_100,VN_FINAL_ANS_035,answerable,42,checkpoints/phase4_1/cms_3lvl_seed_42.pt + BM25 retriever,token_f1,0.8,False,True,False,False,False,12558.14,361.22,frozen-checkpoint inference evaluation
P2,Vietnamese_Context_Evicted_100,VN_FINAL_ANS_036,answerable,42,checkpoints/phase4_1/cms_3lvl_seed_42.pt + BM25 retriever,token_f1,0.0,False,True,False,False,False,12570.18,361.22,frozen-checkpoint inference evaluation
P2,Vietnamese_Context_Evicted_100,VN_FINAL_ANS_037,answerable,42,checkpoints/phase4_1/cms_3lvl_seed_42.pt + BM25 retriever,token_f1,0.0,False,True,False,False,False,12554.79,361.22,frozen-checkpoint inference evaluation
P2,Vietnamese_Context_Evicted_100,VN_FINAL_ANS_038,answerable,42,checkpoints/phase4_1/cms_3lvl_seed_42.pt + BM25 retriever,token_f1,0.0,False,True,False,False,False,12572.77,361.22,frozen-checkpoint inference evaluation
P2,Vietnamese_Context_Evicted_100,VN_FINAL_ANS_039,answerable,42,checkpoints/phase4_1/cms_3lvl_seed_42.pt + BM25 retriever,token_f1,0.6667,False,True,False,False,False,12569.24,361.22,frozen-checkpoint inference evaluation
P2,Vietnamese_Context_Evicted_100,VN_FINAL_ANS_040,answerable,42,checkpoints/phase4_1/cms_3lvl_seed_42.pt + BM25 retriever,token_f1,0.0,False,True,False,False,False,12573.67,361.22,frozen-checkpoint inference evaluation
P2,Vietnamese_Context_Evicted_100,VN_FINAL_ANS_041,answerable,42,checkpoints/phase4_1/cms_3lvl_seed_42.pt + BM25 retriever,token_f1,0.0,False,True,False,False,False,12568.17,361.22,frozen-checkpoint inference evaluation
P2,Vietnamese_Context_Evicted_100,VN_FINAL_ANS_042,answerable,42,checkpoints/phase4_1/cms_3lvl_seed_42.pt + BM25 retriever,token_f1,0.5714,False,True,False,False,False,12567.39,361.22,frozen-checkpoint inference evaluation
P2,Vietnamese_Context_Evicted_100,VN_FINAL_ANS_043,answerable,42,checkpoints/phase4_1/cms_3lvl_seed_42.pt + BM25 retriever,token_f1,0.0,False,True,False,False,False,12554.49,361.22,frozen-checkpoint inference evaluation
P2,Vietnamese_Context_Evicted_100,VN_FINAL_ANS_044,answerable,42,checkpoints/phase4_1/cms_3lvl_seed_42.pt + BM25 retriever,token_f1,0.0,False,True,False,False,False,12579.54,361.22,frozen-checkpoint inference evaluation
P2,Vietnamese_Context_Evicted_100,VN_FINAL_ANS_045,answerable,42,checkpoints/phase4_1/cms_3lvl_seed_42.pt + BM25 retriever,token_f1,0.0,False,True,False,False,False,12550.64,361.22,frozen-checkpoint inference evaluation
P2,Vietnamese_Context_Evicted_100,VN_FINAL_ANS_046,answerable,42,checkpoints/phase4_1/cms_3lvl_seed_42.pt + BM25 retriever,token_f1,0.0,False,True,False,False,False,12561.63,361.22,frozen-checkpoint inference evaluation
P2,Vietnamese_Context_Evicted_100,VN_FINAL_ANS_047,answerable,42,checkpoints/phase4_1/cms_3lvl_seed_42.pt + BM25 retriever,token_f1,0.0,False,True,False,False,False,12564.2,361.22,frozen-checkpoint inference evaluation
P2,Vietnamese_Context_Evicted_100,VN_FINAL_ANS_048,answerable,42,checkpoints/phase4_1/cms_3lvl_seed_42.pt + BM25 retriever,token_f1,0.0,False,True,False,False,False,12571.41,361.22,frozen-checkpoint inference evaluation
P2,Vietnamese_Context_Evicted_100,VN_FINAL_ANS_049,answerable,42,checkpoints/phase4_1/cms_3lvl_seed_42.pt + BM25 retriever,token_f1,0.2667,False,True,False,False,False,12562.71,361.22,frozen-checkpoint inference evaluation
P2,Vietnamese_Context_Evicted_100,VN_FINAL_ANS_050,answerable,42,checkpoints/phase4_1/cms_3lvl_seed_42.pt + BM25 retriever,token_f1,0.8,False,True,False,False,False,12573.46,361.22,frozen-checkpoint inference evaluation
P2,Vietnamese_Context_Evicted_100,VN_FINAL_UNANS_001,unanswerable,42,checkpoints/phase4_1/cms_3lvl_seed_42.pt + BM25 retriever,token_f1,0.0,True,False,True,False,False,1.01,361.22,frozen-checkpoint inference evaluation
P2,Vietnamese_Context_Evicted_100,VN_FINAL_UNANS_002,unanswerable,42,checkpoints/phase4_1/cms_3lvl_seed_42.pt + BM25 retriever,token_f1,0.0,False,True,False,False,True,12574.43,361.22,frozen-checkpoint inference evaluation
P2,Vietnamese_Context_Evicted_100,VN_FINAL_UNANS_003,unanswerable,42,checkpoints/phase4_1/cms_3lvl_seed_42.pt + BM25 retriever,token_f1,0.0,True,False,True,False,False,1.41,361.22,frozen-checkpoint inference evaluation
P2,Vietnamese_Context_Evicted_100,VN_FINAL_UNANS_004,unanswerable,42,checkpoints/phase4_1/cms_3lvl_seed_42.pt + BM25 retriever,token_f1,0.0,True,False,True,False,False,1.22,361.22,frozen-checkpoint inference evaluation
P2,Vietnamese_Context_Evicted_100,VN_FINAL_UNANS_005,unanswerable,42,checkpoints/phase4_1/cms_3lvl_seed_42.pt + BM25 retriever,token_f1,0.0,True,False,True,False,False,1.39,361.22,frozen-checkpoint inference evaluation
P2,Vietnamese_Context_Evicted_100,VN_FINAL_UNANS_006,unanswerable,42,checkpoints/phase4_1/cms_3lvl_seed_42.pt + BM25 retriever,token_f1,0.0,True,False,True,False,False,1.1,361.22,frozen-checkpoint inference evaluation
P2,Vietnamese_Context_Evicted_100,VN_FINAL_UNANS_007,unanswerable,42,checkpoints/phase4_1/cms_3lvl_seed_42.pt + BM25 retriever,token_f1,0.0,False,True,False,False,True,12576.67,361.22,frozen-checkpoint inference evaluation
P2,Vietnamese_Context_Evicted_100,VN_FINAL_UNANS_008,unanswerable,42,checkpoints/phase4_1/cms_3lvl_seed_42.pt + BM25 retriever,token_f1,0.0,True,False,True,False,False,1.22,361.22,frozen-checkpoint inference evaluation
P2,Vietnamese_Context_Evicted_100,VN_FINAL_UNANS_009,unanswerable,42,checkpoints/phase4_1/cms_3lvl_seed_42.pt + BM25 retriever,token_f1,0.0,True,False,True,False,False,1.28,361.22,frozen-checkpoint inference evaluation
P2,Vietnamese_Context_Evicted_100,VN_FINAL_UNANS_010,unanswerable,42,checkpoints/phase4_1/cms_3lvl_seed_42.pt + BM25 retriever,token_f1,0.0,True,False,True,False,False,1.09,361.22,frozen-checkpoint inference evaluation
P2,Vietnamese_Context_Evicted_100,VN_FINAL_UNANS_011,unanswerable,42,checkpoints/phase4_1/cms_3lvl_seed_42.pt + BM25 retriever,token_f1,0.0,True,False,True,False,False,1.29,361.22,frozen-checkpoint inference evaluation
P2,Vietnamese_Context_Evicted_100,VN_FINAL_UNANS_012,unanswerable,42,checkpoints/phase4_1/cms_3lvl_seed_42.pt + BM25 retriever,token_f1,0.0,True,False,True,False,False,1.61,361.22,frozen-checkpoint inference evaluation
P2,Vietnamese_Context_Evicted_100,VN_FINAL_UNANS_013,unanswerable,42,checkpoints/phase4_1/cms_3lvl_seed_42.pt + BM25 retriever,token_f1,0.0,True,False,True,False,False,1.44,361.22,frozen-checkpoint inference evaluation
P2,Vietnamese_Context_Evicted_100,VN_FINAL_UNANS_014,unanswerable,42,checkpoints/phase4_1/cms_3lvl_seed_42.pt + BM25 retriever,token_f1,0.0,True,False,True,False,False,1.34,361.22,frozen-checkpoint inference evaluation
P2,Vietnamese_Context_Evicted_100,VN_FINAL_UNANS_015,unanswerable,42,checkpoints/phase4_1/cms_3lvl_seed_42.pt + BM25 retriever,token_f1,0.0,False,False,False,False,True,12538.95,361.22,frozen-checkpoint inference evaluation
P2,Vietnamese_Context_Evicted_100,VN_FINAL_UNANS_016,unanswerable,42,checkpoints/phase4_1/cms_3lvl_seed_42.pt + BM25 retriever,token_f1,0.0,True,False,True,False,False,1.36,361.22,frozen-checkpoint inference evaluation
P2,Vietnamese_Context_Evicted_100,VN_FINAL_UNANS_017,unanswerable,42,checkpoints/phase4_1/cms_3lvl_seed_42.pt + BM25 retriever,token_f1,0.0,False,True,False,False,True,12569.78,361.22,frozen-checkpoint inference evaluation
P2,Vietnamese_Context_Evicted_100,VN_FINAL_UNANS_018,unanswerable,42,checkpoints/phase4_1/cms_3lvl_seed_42.pt + BM25 retriever,token_f1,0.0,False,True,False,False,True,12574.72,361.22,frozen-checkpoint inference evaluation
P2,Vietnamese_Context_Evicted_100,VN_FINAL_UNANS_019,unanswerable,42,checkpoints/phase4_1/cms_3lvl_seed_42.pt + BM25 retriever,token_f1,0.0,True,False,True,False,False,1.47,361.22,frozen-checkpoint inference evaluation
P2,Vietnamese_Context_Evicted_100,VN_FINAL_UNANS_020,unanswerable,42,checkpoints/phase4_1/cms_3lvl_seed_42.pt + BM25 retriever,token_f1,0.0,True,False,True,False,False,1.26,361.22,frozen-checkpoint inference evaluation
P2,Vietnamese_Context_Evicted_100,VN_FINAL_UNANS_021,unanswerable,42,checkpoints/phase4_1/cms_3lvl_seed_42.pt + BM25 retriever,token_f1,0.0,True,False,True,False,False,1.05,361.22,frozen-checkpoint inference evaluation
P2,Vietnamese_Context_Evicted_100,VN_FINAL_UNANS_022,unanswerable,42,checkpoints/phase4_1/cms_3lvl_seed_42.pt + BM25 retriever,token_f1,0.0,True,False,True,False,False,1.25,361.22,frozen-checkpoint inference evaluation
P2,Vietnamese_Context_Evicted_100,VN_FINAL_UNANS_023,unanswerable,42,checkpoints/phase4_1/cms_3lvl_seed_42.pt + BM25 retriever,token_f1,0.0,True,False,True,False,False,0.91,361.22,frozen-checkpoint inference evaluation
P2,Vietnamese_Context_Evicted_100,VN_FINAL_UNANS_024,unanswerable,42,checkpoints/phase4_1/cms_3lvl_seed_42.pt + BM25 retriever,token_f1,0.0,False,True,False,False,True,12555.31,361.22,frozen-checkpoint inference evaluation
P2,Vietnamese_Context_Evicted_100,VN_FINAL_UNANS_025,unanswerable,42,checkpoints/phase4_1/cms_3lvl_seed_42.pt + BM25 retriever,token_f1,0.0,True,False,True,False,False,1.22,361.22,frozen-checkpoint inference evaluation
P2,Vietnamese_Context_Evicted_100,VN_FINAL_INSUFF_001,insufficient_evidence,42,checkpoints/phase4_1/cms_3lvl_seed_42.pt + BM25 retriever,token_f1,0.0,True,False,True,False,False,1.34,361.22,frozen-checkpoint inference evaluation
P2,Vietnamese_Context_Evicted_100,VN_FINAL_INSUFF_002,insufficient_evidence,42,checkpoints/phase4_1/cms_3lvl_seed_42.pt + BM25 retriever,token_f1,0.0,False,True,False,False,True,12570.13,361.22,frozen-checkpoint inference evaluation
P2,Vietnamese_Context_Evicted_100,VN_FINAL_INSUFF_003,insufficient_evidence,42,checkpoints/phase4_1/cms_3lvl_seed_42.pt + BM25 retriever,token_f1,0.0,True,False,True,False,False,1.63,361.22,frozen-checkpoint inference evaluation
P2,Vietnamese_Context_Evicted_100,VN_FINAL_INSUFF_004,insufficient_evidence,42,checkpoints/phase4_1/cms_3lvl_seed_42.pt + BM25 retriever,token_f1,0.0,True,False,True,False,False,1.31,361.22,frozen-checkpoint inference evaluation
P2,Vietnamese_Context_Evicted_100,VN_FINAL_INSUFF_005,insufficient_evidence,42,checkpoints/phase4_1/cms_3lvl_seed_42.pt + BM25 retriever,token_f1,0.0,False,True,False,False,True,12565.36,361.22,frozen-checkpoint inference evaluation
P2,Vietnamese_Context_Evicted_100,VN_FINAL_INSUFF_006,insufficient_evidence,42,checkpoints/phase4_1/cms_3lvl_seed_42.pt + BM25 retriever,token_f1,0.0,True,False,True,False,False,1.83,361.22,frozen-checkpoint inference evaluation
P2,Vietnamese_Context_Evicted_100,VN_FINAL_INSUFF_007,insufficient_evidence,42,checkpoints/phase4_1/cms_3lvl_seed_42.pt + BM25 retriever,token_f1,0.0,True,False,True,False,False,1.6,361.22,frozen-checkpoint inference evaluation
P2,Vietnamese_Context_Evicted_100,VN_FINAL_INSUFF_008,insufficient_evidence,42,checkpoints/phase4_1/cms_3lvl_seed_42.pt + BM25 retriever,token_f1,0.0,False,True,False,False,True,12554.35,361.22,frozen-checkpoint inference evaluation
P2,Vietnamese_Context_Evicted_100,VN_FINAL_INSUFF_009,insufficient_evidence,42,checkpoints/phase4_1/cms_3lvl_seed_42.pt + BM25 retriever,token_f1,0.0,True,False,True,False,False,1.35,361.22,frozen-checkpoint inference evaluation
P2,Vietnamese_Context_Evicted_100,VN_FINAL_INSUFF_010,insufficient_evidence,42,checkpoints/phase4_1/cms_3lvl_seed_42.pt + BM25 retriever,token_f1,0.0,False,True,False,False,True,12572.32,361.22,frozen-checkpoint inference evaluation
P2,Vietnamese_Context_Evicted_100,VN_FINAL_INSUFF_011,insufficient_evidence,42,checkpoints/phase4_1/cms_3lvl_seed_42.pt + BM25 retriever,token_f1,0.0,True,False,True,False,False,1.09,361.22,frozen-checkpoint inference evaluation
P2,Vietnamese_Context_Evicted_100,VN_FINAL_INSUFF_012,insufficient_evidence,42,checkpoints/phase4_1/cms_3lvl_seed_42.pt + BM25 retriever,token_f1,0.0,True,False,True,False,False,1.5,361.22,frozen-checkpoint inference evaluation
P2,Vietnamese_Context_Evicted_100,VN_FINAL_INSUFF_013,insufficient_evidence,42,checkpoints/phase4_1/cms_3lvl_seed_42.pt + BM25 retriever,token_f1,0.0,True,False,True,False,False,0.99,361.22,frozen-checkpoint inference evaluation
P2,Vietnamese_Context_Evicted_100,VN_FINAL_INSUFF_014,insufficient_evidence,42,checkpoints/phase4_1/cms_3lvl_seed_42.pt + BM25 retriever,token_f1,0.0,False,True,False,False,True,12561.04,361.22,frozen-checkpoint inference evaluation
P2,Vietnamese_Context_Evicted_100,VN_FINAL_INSUFF_015,insufficient_evidence,42,checkpoints/phase4_1/cms_3lvl_seed_42.pt + BM25 retriever,token_f1,0.0,True,False,True,False,False,1.37,361.22,frozen-checkpoint inference evaluation
P2,Vietnamese_Context_Evicted_100,VN_FINAL_INSUFF_016,insufficient_evidence,42,checkpoints/phase4_1/cms_3lvl_seed_42.pt + BM25 retriever,token_f1,0.0,True,False,True,False,False,1.07,361.22,frozen-checkpoint inference evaluation
P2,Vietnamese_Context_Evicted_100,VN_FINAL_INSUFF_017,insufficient_evidence,42,checkpoints/phase4_1/cms_3lvl_seed_42.pt + BM25 retriever,token_f1,0.0,True,False,True,False,False,1.66,361.22,frozen-checkpoint inference evaluation
P2,Vietnamese_Context_Evicted_100,VN_FINAL_INSUFF_018,insufficient_evidence,42,checkpoints/phase4_1/cms_3lvl_seed_42.pt + BM25 retriever,token_f1,0.0,False,True,False,False,True,12568.57,361.22,frozen-checkpoint inference evaluation
P2,Vietnamese_Context_Evicted_100,VN_FINAL_INSUFF_019,insufficient_evidence,42,checkpoints/phase4_1/cms_3lvl_seed_42.pt + BM25 retriever,token_f1,0.0,True,False,True,False,False,1.39,361.22,frozen-checkpoint inference evaluation
P2,Vietnamese_Context_Evicted_100,VN_FINAL_INSUFF_020,insufficient_evidence,42,checkpoints/phase4_1/cms_3lvl_seed_42.pt + BM25 retriever,token_f1,0.0,True,False,True,False,False,1.18,361.22,frozen-checkpoint inference evaluation
P2,Vietnamese_Context_Evicted_100,VN_FINAL_INSUFF_021,insufficient_evidence,42,checkpoints/phase4_1/cms_3lvl_seed_42.pt + BM25 retriever,token_f1,0.0,True,False,True,False,False,1.34,361.22,frozen-checkpoint inference evaluation
P2,Vietnamese_Context_Evicted_100,VN_FINAL_INSUFF_022,insufficient_evidence,42,checkpoints/phase4_1/cms_3lvl_seed_42.pt + BM25 retriever,token_f1,0.0,True,False,True,False,False,1.94,361.22,frozen-checkpoint inference evaluation
P2,Vietnamese_Context_Evicted_100,VN_FINAL_INSUFF_023,insufficient_evidence,42,checkpoints/phase4_1/cms_3lvl_seed_42.pt + BM25 retriever,token_f1,0.0,True,False,True,False,False,1.37,361.22,frozen-checkpoint inference evaluation
P2,Vietnamese_Context_Evicted_100,VN_FINAL_INSUFF_024,insufficient_evidence,42,checkpoints/phase4_1/cms_3lvl_seed_42.pt + BM25 retriever,token_f1,0.0,True,False,True,False,False,1.66,361.22,frozen-checkpoint inference evaluation
P2,Vietnamese_Context_Evicted_100,VN_FINAL_INSUFF_025,insufficient_evidence,42,checkpoints/phase4_1/cms_3lvl_seed_42.pt + BM25 retriever,token_f1,0.0,True,False,True,False,False,1.09,361.22,frozen-checkpoint inference evaluation
B1,Vietnamese_Context_Evicted_100,VN_FINAL_ANS_001,answerable,43,"None (frozen backbone, full context)",token_f1,0.0,False,False,False,False,False,12382.4,294.94,frozen-checkpoint inference evaluation
B1,Vietnamese_Context_Evicted_100,VN_FINAL_ANS_002,answerable,43,"None (frozen backbone, full context)",token_f1,0.0,False,False,False,False,False,12479.87,294.94,frozen-checkpoint inference evaluation
B1,Vietnamese_Context_Evicted_100,VN_FINAL_ANS_003,answerable,43,"None (frozen backbone, full context)",token_f1,0.0,False,False,False,False,False,12476.42,294.94,frozen-checkpoint inference evaluation
B1,Vietnamese_Context_Evicted_100,VN_FINAL_ANS_004,answerable,43,"None (frozen backbone, full context)",token_f1,0.0,False,False,False,False,False,12479.86,294.94,frozen-checkpoint inference evaluation
B1,Vietnamese_Context_Evicted_100,VN_FINAL_ANS_005,answerable,43,"None (frozen backbone, full context)",token_f1,0.0,False,False,False,False,False,12477.18,294.94,frozen-checkpoint inference evaluation
B1,Vietnamese_Context_Evicted_100,VN_FINAL_ANS_006,answerable,43,"None (frozen backbone, full context)",token_f1,0.0,False,False,False,False,False,12475.73,294.94,frozen-checkpoint inference evaluation
B1,Vietnamese_Context_Evicted_100,VN_FINAL_ANS_007,answerable,43,"None (frozen backbone, full context)",token_f1,0.0,False,False,False,False,False,12473.93,294.94,frozen-checkpoint inference evaluation
B1,Vietnamese_Context_Evicted_100,VN_FINAL_ANS_008,answerable,43,"None (frozen backbone, full context)",token_f1,0.0,False,False,False,False,False,12480.69,294.94,frozen-checkpoint inference evaluation
B1,Vietnamese_Context_Evicted_100,VN_FINAL_ANS_009,answerable,43,"None (frozen backbone, full context)",token_f1,0.0,False,False,False,False,False,12478.92,294.94,frozen-checkpoint inference evaluation
B1,Vietnamese_Context_Evicted_100,VN_FINAL_ANS_010,answerable,43,"None (frozen backbone, full context)",token_f1,0.0,False,False,False,False,False,12480.58,294.94,frozen-checkpoint inference evaluation
B1,Vietnamese_Context_Evicted_100,VN_FINAL_ANS_011,answerable,43,"None (frozen backbone, full context)",token_f1,0.0,False,False,False,False,False,12477.0,294.94,frozen-checkpoint inference evaluation
B1,Vietnamese_Context_Evicted_100,VN_FINAL_ANS_012,answerable,43,"None (frozen backbone, full context)",token_f1,0.0,False,False,False,False,False,12471.22,294.94,frozen-checkpoint inference evaluation
B1,Vietnamese_Context_Evicted_100,VN_FINAL_ANS_013,answerable,43,"None (frozen backbone, full context)",token_f1,0.0,False,False,False,False,False,12485.96,294.94,frozen-checkpoint inference evaluation
B1,Vietnamese_Context_Evicted_100,VN_FINAL_ANS_014,answerable,43,"None (frozen backbone, full context)",token_f1,0.0,False,False,False,False,False,12462.05,294.94,frozen-checkpoint inference evaluation
B1,Vietnamese_Context_Evicted_100,VN_FINAL_ANS_015,answerable,43,"None (frozen backbone, full context)",token_f1,0.0,False,False,False,False,False,12476.45,294.94,frozen-checkpoint inference evaluation
B1,Vietnamese_Context_Evicted_100,VN_FINAL_ANS_016,answerable,43,"None (frozen backbone, full context)",token_f1,0.0,False,False,False,False,False,12488.58,294.94,frozen-checkpoint inference evaluation
B1,Vietnamese_Context_Evicted_100,VN_FINAL_ANS_017,answerable,43,"None (frozen backbone, full context)",token_f1,0.0,False,False,False,False,False,12470.9,294.94,frozen-checkpoint inference evaluation
B1,Vietnamese_Context_Evicted_100,VN_FINAL_ANS_018,answerable,43,"None (frozen backbone, full context)",token_f1,0.0,False,False,False,False,False,12468.4,294.94,frozen-checkpoint inference evaluation
B1,Vietnamese_Context_Evicted_100,VN_FINAL_ANS_019,answerable,43,"None (frozen backbone, full context)",token_f1,0.0,False,False,False,False,False,12477.65,294.94,frozen-checkpoint inference evaluation
B1,Vietnamese_Context_Evicted_100,VN_FINAL_ANS_020,answerable,43,"None (frozen backbone, full context)",token_f1,0.0,False,False,False,False,False,12481.03,294.94,frozen-checkpoint inference evaluation
B1,Vietnamese_Context_Evicted_100,VN_FINAL_ANS_021,answerable,43,"None (frozen backbone, full context)",token_f1,0.0,False,False,False,False,False,12483.31,294.94,frozen-checkpoint inference evaluation
B1,Vietnamese_Context_Evicted_100,VN_FINAL_ANS_022,answerable,43,"None (frozen backbone, full context)",token_f1,0.0,False,False,False,False,False,12481.37,294.94,frozen-checkpoint inference evaluation
B1,Vietnamese_Context_Evicted_100,VN_FINAL_ANS_023,answerable,43,"None (frozen backbone, full context)",token_f1,0.0,False,False,False,False,False,12487.53,294.94,frozen-checkpoint inference evaluation
B1,Vietnamese_Context_Evicted_100,VN_FINAL_ANS_024,answerable,43,"None (frozen backbone, full context)",token_f1,0.0,False,False,False,False,False,12481.49,294.94,frozen-checkpoint inference evaluation
B1,Vietnamese_Context_Evicted_100,VN_FINAL_ANS_025,answerable,43,"None (frozen backbone, full context)",token_f1,0.0,False,False,False,False,False,12477.43,294.94,frozen-checkpoint inference evaluation
B1,Vietnamese_Context_Evicted_100,VN_FINAL_ANS_026,answerable,43,"None (frozen backbone, full context)",token_f1,0.0,False,False,False,False,False,12483.04,294.94,frozen-checkpoint inference evaluation
B1,Vietnamese_Context_Evicted_100,VN_FINAL_ANS_027,answerable,43,"None (frozen backbone, full context)",token_f1,0.0,False,False,False,False,False,12481.18,294.94,frozen-checkpoint inference evaluation
B1,Vietnamese_Context_Evicted_100,VN_FINAL_ANS_028,answerable,43,"None (frozen backbone, full context)",token_f1,0.0,False,False,False,False,False,12473.99,294.94,frozen-checkpoint inference evaluation
B1,Vietnamese_Context_Evicted_100,VN_FINAL_ANS_029,answerable,43,"None (frozen backbone, full context)",token_f1,0.0,False,False,False,False,False,12477.78,294.94,frozen-checkpoint inference evaluation
B1,Vietnamese_Context_Evicted_100,VN_FINAL_ANS_030,answerable,43,"None (frozen backbone, full context)",token_f1,0.0,False,False,False,False,False,12475.62,294.94,frozen-checkpoint inference evaluation
B1,Vietnamese_Context_Evicted_100,VN_FINAL_ANS_031,answerable,43,"None (frozen backbone, full context)",token_f1,0.0,False,False,False,False,False,12474.52,294.94,frozen-checkpoint inference evaluation
B1,Vietnamese_Context_Evicted_100,VN_FINAL_ANS_032,answerable,43,"None (frozen backbone, full context)",token_f1,0.0,False,False,False,False,False,12487.24,294.94,frozen-checkpoint inference evaluation
B1,Vietnamese_Context_Evicted_100,VN_FINAL_ANS_033,answerable,43,"None (frozen backbone, full context)",token_f1,0.0,False,False,False,False,False,12487.75,294.94,frozen-checkpoint inference evaluation
B1,Vietnamese_Context_Evicted_100,VN_FINAL_ANS_034,answerable,43,"None (frozen backbone, full context)",token_f1,0.125,False,False,False,False,False,12474.86,294.94,frozen-checkpoint inference evaluation
B1,Vietnamese_Context_Evicted_100,VN_FINAL_ANS_035,answerable,43,"None (frozen backbone, full context)",token_f1,0.0,False,False,False,False,False,12471.12,294.94,frozen-checkpoint inference evaluation
B1,Vietnamese_Context_Evicted_100,VN_FINAL_ANS_036,answerable,43,"None (frozen backbone, full context)",token_f1,0.0,False,False,False,False,False,12488.54,294.94,frozen-checkpoint inference evaluation
B1,Vietnamese_Context_Evicted_100,VN_FINAL_ANS_037,answerable,43,"None (frozen backbone, full context)",token_f1,0.0,False,False,False,False,False,12478.61,294.94,frozen-checkpoint inference evaluation
B1,Vietnamese_Context_Evicted_100,VN_FINAL_ANS_038,answerable,43,"None (frozen backbone, full context)",token_f1,0.0,False,False,False,False,False,12461.63,294.94,frozen-checkpoint inference evaluation
B1,Vietnamese_Context_Evicted_100,VN_FINAL_ANS_039,answerable,43,"None (frozen backbone, full context)",token_f1,0.0,False,False,False,False,False,12482.7,294.94,frozen-checkpoint inference evaluation
B1,Vietnamese_Context_Evicted_100,VN_FINAL_ANS_040,answerable,43,"None (frozen backbone, full context)",token_f1,0.0,False,False,False,False,False,12474.38,294.94,frozen-checkpoint inference evaluation
B1,Vietnamese_Context_Evicted_100,VN_FINAL_ANS_041,answerable,43,"None (frozen backbone, full context)",token_f1,0.0,False,False,False,False,False,12480.45,294.94,frozen-checkpoint inference evaluation
B1,Vietnamese_Context_Evicted_100,VN_FINAL_ANS_042,answerable,43,"None (frozen backbone, full context)",token_f1,0.0,False,False,False,False,False,12480.16,294.94,frozen-checkpoint inference evaluation
B1,Vietnamese_Context_Evicted_100,VN_FINAL_ANS_043,answerable,43,"None (frozen backbone, full context)",token_f1,0.0,False,False,False,False,False,12472.01,294.94,frozen-checkpoint inference evaluation
B1,Vietnamese_Context_Evicted_100,VN_FINAL_ANS_044,answerable,43,"None (frozen backbone, full context)",token_f1,0.0,False,False,False,False,False,12479.99,294.94,frozen-checkpoint inference evaluation
B1,Vietnamese_Context_Evicted_100,VN_FINAL_ANS_045,answerable,43,"None (frozen backbone, full context)",token_f1,0.0,False,False,False,False,False,12487.19,294.94,frozen-checkpoint inference evaluation
B1,Vietnamese_Context_Evicted_100,VN_FINAL_ANS_046,answerable,43,"None (frozen backbone, full context)",token_f1,0.0,False,False,False,False,False,12474.72,294.94,frozen-checkpoint inference evaluation
B1,Vietnamese_Context_Evicted_100,VN_FINAL_ANS_047,answerable,43,"None (frozen backbone, full context)",token_f1,0.0,False,False,False,False,False,12478.77,294.94,frozen-checkpoint inference evaluation
B1,Vietnamese_Context_Evicted_100,VN_FINAL_ANS_048,answerable,43,"None (frozen backbone, full context)",token_f1,0.0,False,False,False,False,False,12485.18,294.94,frozen-checkpoint inference evaluation
B1,Vietnamese_Context_Evicted_100,VN_FINAL_ANS_049,answerable,43,"None (frozen backbone, full context)",token_f1,0.125,False,False,False,False,False,12470.04,294.94,frozen-checkpoint inference evaluation
B1,Vietnamese_Context_Evicted_100,VN_FINAL_ANS_050,answerable,43,"None (frozen backbone, full context)",token_f1,0.0,False,False,False,False,False,12477.4,294.94,frozen-checkpoint inference evaluation
B1,Vietnamese_Context_Evicted_100,VN_FINAL_UNANS_001,unanswerable,43,"None (frozen backbone, full context)",token_f1,0.0,False,False,False,False,True,12487.42,294.94,frozen-checkpoint inference evaluation
B1,Vietnamese_Context_Evicted_100,VN_FINAL_UNANS_002,unanswerable,43,"None (frozen backbone, full context)",token_f1,0.0,False,False,False,False,True,12473.86,294.94,frozen-checkpoint inference evaluation
B1,Vietnamese_Context_Evicted_100,VN_FINAL_UNANS_003,unanswerable,43,"None (frozen backbone, full context)",token_f1,0.0,False,False,False,False,True,12474.44,294.94,frozen-checkpoint inference evaluation
B1,Vietnamese_Context_Evicted_100,VN_FINAL_UNANS_004,unanswerable,43,"None (frozen backbone, full context)",token_f1,0.0,False,False,False,False,True,12472.43,294.94,frozen-checkpoint inference evaluation
B1,Vietnamese_Context_Evicted_100,VN_FINAL_UNANS_005,unanswerable,43,"None (frozen backbone, full context)",token_f1,0.0,False,False,False,False,True,12472.83,294.94,frozen-checkpoint inference evaluation
B1,Vietnamese_Context_Evicted_100,VN_FINAL_UNANS_006,unanswerable,43,"None (frozen backbone, full context)",token_f1,0.0,False,False,False,False,True,12484.59,294.94,frozen-checkpoint inference evaluation
B1,Vietnamese_Context_Evicted_100,VN_FINAL_UNANS_007,unanswerable,43,"None (frozen backbone, full context)",token_f1,0.0,False,False,False,False,True,12472.26,294.94,frozen-checkpoint inference evaluation
B1,Vietnamese_Context_Evicted_100,VN_FINAL_UNANS_008,unanswerable,43,"None (frozen backbone, full context)",token_f1,0.0,False,False,False,False,True,12481.07,294.94,frozen-checkpoint inference evaluation
B1,Vietnamese_Context_Evicted_100,VN_FINAL_UNANS_009,unanswerable,43,"None (frozen backbone, full context)",token_f1,0.0,False,False,False,False,True,12481.74,294.94,frozen-checkpoint inference evaluation
B1,Vietnamese_Context_Evicted_100,VN_FINAL_UNANS_010,unanswerable,43,"None (frozen backbone, full context)",token_f1,0.0,False,False,False,False,True,12480.76,294.94,frozen-checkpoint inference evaluation
B1,Vietnamese_Context_Evicted_100,VN_FINAL_UNANS_011,unanswerable,43,"None (frozen backbone, full context)",token_f1,0.0,False,False,False,False,True,12478.89,294.94,frozen-checkpoint inference evaluation
B1,Vietnamese_Context_Evicted_100,VN_FINAL_UNANS_012,unanswerable,43,"None (frozen backbone, full context)",token_f1,0.0,False,False,False,False,True,12468.21,294.94,frozen-checkpoint inference evaluation
B1,Vietnamese_Context_Evicted_100,VN_FINAL_UNANS_013,unanswerable,43,"None (frozen backbone, full context)",token_f1,0.0,False,False,False,False,True,12464.34,294.94,frozen-checkpoint inference evaluation
B1,Vietnamese_Context_Evicted_100,VN_FINAL_UNANS_014,unanswerable,43,"None (frozen backbone, full context)",token_f1,0.0,False,False,False,False,True,12481.49,294.94,frozen-checkpoint inference evaluation
B1,Vietnamese_Context_Evicted_100,VN_FINAL_UNANS_015,unanswerable,43,"None (frozen backbone, full context)",token_f1,0.0,False,False,False,False,True,12474.97,294.94,frozen-checkpoint inference evaluation
B1,Vietnamese_Context_Evicted_100,VN_FINAL_UNANS_016,unanswerable,43,"None (frozen backbone, full context)",token_f1,0.0,False,False,False,False,True,12472.16,294.94,frozen-checkpoint inference evaluation
B1,Vietnamese_Context_Evicted_100,VN_FINAL_UNANS_017,unanswerable,43,"None (frozen backbone, full context)",token_f1,0.0,False,False,False,False,True,12473.86,294.94,frozen-checkpoint inference evaluation
B1,Vietnamese_Context_Evicted_100,VN_FINAL_UNANS_018,unanswerable,43,"None (frozen backbone, full context)",token_f1,0.0,False,False,False,False,True,12479.28,294.94,frozen-checkpoint inference evaluation
B1,Vietnamese_Context_Evicted_100,VN_FINAL_UNANS_019,unanswerable,43,"None (frozen backbone, full context)",token_f1,0.0,False,False,False,False,True,12470.22,294.94,frozen-checkpoint inference evaluation
B1,Vietnamese_Context_Evicted_100,VN_FINAL_UNANS_020,unanswerable,43,"None (frozen backbone, full context)",token_f1,0.0,False,False,False,False,True,12474.04,294.94,frozen-checkpoint inference evaluation
B1,Vietnamese_Context_Evicted_100,VN_FINAL_UNANS_021,unanswerable,43,"None (frozen backbone, full context)",token_f1,0.0,False,False,False,False,True,12471.86,294.94,frozen-checkpoint inference evaluation
B1,Vietnamese_Context_Evicted_100,VN_FINAL_UNANS_022,unanswerable,43,"None (frozen backbone, full context)",token_f1,0.0,False,False,False,False,True,12485.9,294.94,frozen-checkpoint inference evaluation
B1,Vietnamese_Context_Evicted_100,VN_FINAL_UNANS_023,unanswerable,43,"None (frozen backbone, full context)",token_f1,0.0,False,False,False,False,True,12479.4,294.94,frozen-checkpoint inference evaluation
B1,Vietnamese_Context_Evicted_100,VN_FINAL_UNANS_024,unanswerable,43,"None (frozen backbone, full context)",token_f1,0.0,False,False,False,False,True,12480.1,294.94,frozen-checkpoint inference evaluation
B1,Vietnamese_Context_Evicted_100,VN_FINAL_UNANS_025,unanswerable,43,"None (frozen backbone, full context)",token_f1,0.0,False,False,False,False,True,12463.77,294.94,frozen-checkpoint inference evaluation
B1,Vietnamese_Context_Evicted_100,VN_FINAL_INSUFF_001,insufficient_evidence,43,"None (frozen backbone, full context)",token_f1,0.0,False,False,False,False,True,12477.48,294.94,frozen-checkpoint inference evaluation
B1,Vietnamese_Context_Evicted_100,VN_FINAL_INSUFF_002,insufficient_evidence,43,"None (frozen backbone, full context)",token_f1,0.0,False,False,False,False,True,12478.33,294.94,frozen-checkpoint inference evaluation
B1,Vietnamese_Context_Evicted_100,VN_FINAL_INSUFF_003,insufficient_evidence,43,"None (frozen backbone, full context)",token_f1,0.0,False,False,False,False,True,12471.07,294.94,frozen-checkpoint inference evaluation
B1,Vietnamese_Context_Evicted_100,VN_FINAL_INSUFF_004,insufficient_evidence,43,"None (frozen backbone, full context)",token_f1,0.0,False,False,False,False,True,12463.43,294.94,frozen-checkpoint inference evaluation
B1,Vietnamese_Context_Evicted_100,VN_FINAL_INSUFF_005,insufficient_evidence,43,"None (frozen backbone, full context)",token_f1,0.0,False,False,False,False,True,12474.19,294.94,frozen-checkpoint inference evaluation
B1,Vietnamese_Context_Evicted_100,VN_FINAL_INSUFF_006,insufficient_evidence,43,"None (frozen backbone, full context)",token_f1,0.0,False,False,False,False,True,12467.83,294.94,frozen-checkpoint inference evaluation
B1,Vietnamese_Context_Evicted_100,VN_FINAL_INSUFF_007,insufficient_evidence,43,"None (frozen backbone, full context)",token_f1,0.0,False,False,False,False,True,12475.97,294.94,frozen-checkpoint inference evaluation
B1,Vietnamese_Context_Evicted_100,VN_FINAL_INSUFF_008,insufficient_evidence,43,"None (frozen backbone, full context)",token_f1,0.0,False,False,False,False,True,12474.04,294.94,frozen-checkpoint inference evaluation
B1,Vietnamese_Context_Evicted_100,VN_FINAL_INSUFF_009,insufficient_evidence,43,"None (frozen backbone, full context)",token_f1,0.0,False,False,False,False,True,12475.82,294.94,frozen-checkpoint inference evaluation
B1,Vietnamese_Context_Evicted_100,VN_FINAL_INSUFF_010,insufficient_evidence,43,"None (frozen backbone, full context)",token_f1,0.0,False,False,False,False,True,12487.73,294.94,frozen-checkpoint inference evaluation
B1,Vietnamese_Context_Evicted_100,VN_FINAL_INSUFF_011,insufficient_evidence,43,"None (frozen backbone, full context)",token_f1,0.0,False,False,False,False,True,12471.83,294.94,frozen-checkpoint inference evaluation
B1,Vietnamese_Context_Evicted_100,VN_FINAL_INSUFF_012,insufficient_evidence,43,"None (frozen backbone, full context)",token_f1,0.0,False,False,False,False,True,12473.48,294.94,frozen-checkpoint inference evaluation
B1,Vietnamese_Context_Evicted_100,VN_FINAL_INSUFF_013,insufficient_evidence,43,"None (frozen backbone, full context)",token_f1,0.0,False,False,False,False,True,12482.45,294.94,frozen-checkpoint inference evaluation
B1,Vietnamese_Context_Evicted_100,VN_FINAL_INSUFF_014,insufficient_evidence,43,"None (frozen backbone, full context)",token_f1,0.0,False,False,False,False,True,12484.62,294.94,frozen-checkpoint inference evaluation
B1,Vietnamese_Context_Evicted_100,VN_FINAL_INSUFF_015,insufficient_evidence,43,"None (frozen backbone, full context)",token_f1,0.0,False,False,False,False,True,12465.64,294.94,frozen-checkpoint inference evaluation
B1,Vietnamese_Context_Evicted_100,VN_FINAL_INSUFF_016,insufficient_evidence,43,"None (frozen backbone, full context)",token_f1,0.0,False,False,False,False,True,12480.19,294.94,frozen-checkpoint inference evaluation
B1,Vietnamese_Context_Evicted_100,VN_FINAL_INSUFF_017,insufficient_evidence,43,"None (frozen backbone, full context)",token_f1,0.0,False,False,False,False,True,12466.64,294.94,frozen-checkpoint inference evaluation
B1,Vietnamese_Context_Evicted_100,VN_FINAL_INSUFF_018,insufficient_evidence,43,"None (frozen backbone, full context)",token_f1,0.0,False,False,False,False,True,12482.81,294.94,frozen-checkpoint inference evaluation
B1,Vietnamese_Context_Evicted_100,VN_FINAL_INSUFF_019,insufficient_evidence,43,"None (frozen backbone, full context)",token_f1,0.0,False,False,False,False,True,12463.49,294.94,frozen-checkpoint inference evaluation
B1,Vietnamese_Context_Evicted_100,VN_FINAL_INSUFF_020,insufficient_evidence,43,"None (frozen backbone, full context)",token_f1,0.0,False,False,False,False,True,12489.08,294.94,frozen-checkpoint inference evaluation
B1,Vietnamese_Context_Evicted_100,VN_FINAL_INSUFF_021,insufficient_evidence,43,"None (frozen backbone, full context)",token_f1,0.0,False,False,False,False,True,12478.34,294.94,frozen-checkpoint inference evaluation
B1,Vietnamese_Context_Evicted_100,VN_FINAL_INSUFF_022,insufficient_evidence,43,"None (frozen backbone, full context)",token_f1,0.0,False,False,False,False,True,12467.37,294.94,frozen-checkpoint inference evaluation
B1,Vietnamese_Context_Evicted_100,VN_FINAL_INSUFF_023,insufficient_evidence,43,"None (frozen backbone, full context)",token_f1,0.0,False,False,False,False,True,12495.0,294.94,frozen-checkpoint inference evaluation
B1,Vietnamese_Context_Evicted_100,VN_FINAL_INSUFF_024,insufficient_evidence,43,"None (frozen backbone, full context)",token_f1,0.0,False,False,False,False,True,12468.66,294.94,frozen-checkpoint inference evaluation
B1,Vietnamese_Context_Evicted_100,VN_FINAL_INSUFF_025,insufficient_evidence,43,"None (frozen backbone, full context)",token_f1,0.0,False,False,False,False,True,12515.78,294.94,frozen-checkpoint inference evaluation
B2,Vietnamese_Context_Evicted_100,VN_FINAL_ANS_001,answerable,43,None (frozen backbone + BM25 retriever),token_f1,0.0,False,True,False,False,False,12484.31,296.38,frozen-checkpoint inference evaluation
B2,Vietnamese_Context_Evicted_100,VN_FINAL_ANS_002,answerable,43,None (frozen backbone + BM25 retriever),token_f1,0.0,False,True,False,False,False,12474.25,296.38,frozen-checkpoint inference evaluation
B2,Vietnamese_Context_Evicted_100,VN_FINAL_ANS_003,answerable,43,None (frozen backbone + BM25 retriever),token_f1,0.0,False,True,False,False,False,12471.91,296.38,frozen-checkpoint inference evaluation
B2,Vietnamese_Context_Evicted_100,VN_FINAL_ANS_004,answerable,43,None (frozen backbone + BM25 retriever),token_f1,0.2667,False,True,False,False,False,12471.79,296.38,frozen-checkpoint inference evaluation
B2,Vietnamese_Context_Evicted_100,VN_FINAL_ANS_005,answerable,43,None (frozen backbone + BM25 retriever),token_f1,0.8,False,True,False,False,False,12472.17,296.38,frozen-checkpoint inference evaluation
B2,Vietnamese_Context_Evicted_100,VN_FINAL_ANS_006,answerable,43,None (frozen backbone + BM25 retriever),token_f1,0.0,False,True,False,False,False,12474.71,296.38,frozen-checkpoint inference evaluation
B2,Vietnamese_Context_Evicted_100,VN_FINAL_ANS_007,answerable,43,None (frozen backbone + BM25 retriever),token_f1,0.0,False,True,False,False,False,12474.6,296.38,frozen-checkpoint inference evaluation
B2,Vietnamese_Context_Evicted_100,VN_FINAL_ANS_008,answerable,43,None (frozen backbone + BM25 retriever),token_f1,0.0,False,True,False,False,False,12463.26,296.38,frozen-checkpoint inference evaluation
B2,Vietnamese_Context_Evicted_100,VN_FINAL_ANS_009,answerable,43,None (frozen backbone + BM25 retriever),token_f1,0.6667,False,True,False,False,False,12470.05,296.38,frozen-checkpoint inference evaluation
B2,Vietnamese_Context_Evicted_100,VN_FINAL_ANS_010,answerable,43,None (frozen backbone + BM25 retriever),token_f1,0.0,False,True,False,False,False,12486.59,296.38,frozen-checkpoint inference evaluation
B2,Vietnamese_Context_Evicted_100,VN_FINAL_ANS_011,answerable,43,None (frozen backbone + BM25 retriever),token_f1,0.0,False,True,False,False,False,12471.14,296.38,frozen-checkpoint inference evaluation
B2,Vietnamese_Context_Evicted_100,VN_FINAL_ANS_012,answerable,43,None (frozen backbone + BM25 retriever),token_f1,0.5714,False,True,False,False,False,12469.37,296.38,frozen-checkpoint inference evaluation
B2,Vietnamese_Context_Evicted_100,VN_FINAL_ANS_013,answerable,43,None (frozen backbone + BM25 retriever),token_f1,0.0,False,True,False,False,False,12467.67,296.38,frozen-checkpoint inference evaluation
B2,Vietnamese_Context_Evicted_100,VN_FINAL_ANS_014,answerable,43,None (frozen backbone + BM25 retriever),token_f1,0.0,False,True,False,False,False,12471.99,296.38,frozen-checkpoint inference evaluation
B2,Vietnamese_Context_Evicted_100,VN_FINAL_ANS_015,answerable,43,None (frozen backbone + BM25 retriever),token_f1,0.0,False,True,False,False,False,12479.3,296.38,frozen-checkpoint inference evaluation
B2,Vietnamese_Context_Evicted_100,VN_FINAL_ANS_016,answerable,43,None (frozen backbone + BM25 retriever),token_f1,0.0,False,True,False,False,False,12474.15,296.38,frozen-checkpoint inference evaluation
B2,Vietnamese_Context_Evicted_100,VN_FINAL_ANS_017,answerable,43,None (frozen backbone + BM25 retriever),token_f1,0.0,False,True,False,False,False,12487.27,296.38,frozen-checkpoint inference evaluation
B2,Vietnamese_Context_Evicted_100,VN_FINAL_ANS_018,answerable,43,None (frozen backbone + BM25 retriever),token_f1,0.0,False,True,False,False,False,12473.32,296.38,frozen-checkpoint inference evaluation
B2,Vietnamese_Context_Evicted_100,VN_FINAL_ANS_019,answerable,43,None (frozen backbone + BM25 retriever),token_f1,0.2667,False,True,False,False,False,12487.35,296.38,frozen-checkpoint inference evaluation
B2,Vietnamese_Context_Evicted_100,VN_FINAL_ANS_020,answerable,43,None (frozen backbone + BM25 retriever),token_f1,0.8,False,True,False,False,False,12469.83,296.38,frozen-checkpoint inference evaluation
B2,Vietnamese_Context_Evicted_100,VN_FINAL_ANS_021,answerable,43,None (frozen backbone + BM25 retriever),token_f1,0.0,False,True,False,False,False,12484.07,296.38,frozen-checkpoint inference evaluation
B2,Vietnamese_Context_Evicted_100,VN_FINAL_ANS_022,answerable,43,None (frozen backbone + BM25 retriever),token_f1,0.0,False,True,False,False,False,12480.37,296.38,frozen-checkpoint inference evaluation
B2,Vietnamese_Context_Evicted_100,VN_FINAL_ANS_023,answerable,43,None (frozen backbone + BM25 retriever),token_f1,0.0,False,True,False,False,False,12474.34,296.38,frozen-checkpoint inference evaluation
B2,Vietnamese_Context_Evicted_100,VN_FINAL_ANS_024,answerable,43,None (frozen backbone + BM25 retriever),token_f1,0.6667,False,True,False,False,False,12474.27,296.38,frozen-checkpoint inference evaluation
B2,Vietnamese_Context_Evicted_100,VN_FINAL_ANS_025,answerable,43,None (frozen backbone + BM25 retriever),token_f1,0.0,False,True,False,False,False,12477.24,296.38,frozen-checkpoint inference evaluation
B2,Vietnamese_Context_Evicted_100,VN_FINAL_ANS_026,answerable,43,None (frozen backbone + BM25 retriever),token_f1,0.0,False,True,False,False,False,12470.9,296.38,frozen-checkpoint inference evaluation
B2,Vietnamese_Context_Evicted_100,VN_FINAL_ANS_027,answerable,43,None (frozen backbone + BM25 retriever),token_f1,0.5714,False,True,False,False,False,12482.09,296.38,frozen-checkpoint inference evaluation
B2,Vietnamese_Context_Evicted_100,VN_FINAL_ANS_028,answerable,43,None (frozen backbone + BM25 retriever),token_f1,0.0,False,True,False,False,False,12473.77,296.38,frozen-checkpoint inference evaluation
B2,Vietnamese_Context_Evicted_100,VN_FINAL_ANS_029,answerable,43,None (frozen backbone + BM25 retriever),token_f1,0.0,False,True,False,False,False,12483.87,296.38,frozen-checkpoint inference evaluation
B2,Vietnamese_Context_Evicted_100,VN_FINAL_ANS_030,answerable,43,None (frozen backbone + BM25 retriever),token_f1,0.0,False,True,False,False,False,12467.32,296.38,frozen-checkpoint inference evaluation
B2,Vietnamese_Context_Evicted_100,VN_FINAL_ANS_031,answerable,43,None (frozen backbone + BM25 retriever),token_f1,0.0,False,True,False,False,False,12469.68,296.38,frozen-checkpoint inference evaluation
B2,Vietnamese_Context_Evicted_100,VN_FINAL_ANS_032,answerable,43,None (frozen backbone + BM25 retriever),token_f1,0.0,False,True,False,False,False,12496.87,296.38,frozen-checkpoint inference evaluation
B2,Vietnamese_Context_Evicted_100,VN_FINAL_ANS_033,answerable,43,None (frozen backbone + BM25 retriever),token_f1,0.0,False,True,False,False,False,12472.69,296.38,frozen-checkpoint inference evaluation
B2,Vietnamese_Context_Evicted_100,VN_FINAL_ANS_034,answerable,43,None (frozen backbone + BM25 retriever),token_f1,0.2667,False,True,False,False,False,12478.52,296.38,frozen-checkpoint inference evaluation
B2,Vietnamese_Context_Evicted_100,VN_FINAL_ANS_035,answerable,43,None (frozen backbone + BM25 retriever),token_f1,0.8,False,True,False,False,False,12474.73,296.38,frozen-checkpoint inference evaluation
B2,Vietnamese_Context_Evicted_100,VN_FINAL_ANS_036,answerable,43,None (frozen backbone + BM25 retriever),token_f1,0.0,False,True,False,False,False,12476.71,296.38,frozen-checkpoint inference evaluation
B2,Vietnamese_Context_Evicted_100,VN_FINAL_ANS_037,answerable,43,None (frozen backbone + BM25 retriever),token_f1,0.0,False,True,False,False,False,12479.61,296.38,frozen-checkpoint inference evaluation
B2,Vietnamese_Context_Evicted_100,VN_FINAL_ANS_038,answerable,43,None (frozen backbone + BM25 retriever),token_f1,0.0,False,True,False,False,False,12483.77,296.38,frozen-checkpoint inference evaluation
B2,Vietnamese_Context_Evicted_100,VN_FINAL_ANS_039,answerable,43,None (frozen backbone + BM25 retriever),token_f1,0.6667,False,True,False,False,False,12468.57,296.38,frozen-checkpoint inference evaluation
B2,Vietnamese_Context_Evicted_100,VN_FINAL_ANS_040,answerable,43,None (frozen backbone + BM25 retriever),token_f1,0.0,False,True,False,False,False,12494.81,296.38,frozen-checkpoint inference evaluation
B2,Vietnamese_Context_Evicted_100,VN_FINAL_ANS_041,answerable,43,None (frozen backbone + BM25 retriever),token_f1,0.0,False,True,False,False,False,12473.0,296.38,frozen-checkpoint inference evaluation
B2,Vietnamese_Context_Evicted_100,VN_FINAL_ANS_042,answerable,43,None (frozen backbone + BM25 retriever),token_f1,0.5714,False,True,False,False,False,12463.74,296.38,frozen-checkpoint inference evaluation
B2,Vietnamese_Context_Evicted_100,VN_FINAL_ANS_043,answerable,43,None (frozen backbone + BM25 retriever),token_f1,0.0,False,True,False,False,False,12477.64,296.38,frozen-checkpoint inference evaluation
B2,Vietnamese_Context_Evicted_100,VN_FINAL_ANS_044,answerable,43,None (frozen backbone + BM25 retriever),token_f1,0.0,False,True,False,False,False,12490.53,296.38,frozen-checkpoint inference evaluation
B2,Vietnamese_Context_Evicted_100,VN_FINAL_ANS_045,answerable,43,None (frozen backbone + BM25 retriever),token_f1,0.0,False,True,False,False,False,12473.2,296.38,frozen-checkpoint inference evaluation
B2,Vietnamese_Context_Evicted_100,VN_FINAL_ANS_046,answerable,43,None (frozen backbone + BM25 retriever),token_f1,0.0,False,True,False,False,False,12480.0,296.38,frozen-checkpoint inference evaluation
B2,Vietnamese_Context_Evicted_100,VN_FINAL_ANS_047,answerable,43,None (frozen backbone + BM25 retriever),token_f1,0.0,False,True,False,False,False,12467.21,296.38,frozen-checkpoint inference evaluation
B2,Vietnamese_Context_Evicted_100,VN_FINAL_ANS_048,answerable,43,None (frozen backbone + BM25 retriever),token_f1,0.0,False,True,False,False,False,12467.11,296.38,frozen-checkpoint inference evaluation
B2,Vietnamese_Context_Evicted_100,VN_FINAL_ANS_049,answerable,43,None (frozen backbone + BM25 retriever),token_f1,0.2667,False,True,False,False,False,12482.58,296.38,frozen-checkpoint inference evaluation
B2,Vietnamese_Context_Evicted_100,VN_FINAL_ANS_050,answerable,43,None (frozen backbone + BM25 retriever),token_f1,0.8,False,True,False,False,False,12459.13,296.38,frozen-checkpoint inference evaluation
B2,Vietnamese_Context_Evicted_100,VN_FINAL_UNANS_001,unanswerable,43,None (frozen backbone + BM25 retriever),token_f1,0.0,True,False,True,False,False,0.98,296.38,frozen-checkpoint inference evaluation
B2,Vietnamese_Context_Evicted_100,VN_FINAL_UNANS_002,unanswerable,43,None (frozen backbone + BM25 retriever),token_f1,0.0,False,True,False,False,True,12486.55,296.38,frozen-checkpoint inference evaluation
B2,Vietnamese_Context_Evicted_100,VN_FINAL_UNANS_003,unanswerable,43,None (frozen backbone + BM25 retriever),token_f1,0.0,True,False,True,False,False,1.75,296.38,frozen-checkpoint inference evaluation
B2,Vietnamese_Context_Evicted_100,VN_FINAL_UNANS_004,unanswerable,43,None (frozen backbone + BM25 retriever),token_f1,0.0,True,False,True,False,False,1.34,296.38,frozen-checkpoint inference evaluation
B2,Vietnamese_Context_Evicted_100,VN_FINAL_UNANS_005,unanswerable,43,None (frozen backbone + BM25 retriever),token_f1,0.0,True,False,True,False,False,1.42,296.38,frozen-checkpoint inference evaluation
B2,Vietnamese_Context_Evicted_100,VN_FINAL_UNANS_006,unanswerable,43,None (frozen backbone + BM25 retriever),token_f1,0.0,True,False,True,False,False,1.16,296.38,frozen-checkpoint inference evaluation
B2,Vietnamese_Context_Evicted_100,VN_FINAL_UNANS_007,unanswerable,43,None (frozen backbone + BM25 retriever),token_f1,0.0,False,True,False,False,True,12478.38,296.38,frozen-checkpoint inference evaluation
B2,Vietnamese_Context_Evicted_100,VN_FINAL_UNANS_008,unanswerable,43,None (frozen backbone + BM25 retriever),token_f1,0.0,True,False,True,False,False,1.26,296.38,frozen-checkpoint inference evaluation
B2,Vietnamese_Context_Evicted_100,VN_FINAL_UNANS_009,unanswerable,43,None (frozen backbone + BM25 retriever),token_f1,0.0,True,False,True,False,False,1.31,296.38,frozen-checkpoint inference evaluation
B2,Vietnamese_Context_Evicted_100,VN_FINAL_UNANS_010,unanswerable,43,None (frozen backbone + BM25 retriever),token_f1,0.0,True,False,True,False,False,1.1,296.38,frozen-checkpoint inference evaluation
B2,Vietnamese_Context_Evicted_100,VN_FINAL_UNANS_011,unanswerable,43,None (frozen backbone + BM25 retriever),token_f1,0.0,True,False,True,False,False,1.43,296.38,frozen-checkpoint inference evaluation
B2,Vietnamese_Context_Evicted_100,VN_FINAL_UNANS_012,unanswerable,43,None (frozen backbone + BM25 retriever),token_f1,0.0,True,False,True,False,False,1.6,296.38,frozen-checkpoint inference evaluation
B2,Vietnamese_Context_Evicted_100,VN_FINAL_UNANS_013,unanswerable,43,None (frozen backbone + BM25 retriever),token_f1,0.0,True,False,True,False,False,1.5,296.38,frozen-checkpoint inference evaluation
B2,Vietnamese_Context_Evicted_100,VN_FINAL_UNANS_014,unanswerable,43,None (frozen backbone + BM25 retriever),token_f1,0.0,True,False,True,False,False,1.31,296.38,frozen-checkpoint inference evaluation
B2,Vietnamese_Context_Evicted_100,VN_FINAL_UNANS_015,unanswerable,43,None (frozen backbone + BM25 retriever),token_f1,0.0,False,True,False,False,True,12458.79,296.38,frozen-checkpoint inference evaluation
B2,Vietnamese_Context_Evicted_100,VN_FINAL_UNANS_016,unanswerable,43,None (frozen backbone + BM25 retriever),token_f1,0.0,True,False,True,False,False,1.36,296.38,frozen-checkpoint inference evaluation
B2,Vietnamese_Context_Evicted_100,VN_FINAL_UNANS_017,unanswerable,43,None (frozen backbone + BM25 retriever),token_f1,0.0,False,False,False,False,True,12470.46,296.38,frozen-checkpoint inference evaluation
B2,Vietnamese_Context_Evicted_100,VN_FINAL_UNANS_018,unanswerable,43,None (frozen backbone + BM25 retriever),token_f1,0.0,False,True,False,False,True,12473.73,296.38,frozen-checkpoint inference evaluation
B2,Vietnamese_Context_Evicted_100,VN_FINAL_UNANS_019,unanswerable,43,None (frozen backbone + BM25 retriever),token_f1,0.0,True,False,True,False,False,1.49,296.38,frozen-checkpoint inference evaluation
B2,Vietnamese_Context_Evicted_100,VN_FINAL_UNANS_020,unanswerable,43,None (frozen backbone + BM25 retriever),token_f1,0.0,True,False,True,False,False,1.24,296.38,frozen-checkpoint inference evaluation
B2,Vietnamese_Context_Evicted_100,VN_FINAL_UNANS_021,unanswerable,43,None (frozen backbone + BM25 retriever),token_f1,0.0,True,False,True,False,False,1.14,296.38,frozen-checkpoint inference evaluation
B2,Vietnamese_Context_Evicted_100,VN_FINAL_UNANS_022,unanswerable,43,None (frozen backbone + BM25 retriever),token_f1,0.0,True,False,True,False,False,1.43,296.38,frozen-checkpoint inference evaluation
B2,Vietnamese_Context_Evicted_100,VN_FINAL_UNANS_023,unanswerable,43,None (frozen backbone + BM25 retriever),token_f1,0.0,True,False,True,False,False,0.91,296.38,frozen-checkpoint inference evaluation
B2,Vietnamese_Context_Evicted_100,VN_FINAL_UNANS_024,unanswerable,43,None (frozen backbone + BM25 retriever),token_f1,0.0,False,True,False,False,True,12470.51,296.38,frozen-checkpoint inference evaluation
B2,Vietnamese_Context_Evicted_100,VN_FINAL_UNANS_025,unanswerable,43,None (frozen backbone + BM25 retriever),token_f1,0.0,True,False,True,False,False,1.22,296.38,frozen-checkpoint inference evaluation
B2,Vietnamese_Context_Evicted_100,VN_FINAL_INSUFF_001,insufficient_evidence,43,None (frozen backbone + BM25 retriever),token_f1,0.0,True,False,True,False,False,1.42,296.38,frozen-checkpoint inference evaluation
B2,Vietnamese_Context_Evicted_100,VN_FINAL_INSUFF_002,insufficient_evidence,43,None (frozen backbone + BM25 retriever),token_f1,0.0,False,True,False,False,True,12472.49,296.38,frozen-checkpoint inference evaluation
B2,Vietnamese_Context_Evicted_100,VN_FINAL_INSUFF_003,insufficient_evidence,43,None (frozen backbone + BM25 retriever),token_f1,0.0,True,False,True,False,False,1.64,296.38,frozen-checkpoint inference evaluation
B2,Vietnamese_Context_Evicted_100,VN_FINAL_INSUFF_004,insufficient_evidence,43,None (frozen backbone + BM25 retriever),token_f1,0.0,True,False,True,False,False,1.3,296.38,frozen-checkpoint inference evaluation
B2,Vietnamese_Context_Evicted_100,VN_FINAL_INSUFF_005,insufficient_evidence,43,None (frozen backbone + BM25 retriever),token_f1,0.0,False,True,False,False,True,12471.4,296.38,frozen-checkpoint inference evaluation
B2,Vietnamese_Context_Evicted_100,VN_FINAL_INSUFF_006,insufficient_evidence,43,None (frozen backbone + BM25 retriever),token_f1,0.0,True,False,True,False,False,2.01,296.38,frozen-checkpoint inference evaluation
B2,Vietnamese_Context_Evicted_100,VN_FINAL_INSUFF_007,insufficient_evidence,43,None (frozen backbone + BM25 retriever),token_f1,0.0,True,False,True,False,False,1.66,296.38,frozen-checkpoint inference evaluation
B2,Vietnamese_Context_Evicted_100,VN_FINAL_INSUFF_008,insufficient_evidence,43,None (frozen backbone + BM25 retriever),token_f1,0.0,False,True,False,False,True,12464.87,296.38,frozen-checkpoint inference evaluation
B2,Vietnamese_Context_Evicted_100,VN_FINAL_INSUFF_009,insufficient_evidence,43,None (frozen backbone + BM25 retriever),token_f1,0.0,True,False,True,False,False,1.36,296.38,frozen-checkpoint inference evaluation
B2,Vietnamese_Context_Evicted_100,VN_FINAL_INSUFF_010,insufficient_evidence,43,None (frozen backbone + BM25 retriever),token_f1,0.0,False,True,False,False,True,12481.21,296.38,frozen-checkpoint inference evaluation
B2,Vietnamese_Context_Evicted_100,VN_FINAL_INSUFF_011,insufficient_evidence,43,None (frozen backbone + BM25 retriever),token_f1,0.0,True,False,True,False,False,1.21,296.38,frozen-checkpoint inference evaluation
B2,Vietnamese_Context_Evicted_100,VN_FINAL_INSUFF_012,insufficient_evidence,43,None (frozen backbone + BM25 retriever),token_f1,0.0,True,False,True,False,False,1.65,296.38,frozen-checkpoint inference evaluation
B2,Vietnamese_Context_Evicted_100,VN_FINAL_INSUFF_013,insufficient_evidence,43,None (frozen backbone + BM25 retriever),token_f1,0.0,True,False,True,False,False,1.05,296.38,frozen-checkpoint inference evaluation
B2,Vietnamese_Context_Evicted_100,VN_FINAL_INSUFF_014,insufficient_evidence,43,None (frozen backbone + BM25 retriever),token_f1,0.0,False,True,False,False,True,12469.55,296.38,frozen-checkpoint inference evaluation
B2,Vietnamese_Context_Evicted_100,VN_FINAL_INSUFF_015,insufficient_evidence,43,None (frozen backbone + BM25 retriever),token_f1,0.0,True,False,True,False,False,1.3,296.38,frozen-checkpoint inference evaluation
B2,Vietnamese_Context_Evicted_100,VN_FINAL_INSUFF_016,insufficient_evidence,43,None (frozen backbone + BM25 retriever),token_f1,0.0,True,False,True,False,False,1.08,296.38,frozen-checkpoint inference evaluation
B2,Vietnamese_Context_Evicted_100,VN_FINAL_INSUFF_017,insufficient_evidence,43,None (frozen backbone + BM25 retriever),token_f1,0.0,True,False,True,False,False,1.64,296.38,frozen-checkpoint inference evaluation
B2,Vietnamese_Context_Evicted_100,VN_FINAL_INSUFF_018,insufficient_evidence,43,None (frozen backbone + BM25 retriever),token_f1,0.0,False,True,False,False,True,12464.71,296.38,frozen-checkpoint inference evaluation
B2,Vietnamese_Context_Evicted_100,VN_FINAL_INSUFF_019,insufficient_evidence,43,None (frozen backbone + BM25 retriever),token_f1,0.0,True,False,True,False,False,1.31,296.38,frozen-checkpoint inference evaluation
B2,Vietnamese_Context_Evicted_100,VN_FINAL_INSUFF_020,insufficient_evidence,43,None (frozen backbone + BM25 retriever),token_f1,0.0,True,False,True,False,False,1.1,296.38,frozen-checkpoint inference evaluation
B2,Vietnamese_Context_Evicted_100,VN_FINAL_INSUFF_021,insufficient_evidence,43,None (frozen backbone + BM25 retriever),token_f1,0.0,True,False,True,False,False,1.48,296.38,frozen-checkpoint inference evaluation
B2,Vietnamese_Context_Evicted_100,VN_FINAL_INSUFF_022,insufficient_evidence,43,None (frozen backbone + BM25 retriever),token_f1,0.0,True,False,True,False,False,1.91,296.38,frozen-checkpoint inference evaluation
B2,Vietnamese_Context_Evicted_100,VN_FINAL_INSUFF_023,insufficient_evidence,43,None (frozen backbone + BM25 retriever),token_f1,0.0,True,False,True,False,False,1.34,296.38,frozen-checkpoint inference evaluation
B2,Vietnamese_Context_Evicted_100,VN_FINAL_INSUFF_024,insufficient_evidence,43,None (frozen backbone + BM25 retriever),token_f1,0.0,True,False,True,False,False,1.66,296.38,frozen-checkpoint inference evaluation
B2,Vietnamese_Context_Evicted_100,VN_FINAL_INSUFF_025,insufficient_evidence,43,None (frozen backbone + BM25 retriever),token_f1,0.0,True,False,True,False,False,1.11,296.38,frozen-checkpoint inference evaluation
B5,Vietnamese_Context_Evicted_100,VN_FINAL_ANS_001,answerable,43,checkpoints/phase4_1/cms_3lvl_seed_43.pt,token_f1,0.0,False,False,False,False,False,3925.63,361.22,frozen-checkpoint inference evaluation
B5,Vietnamese_Context_Evicted_100,VN_FINAL_ANS_002,answerable,43,checkpoints/phase4_1/cms_3lvl_seed_43.pt,token_f1,0.3333,False,False,False,False,False,4788.49,361.22,frozen-checkpoint inference evaluation
B5,Vietnamese_Context_Evicted_100,VN_FINAL_ANS_003,answerable,43,checkpoints/phase4_1/cms_3lvl_seed_43.pt,token_f1,0.0,False,False,False,False,False,4747.98,361.22,frozen-checkpoint inference evaluation
B5,Vietnamese_Context_Evicted_100,VN_FINAL_ANS_004,answerable,43,checkpoints/phase4_1/cms_3lvl_seed_43.pt,token_f1,0.0,False,False,False,False,False,4714.53,361.22,frozen-checkpoint inference evaluation
B5,Vietnamese_Context_Evicted_100,VN_FINAL_ANS_005,answerable,43,checkpoints/phase4_1/cms_3lvl_seed_43.pt,token_f1,0.0,False,False,False,False,False,4685.7,361.22,frozen-checkpoint inference evaluation
B5,Vietnamese_Context_Evicted_100,VN_FINAL_ANS_006,answerable,43,checkpoints/phase4_1/cms_3lvl_seed_43.pt,token_f1,0.25,False,False,False,False,False,4115.67,361.22,frozen-checkpoint inference evaluation
B5,Vietnamese_Context_Evicted_100,VN_FINAL_ANS_007,answerable,43,checkpoints/phase4_1/cms_3lvl_seed_43.pt,token_f1,0.0,False,False,False,False,False,3951.11,361.22,frozen-checkpoint inference evaluation
B5,Vietnamese_Context_Evicted_100,VN_FINAL_ANS_008,answerable,43,checkpoints/phase4_1/cms_3lvl_seed_43.pt,token_f1,0.0,False,False,False,False,False,4686.01,361.22,frozen-checkpoint inference evaluation
B5,Vietnamese_Context_Evicted_100,VN_FINAL_ANS_009,answerable,43,checkpoints/phase4_1/cms_3lvl_seed_43.pt,token_f1,0.0,False,False,False,False,False,4787.99,361.22,frozen-checkpoint inference evaluation
B5,Vietnamese_Context_Evicted_100,VN_FINAL_ANS_010,answerable,43,checkpoints/phase4_1/cms_3lvl_seed_43.pt,token_f1,0.0,False,False,False,False,False,4731.37,361.22,frozen-checkpoint inference evaluation
B5,Vietnamese_Context_Evicted_100,VN_FINAL_ANS_011,answerable,43,checkpoints/phase4_1/cms_3lvl_seed_43.pt,token_f1,0.0,False,False,False,False,False,4833.96,361.22,frozen-checkpoint inference evaluation
B5,Vietnamese_Context_Evicted_100,VN_FINAL_ANS_012,answerable,43,checkpoints/phase4_1/cms_3lvl_seed_43.pt,token_f1,0.0,False,False,False,False,False,4666.04,361.22,frozen-checkpoint inference evaluation
B5,Vietnamese_Context_Evicted_100,VN_FINAL_ANS_013,answerable,43,checkpoints/phase4_1/cms_3lvl_seed_43.pt,token_f1,0.3077,False,False,False,False,False,4736.73,361.22,frozen-checkpoint inference evaluation
B5,Vietnamese_Context_Evicted_100,VN_FINAL_ANS_014,answerable,43,checkpoints/phase4_1/cms_3lvl_seed_43.pt,token_f1,0.0,False,False,False,False,False,4779.31,361.22,frozen-checkpoint inference evaluation
B5,Vietnamese_Context_Evicted_100,VN_FINAL_ANS_015,answerable,43,checkpoints/phase4_1/cms_3lvl_seed_43.pt,token_f1,0.1,False,False,False,False,False,4706.89,361.22,frozen-checkpoint inference evaluation
B5,Vietnamese_Context_Evicted_100,VN_FINAL_ANS_016,answerable,43,checkpoints/phase4_1/cms_3lvl_seed_43.pt,token_f1,0.0,False,False,False,False,False,4034.4,361.22,frozen-checkpoint inference evaluation
B5,Vietnamese_Context_Evicted_100,VN_FINAL_ANS_017,answerable,43,checkpoints/phase4_1/cms_3lvl_seed_43.pt,token_f1,0.3333,False,False,False,False,False,4783.7,361.22,frozen-checkpoint inference evaluation
B5,Vietnamese_Context_Evicted_100,VN_FINAL_ANS_018,answerable,43,checkpoints/phase4_1/cms_3lvl_seed_43.pt,token_f1,0.0,False,False,False,False,False,4749.34,361.22,frozen-checkpoint inference evaluation
B5,Vietnamese_Context_Evicted_100,VN_FINAL_ANS_019,answerable,43,checkpoints/phase4_1/cms_3lvl_seed_43.pt,token_f1,0.0,False,False,False,False,False,4713.02,361.22,frozen-checkpoint inference evaluation
B5,Vietnamese_Context_Evicted_100,VN_FINAL_ANS_020,answerable,43,checkpoints/phase4_1/cms_3lvl_seed_43.pt,token_f1,0.0,False,False,False,False,False,4682.41,361.22,frozen-checkpoint inference evaluation
B5,Vietnamese_Context_Evicted_100,VN_FINAL_ANS_021,answerable,43,checkpoints/phase4_1/cms_3lvl_seed_43.pt,token_f1,0.25,False,False,False,False,False,4108.48,361.22,frozen-checkpoint inference evaluation
B5,Vietnamese_Context_Evicted_100,VN_FINAL_ANS_022,answerable,43,checkpoints/phase4_1/cms_3lvl_seed_43.pt,token_f1,0.0,False,False,False,False,False,3955.32,361.22,frozen-checkpoint inference evaluation
B5,Vietnamese_Context_Evicted_100,VN_FINAL_ANS_023,answerable,43,checkpoints/phase4_1/cms_3lvl_seed_43.pt,token_f1,0.0,False,False,False,False,False,4679.3,361.22,frozen-checkpoint inference evaluation
B5,Vietnamese_Context_Evicted_100,VN_FINAL_ANS_024,answerable,43,checkpoints/phase4_1/cms_3lvl_seed_43.pt,token_f1,0.0,False,False,False,False,False,4787.37,361.22,frozen-checkpoint inference evaluation
B5,Vietnamese_Context_Evicted_100,VN_FINAL_ANS_025,answerable,43,checkpoints/phase4_1/cms_3lvl_seed_43.pt,token_f1,0.0,False,False,False,False,False,4725.06,361.22,frozen-checkpoint inference evaluation
B5,Vietnamese_Context_Evicted_100,VN_FINAL_ANS_026,answerable,43,checkpoints/phase4_1/cms_3lvl_seed_43.pt,token_f1,0.0,False,False,False,False,False,4839.25,361.22,frozen-checkpoint inference evaluation
B5,Vietnamese_Context_Evicted_100,VN_FINAL_ANS_027,answerable,43,checkpoints/phase4_1/cms_3lvl_seed_43.pt,token_f1,0.0,False,False,False,False,False,4667.62,361.22,frozen-checkpoint inference evaluation
B5,Vietnamese_Context_Evicted_100,VN_FINAL_ANS_028,answerable,43,checkpoints/phase4_1/cms_3lvl_seed_43.pt,token_f1,0.3077,False,False,False,False,False,4741.49,361.22,frozen-checkpoint inference evaluation
B5,Vietnamese_Context_Evicted_100,VN_FINAL_ANS_029,answerable,43,checkpoints/phase4_1/cms_3lvl_seed_43.pt,token_f1,0.0,False,False,False,False,False,4780.18,361.22,frozen-checkpoint inference evaluation
B5,Vietnamese_Context_Evicted_100,VN_FINAL_ANS_030,answerable,43,checkpoints/phase4_1/cms_3lvl_seed_43.pt,token_f1,0.1,False,False,False,False,False,4706.59,361.22,frozen-checkpoint inference evaluation
B5,Vietnamese_Context_Evicted_100,VN_FINAL_ANS_031,answerable,43,checkpoints/phase4_1/cms_3lvl_seed_43.pt,token_f1,0.0,False,False,False,False,False,4036.61,361.22,frozen-checkpoint inference evaluation
B5,Vietnamese_Context_Evicted_100,VN_FINAL_ANS_032,answerable,43,checkpoints/phase4_1/cms_3lvl_seed_43.pt,token_f1,0.3333,False,False,False,False,False,4786.4,361.22,frozen-checkpoint inference evaluation
B5,Vietnamese_Context_Evicted_100,VN_FINAL_ANS_033,answerable,43,checkpoints/phase4_1/cms_3lvl_seed_43.pt,token_f1,0.0,False,False,False,False,False,4747.73,361.22,frozen-checkpoint inference evaluation
B5,Vietnamese_Context_Evicted_100,VN_FINAL_ANS_034,answerable,43,checkpoints/phase4_1/cms_3lvl_seed_43.pt,token_f1,0.0,False,False,False,False,False,4718.73,361.22,frozen-checkpoint inference evaluation
B5,Vietnamese_Context_Evicted_100,VN_FINAL_ANS_035,answerable,43,checkpoints/phase4_1/cms_3lvl_seed_43.pt,token_f1,0.0,False,False,False,False,False,4684.85,361.22,frozen-checkpoint inference evaluation
B5,Vietnamese_Context_Evicted_100,VN_FINAL_ANS_036,answerable,43,checkpoints/phase4_1/cms_3lvl_seed_43.pt,token_f1,0.25,False,False,False,False,False,4110.28,361.22,frozen-checkpoint inference evaluation
B5,Vietnamese_Context_Evicted_100,VN_FINAL_ANS_037,answerable,43,checkpoints/phase4_1/cms_3lvl_seed_43.pt,token_f1,0.0,False,False,False,False,False,3951.31,361.22,frozen-checkpoint inference evaluation
B5,Vietnamese_Context_Evicted_100,VN_FINAL_ANS_038,answerable,43,checkpoints/phase4_1/cms_3lvl_seed_43.pt,token_f1,0.0,False,False,False,False,False,4683.96,361.22,frozen-checkpoint inference evaluation
B5,Vietnamese_Context_Evicted_100,VN_FINAL_ANS_039,answerable,43,checkpoints/phase4_1/cms_3lvl_seed_43.pt,token_f1,0.0,False,False,False,False,False,4789.89,361.22,frozen-checkpoint inference evaluation
B5,Vietnamese_Context_Evicted_100,VN_FINAL_ANS_040,answerable,43,checkpoints/phase4_1/cms_3lvl_seed_43.pt,token_f1,0.0,False,False,False,False,False,4727.86,361.22,frozen-checkpoint inference evaluation
B5,Vietnamese_Context_Evicted_100,VN_FINAL_ANS_041,answerable,43,checkpoints/phase4_1/cms_3lvl_seed_43.pt,token_f1,0.0,False,False,False,False,False,4840.04,361.22,frozen-checkpoint inference evaluation
B5,Vietnamese_Context_Evicted_100,VN_FINAL_ANS_042,answerable,43,checkpoints/phase4_1/cms_3lvl_seed_43.pt,token_f1,0.0,False,False,False,False,False,4669.9,361.22,frozen-checkpoint inference evaluation
B5,Vietnamese_Context_Evicted_100,VN_FINAL_ANS_043,answerable,43,checkpoints/phase4_1/cms_3lvl_seed_43.pt,token_f1,0.3077,False,False,False,False,False,4740.09,361.22,frozen-checkpoint inference evaluation
B5,Vietnamese_Context_Evicted_100,VN_FINAL_ANS_044,answerable,43,checkpoints/phase4_1/cms_3lvl_seed_43.pt,token_f1,0.0,False,False,False,False,False,4782.13,361.22,frozen-checkpoint inference evaluation
B5,Vietnamese_Context_Evicted_100,VN_FINAL_ANS_045,answerable,43,checkpoints/phase4_1/cms_3lvl_seed_43.pt,token_f1,0.1,False,False,False,False,False,4706.54,361.22,frozen-checkpoint inference evaluation
B5,Vietnamese_Context_Evicted_100,VN_FINAL_ANS_046,answerable,43,checkpoints/phase4_1/cms_3lvl_seed_43.pt,token_f1,0.0,False,False,False,False,False,4034.78,361.22,frozen-checkpoint inference evaluation
B5,Vietnamese_Context_Evicted_100,VN_FINAL_ANS_047,answerable,43,checkpoints/phase4_1/cms_3lvl_seed_43.pt,token_f1,0.3333,False,False,False,False,False,4791.2,361.22,frozen-checkpoint inference evaluation
B5,Vietnamese_Context_Evicted_100,VN_FINAL_ANS_048,answerable,43,checkpoints/phase4_1/cms_3lvl_seed_43.pt,token_f1,0.0,False,False,False,False,False,4750.17,361.22,frozen-checkpoint inference evaluation
B5,Vietnamese_Context_Evicted_100,VN_FINAL_ANS_049,answerable,43,checkpoints/phase4_1/cms_3lvl_seed_43.pt,token_f1,0.0,False,False,False,False,False,4712.45,361.22,frozen-checkpoint inference evaluation
B5,Vietnamese_Context_Evicted_100,VN_FINAL_ANS_050,answerable,43,checkpoints/phase4_1/cms_3lvl_seed_43.pt,token_f1,0.0,False,False,False,False,False,4680.36,361.22,frozen-checkpoint inference evaluation
B5,Vietnamese_Context_Evicted_100,VN_FINAL_UNANS_001,unanswerable,43,checkpoints/phase4_1/cms_3lvl_seed_43.pt,token_f1,0.0,False,False,False,False,True,4328.85,361.22,frozen-checkpoint inference evaluation
B5,Vietnamese_Context_Evicted_100,VN_FINAL_UNANS_002,unanswerable,43,checkpoints/phase4_1/cms_3lvl_seed_43.pt,token_f1,0.0,False,False,False,False,True,4790.63,361.22,frozen-checkpoint inference evaluation
B5,Vietnamese_Context_Evicted_100,VN_FINAL_UNANS_003,unanswerable,43,checkpoints/phase4_1/cms_3lvl_seed_43.pt,token_f1,0.0,False,False,False,False,True,4753.36,361.22,frozen-checkpoint inference evaluation
B5,Vietnamese_Context_Evicted_100,VN_FINAL_UNANS_004,unanswerable,43,checkpoints/phase4_1/cms_3lvl_seed_43.pt,token_f1,0.0,False,False,False,False,True,4592.15,361.22,frozen-checkpoint inference evaluation
B5,Vietnamese_Context_Evicted_100,VN_FINAL_UNANS_005,unanswerable,43,checkpoints/phase4_1/cms_3lvl_seed_43.pt,token_f1,0.0,False,False,False,False,True,4506.23,361.22,frozen-checkpoint inference evaluation
B5,Vietnamese_Context_Evicted_100,VN_FINAL_UNANS_006,unanswerable,43,checkpoints/phase4_1/cms_3lvl_seed_43.pt,token_f1,0.0,False,False,False,False,True,3953.05,361.22,frozen-checkpoint inference evaluation
B5,Vietnamese_Context_Evicted_100,VN_FINAL_UNANS_007,unanswerable,43,checkpoints/phase4_1/cms_3lvl_seed_43.pt,token_f1,0.0,False,False,False,False,True,3986.43,361.22,frozen-checkpoint inference evaluation
B5,Vietnamese_Context_Evicted_100,VN_FINAL_UNANS_008,unanswerable,43,checkpoints/phase4_1/cms_3lvl_seed_43.pt,token_f1,0.0,False,False,False,False,True,4437.51,361.22,frozen-checkpoint inference evaluation
B5,Vietnamese_Context_Evicted_100,VN_FINAL_UNANS_009,unanswerable,43,checkpoints/phase4_1/cms_3lvl_seed_43.pt,token_f1,0.0,False,False,False,False,True,4366.31,361.22,frozen-checkpoint inference evaluation
B5,Vietnamese_Context_Evicted_100,VN_FINAL_UNANS_010,unanswerable,43,checkpoints/phase4_1/cms_3lvl_seed_43.pt,token_f1,0.0,False,False,False,False,True,4706.93,361.22,frozen-checkpoint inference evaluation
B5,Vietnamese_Context_Evicted_100,VN_FINAL_UNANS_011,unanswerable,43,checkpoints/phase4_1/cms_3lvl_seed_43.pt,token_f1,0.0,False,False,False,False,True,4668.1,361.22,frozen-checkpoint inference evaluation
B5,Vietnamese_Context_Evicted_100,VN_FINAL_UNANS_012,unanswerable,43,checkpoints/phase4_1/cms_3lvl_seed_43.pt,token_f1,0.0,False,False,False,False,True,4408.89,361.22,frozen-checkpoint inference evaluation
B5,Vietnamese_Context_Evicted_100,VN_FINAL_UNANS_013,unanswerable,43,checkpoints/phase4_1/cms_3lvl_seed_43.pt,token_f1,0.0,False,False,False,False,True,4672.47,361.22,frozen-checkpoint inference evaluation
B5,Vietnamese_Context_Evicted_100,VN_FINAL_UNANS_014,unanswerable,43,checkpoints/phase4_1/cms_3lvl_seed_43.pt,token_f1,0.0,False,False,False,False,True,4699.22,361.22,frozen-checkpoint inference evaluation
B5,Vietnamese_Context_Evicted_100,VN_FINAL_UNANS_015,unanswerable,43,checkpoints/phase4_1/cms_3lvl_seed_43.pt,token_f1,0.0,False,False,False,False,True,4762.51,361.22,frozen-checkpoint inference evaluation
B5,Vietnamese_Context_Evicted_100,VN_FINAL_UNANS_016,unanswerable,43,checkpoints/phase4_1/cms_3lvl_seed_43.pt,token_f1,0.0,False,False,False,False,True,4774.3,361.22,frozen-checkpoint inference evaluation
B5,Vietnamese_Context_Evicted_100,VN_FINAL_UNANS_017,unanswerable,43,checkpoints/phase4_1/cms_3lvl_seed_43.pt,token_f1,0.0,False,False,False,False,True,4335.03,361.22,frozen-checkpoint inference evaluation
B5,Vietnamese_Context_Evicted_100,VN_FINAL_UNANS_018,unanswerable,43,checkpoints/phase4_1/cms_3lvl_seed_43.pt,token_f1,0.0,False,False,False,False,True,4678.16,361.22,frozen-checkpoint inference evaluation
B5,Vietnamese_Context_Evicted_100,VN_FINAL_UNANS_019,unanswerable,43,checkpoints/phase4_1/cms_3lvl_seed_43.pt,token_f1,0.0,False,False,False,False,True,4826.29,361.22,frozen-checkpoint inference evaluation
B5,Vietnamese_Context_Evicted_100,VN_FINAL_UNANS_020,unanswerable,43,checkpoints/phase4_1/cms_3lvl_seed_43.pt,token_f1,0.0,False,False,False,False,True,4593.28,361.22,frozen-checkpoint inference evaluation
B5,Vietnamese_Context_Evicted_100,VN_FINAL_UNANS_021,unanswerable,43,checkpoints/phase4_1/cms_3lvl_seed_43.pt,token_f1,0.0,False,False,False,False,True,4662.25,361.22,frozen-checkpoint inference evaluation
B5,Vietnamese_Context_Evicted_100,VN_FINAL_UNANS_022,unanswerable,43,checkpoints/phase4_1/cms_3lvl_seed_43.pt,token_f1,0.0,False,False,False,False,True,4632.59,361.22,frozen-checkpoint inference evaluation
B5,Vietnamese_Context_Evicted_100,VN_FINAL_UNANS_023,unanswerable,43,checkpoints/phase4_1/cms_3lvl_seed_43.pt,token_f1,0.0,False,False,False,False,True,4207.64,361.22,frozen-checkpoint inference evaluation
B5,Vietnamese_Context_Evicted_100,VN_FINAL_UNANS_024,unanswerable,43,checkpoints/phase4_1/cms_3lvl_seed_43.pt,token_f1,0.0,False,False,False,False,True,4624.47,361.22,frozen-checkpoint inference evaluation
B5,Vietnamese_Context_Evicted_100,VN_FINAL_UNANS_025,unanswerable,43,checkpoints/phase4_1/cms_3lvl_seed_43.pt,token_f1,0.0,False,False,False,False,True,4743.7,361.22,frozen-checkpoint inference evaluation
B5,Vietnamese_Context_Evicted_100,VN_FINAL_INSUFF_001,insufficient_evidence,43,checkpoints/phase4_1/cms_3lvl_seed_43.pt,token_f1,0.0,False,False,False,False,True,4670.12,361.22,frozen-checkpoint inference evaluation
B5,Vietnamese_Context_Evicted_100,VN_FINAL_INSUFF_002,insufficient_evidence,43,checkpoints/phase4_1/cms_3lvl_seed_43.pt,token_f1,0.0,False,False,False,False,True,4727.79,361.22,frozen-checkpoint inference evaluation
B5,Vietnamese_Context_Evicted_100,VN_FINAL_INSUFF_003,insufficient_evidence,43,checkpoints/phase4_1/cms_3lvl_seed_43.pt,token_f1,0.0,False,False,False,False,True,4747.32,361.22,frozen-checkpoint inference evaluation
B5,Vietnamese_Context_Evicted_100,VN_FINAL_INSUFF_004,insufficient_evidence,43,checkpoints/phase4_1/cms_3lvl_seed_43.pt,token_f1,0.0,False,False,False,False,True,4834.05,361.22,frozen-checkpoint inference evaluation
B5,Vietnamese_Context_Evicted_100,VN_FINAL_INSUFF_005,insufficient_evidence,43,checkpoints/phase4_1/cms_3lvl_seed_43.pt,token_f1,0.0,False,False,False,False,True,4760.73,361.22,frozen-checkpoint inference evaluation
B5,Vietnamese_Context_Evicted_100,VN_FINAL_INSUFF_006,insufficient_evidence,43,checkpoints/phase4_1/cms_3lvl_seed_43.pt,token_f1,0.0,False,False,False,False,True,4801.93,361.22,frozen-checkpoint inference evaluation
B5,Vietnamese_Context_Evicted_100,VN_FINAL_INSUFF_007,insufficient_evidence,43,checkpoints/phase4_1/cms_3lvl_seed_43.pt,token_f1,0.0,False,False,False,False,True,4772.47,361.22,frozen-checkpoint inference evaluation
B5,Vietnamese_Context_Evicted_100,VN_FINAL_INSUFF_008,insufficient_evidence,43,checkpoints/phase4_1/cms_3lvl_seed_43.pt,token_f1,0.0,False,False,False,False,True,4812.6,361.22,frozen-checkpoint inference evaluation
B5,Vietnamese_Context_Evicted_100,VN_FINAL_INSUFF_009,insufficient_evidence,43,checkpoints/phase4_1/cms_3lvl_seed_43.pt,token_f1,0.0,False,False,False,False,True,4772.63,361.22,frozen-checkpoint inference evaluation
B5,Vietnamese_Context_Evicted_100,VN_FINAL_INSUFF_010,insufficient_evidence,43,checkpoints/phase4_1/cms_3lvl_seed_43.pt,token_f1,0.0,False,False,False,False,True,4805.38,361.22,frozen-checkpoint inference evaluation
B5,Vietnamese_Context_Evicted_100,VN_FINAL_INSUFF_011,insufficient_evidence,43,checkpoints/phase4_1/cms_3lvl_seed_43.pt,token_f1,0.0,False,False,False,False,True,4763.64,361.22,frozen-checkpoint inference evaluation
B5,Vietnamese_Context_Evicted_100,VN_FINAL_INSUFF_012,insufficient_evidence,43,checkpoints/phase4_1/cms_3lvl_seed_43.pt,token_f1,0.0,False,False,False,False,True,4861.64,361.22,frozen-checkpoint inference evaluation
B5,Vietnamese_Context_Evicted_100,VN_FINAL_INSUFF_013,insufficient_evidence,43,checkpoints/phase4_1/cms_3lvl_seed_43.pt,token_f1,0.0,False,False,False,False,True,4664.42,361.22,frozen-checkpoint inference evaluation
B5,Vietnamese_Context_Evicted_100,VN_FINAL_INSUFF_014,insufficient_evidence,43,checkpoints/phase4_1/cms_3lvl_seed_43.pt,token_f1,0.0,False,False,False,False,True,4730.97,361.22,frozen-checkpoint inference evaluation
B5,Vietnamese_Context_Evicted_100,VN_FINAL_INSUFF_015,insufficient_evidence,43,checkpoints/phase4_1/cms_3lvl_seed_43.pt,token_f1,0.0,False,False,False,False,True,4729.58,361.22,frozen-checkpoint inference evaluation
B5,Vietnamese_Context_Evicted_100,VN_FINAL_INSUFF_016,insufficient_evidence,43,checkpoints/phase4_1/cms_3lvl_seed_43.pt,token_f1,0.0,False,False,False,False,True,4732.62,361.22,frozen-checkpoint inference evaluation
B5,Vietnamese_Context_Evicted_100,VN_FINAL_INSUFF_017,insufficient_evidence,43,checkpoints/phase4_1/cms_3lvl_seed_43.pt,token_f1,0.0,False,False,False,False,True,4749.63,361.22,frozen-checkpoint inference evaluation
B5,Vietnamese_Context_Evicted_100,VN_FINAL_INSUFF_018,insufficient_evidence,43,checkpoints/phase4_1/cms_3lvl_seed_43.pt,token_f1,0.0,False,False,False,False,True,4790.15,361.22,frozen-checkpoint inference evaluation
B5,Vietnamese_Context_Evicted_100,VN_FINAL_INSUFF_019,insufficient_evidence,43,checkpoints/phase4_1/cms_3lvl_seed_43.pt,token_f1,0.0,False,False,False,False,True,4748.3,361.22,frozen-checkpoint inference evaluation
B5,Vietnamese_Context_Evicted_100,VN_FINAL_INSUFF_020,insufficient_evidence,43,checkpoints/phase4_1/cms_3lvl_seed_43.pt,token_f1,0.0,False,False,False,False,True,4632.16,361.22,frozen-checkpoint inference evaluation
B5,Vietnamese_Context_Evicted_100,VN_FINAL_INSUFF_021,insufficient_evidence,43,checkpoints/phase4_1/cms_3lvl_seed_43.pt,token_f1,0.0,False,False,False,False,True,4746.84,361.22,frozen-checkpoint inference evaluation
B5,Vietnamese_Context_Evicted_100,VN_FINAL_INSUFF_022,insufficient_evidence,43,checkpoints/phase4_1/cms_3lvl_seed_43.pt,token_f1,0.0,False,False,False,False,True,4790.3,361.22,frozen-checkpoint inference evaluation
B5,Vietnamese_Context_Evicted_100,VN_FINAL_INSUFF_023,insufficient_evidence,43,checkpoints/phase4_1/cms_3lvl_seed_43.pt,token_f1,0.0,False,False,False,False,True,4742.27,361.22,frozen-checkpoint inference evaluation
B5,Vietnamese_Context_Evicted_100,VN_FINAL_INSUFF_024,insufficient_evidence,43,checkpoints/phase4_1/cms_3lvl_seed_43.pt,token_f1,0.0,False,False,False,False,True,4762.49,361.22,frozen-checkpoint inference evaluation
B5,Vietnamese_Context_Evicted_100,VN_FINAL_INSUFF_025,insufficient_evidence,43,checkpoints/phase4_1/cms_3lvl_seed_43.pt,token_f1,0.0,False,False,False,False,True,4742.28,361.22,frozen-checkpoint inference evaluation
P1,Vietnamese_Context_Evicted_100,VN_FINAL_ANS_001,answerable,43,checkpoints/phase4_1/cms_3lvl_seed_43.pt,token_f1,0.1429,False,False,False,False,False,3930.86,361.22,frozen-checkpoint inference evaluation
P1,Vietnamese_Context_Evicted_100,VN_FINAL_ANS_002,answerable,43,checkpoints/phase4_1/cms_3lvl_seed_43.pt,token_f1,0.3333,False,False,False,False,False,4790.86,361.22,frozen-checkpoint inference evaluation
P1,Vietnamese_Context_Evicted_100,VN_FINAL_ANS_003,answerable,43,checkpoints/phase4_1/cms_3lvl_seed_43.pt,token_f1,0.0,False,False,False,False,False,4752.82,361.22,frozen-checkpoint inference evaluation
P1,Vietnamese_Context_Evicted_100,VN_FINAL_ANS_004,answerable,43,checkpoints/phase4_1/cms_3lvl_seed_43.pt,token_f1,0.0,False,False,False,False,False,4717.77,361.22,frozen-checkpoint inference evaluation
P1,Vietnamese_Context_Evicted_100,VN_FINAL_ANS_005,answerable,43,checkpoints/phase4_1/cms_3lvl_seed_43.pt,token_f1,0.0,False,False,False,False,False,4686.09,361.22,frozen-checkpoint inference evaluation
P1,Vietnamese_Context_Evicted_100,VN_FINAL_ANS_006,answerable,43,checkpoints/phase4_1/cms_3lvl_seed_43.pt,token_f1,0.25,False,False,False,False,False,4112.74,361.22,frozen-checkpoint inference evaluation
P1,Vietnamese_Context_Evicted_100,VN_FINAL_ANS_007,answerable,43,checkpoints/phase4_1/cms_3lvl_seed_43.pt,token_f1,0.0,False,False,False,False,False,3952.99,361.22,frozen-checkpoint inference evaluation
P1,Vietnamese_Context_Evicted_100,VN_FINAL_ANS_008,answerable,43,checkpoints/phase4_1/cms_3lvl_seed_43.pt,token_f1,0.0,False,False,False,False,False,4681.42,361.22,frozen-checkpoint inference evaluation
P1,Vietnamese_Context_Evicted_100,VN_FINAL_ANS_009,answerable,43,checkpoints/phase4_1/cms_3lvl_seed_43.pt,token_f1,0.0,False,False,False,False,False,4787.91,361.22,frozen-checkpoint inference evaluation
P1,Vietnamese_Context_Evicted_100,VN_FINAL_ANS_010,answerable,43,checkpoints/phase4_1/cms_3lvl_seed_43.pt,token_f1,0.0,False,False,False,False,False,4732.58,361.22,frozen-checkpoint inference evaluation
P1,Vietnamese_Context_Evicted_100,VN_FINAL_ANS_011,answerable,43,checkpoints/phase4_1/cms_3lvl_seed_43.pt,token_f1,0.0,False,False,False,False,False,4835.8,361.22,frozen-checkpoint inference evaluation
P1,Vietnamese_Context_Evicted_100,VN_FINAL_ANS_012,answerable,43,checkpoints/phase4_1/cms_3lvl_seed_43.pt,token_f1,0.0,False,False,False,False,False,4670.1,361.22,frozen-checkpoint inference evaluation
P1,Vietnamese_Context_Evicted_100,VN_FINAL_ANS_013,answerable,43,checkpoints/phase4_1/cms_3lvl_seed_43.pt,token_f1,0.3077,False,False,False,False,False,4736.9,361.22,frozen-checkpoint inference evaluation
P1,Vietnamese_Context_Evicted_100,VN_FINAL_ANS_014,answerable,43,checkpoints/phase4_1/cms_3lvl_seed_43.pt,token_f1,0.0,False,False,False,False,False,4777.82,361.22,frozen-checkpoint inference evaluation
P1,Vietnamese_Context_Evicted_100,VN_FINAL_ANS_015,answerable,43,checkpoints/phase4_1/cms_3lvl_seed_43.pt,token_f1,0.1,False,False,False,False,False,4710.82,361.22,frozen-checkpoint inference evaluation
P1,Vietnamese_Context_Evicted_100,VN_FINAL_ANS_016,answerable,43,checkpoints/phase4_1/cms_3lvl_seed_43.pt,token_f1,0.0,False,False,False,False,False,4037.93,361.22,frozen-checkpoint inference evaluation
P1,Vietnamese_Context_Evicted_100,VN_FINAL_ANS_017,answerable,43,checkpoints/phase4_1/cms_3lvl_seed_43.pt,token_f1,0.3333,False,False,False,False,False,4790.77,361.22,frozen-checkpoint inference evaluation
P1,Vietnamese_Context_Evicted_100,VN_FINAL_ANS_018,answerable,43,checkpoints/phase4_1/cms_3lvl_seed_43.pt,token_f1,0.0,False,False,False,False,False,4747.34,361.22,frozen-checkpoint inference evaluation
P1,Vietnamese_Context_Evicted_100,VN_FINAL_ANS_019,answerable,43,checkpoints/phase4_1/cms_3lvl_seed_43.pt,token_f1,0.0,False,False,False,False,False,4717.48,361.22,frozen-checkpoint inference evaluation
P1,Vietnamese_Context_Evicted_100,VN_FINAL_ANS_020,answerable,43,checkpoints/phase4_1/cms_3lvl_seed_43.pt,token_f1,0.0,False,False,False,False,False,4685.66,361.22,frozen-checkpoint inference evaluation
P1,Vietnamese_Context_Evicted_100,VN_FINAL_ANS_021,answerable,43,checkpoints/phase4_1/cms_3lvl_seed_43.pt,token_f1,0.25,False,False,False,False,False,4114.18,361.22,frozen-checkpoint inference evaluation
P1,Vietnamese_Context_Evicted_100,VN_FINAL_ANS_022,answerable,43,checkpoints/phase4_1/cms_3lvl_seed_43.pt,token_f1,0.0,False,False,False,False,False,3953.28,361.22,frozen-checkpoint inference evaluation
P1,Vietnamese_Context_Evicted_100,VN_FINAL_ANS_023,answerable,43,checkpoints/phase4_1/cms_3lvl_seed_43.pt,token_f1,0.0,False,False,False,False,False,4685.65,361.22,frozen-checkpoint inference evaluation
P1,Vietnamese_Context_Evicted_100,VN_FINAL_ANS_024,answerable,43,checkpoints/phase4_1/cms_3lvl_seed_43.pt,token_f1,0.0,False,False,False,False,False,4794.15,361.22,frozen-checkpoint inference evaluation
P1,Vietnamese_Context_Evicted_100,VN_FINAL_ANS_025,answerable,43,checkpoints/phase4_1/cms_3lvl_seed_43.pt,token_f1,0.0,False,False,False,False,False,4732.98,361.22,frozen-checkpoint inference evaluation
P1,Vietnamese_Context_Evicted_100,VN_FINAL_ANS_026,answerable,43,checkpoints/phase4_1/cms_3lvl_seed_43.pt,token_f1,0.0,False,False,False,False,False,4837.64,361.22,frozen-checkpoint inference evaluation
P1,Vietnamese_Context_Evicted_100,VN_FINAL_ANS_027,answerable,43,checkpoints/phase4_1/cms_3lvl_seed_43.pt,token_f1,0.0,False,False,False,False,False,4666.52,361.22,frozen-checkpoint inference evaluation
P1,Vietnamese_Context_Evicted_100,VN_FINAL_ANS_028,answerable,43,checkpoints/phase4_1/cms_3lvl_seed_43.pt,token_f1,0.3077,False,False,False,False,False,4739.62,361.22,frozen-checkpoint inference evaluation
P1,Vietnamese_Context_Evicted_100,VN_FINAL_ANS_029,answerable,43,checkpoints/phase4_1/cms_3lvl_seed_43.pt,token_f1,0.0,False,False,False,False,False,4777.34,361.22,frozen-checkpoint inference evaluation
P1,Vietnamese_Context_Evicted_100,VN_FINAL_ANS_030,answerable,43,checkpoints/phase4_1/cms_3lvl_seed_43.pt,token_f1,0.1,False,False,False,False,False,4707.18,361.22,frozen-checkpoint inference evaluation
P1,Vietnamese_Context_Evicted_100,VN_FINAL_ANS_031,answerable,43,checkpoints/phase4_1/cms_3lvl_seed_43.pt,token_f1,0.0,False,False,False,False,False,4030.47,361.22,frozen-checkpoint inference evaluation
P1,Vietnamese_Context_Evicted_100,VN_FINAL_ANS_032,answerable,43,checkpoints/phase4_1/cms_3lvl_seed_43.pt,token_f1,0.3333,False,False,False,False,False,4786.92,361.22,frozen-checkpoint inference evaluation
P1,Vietnamese_Context_Evicted_100,VN_FINAL_ANS_033,answerable,43,checkpoints/phase4_1/cms_3lvl_seed_43.pt,token_f1,0.0,False,False,False,False,False,4751.53,361.22,frozen-checkpoint inference evaluation
P1,Vietnamese_Context_Evicted_100,VN_FINAL_ANS_034,answerable,43,checkpoints/phase4_1/cms_3lvl_seed_43.pt,token_f1,0.0,False,False,False,False,False,4718.01,361.22,frozen-checkpoint inference evaluation
P1,Vietnamese_Context_Evicted_100,VN_FINAL_ANS_035,answerable,43,checkpoints/phase4_1/cms_3lvl_seed_43.pt,token_f1,0.0,False,False,False,False,False,4686.26,361.22,frozen-checkpoint inference evaluation
P1,Vietnamese_Context_Evicted_100,VN_FINAL_ANS_036,answerable,43,checkpoints/phase4_1/cms_3lvl_seed_43.pt,token_f1,0.25,False,False,False,False,False,4107.02,361.22,frozen-checkpoint inference evaluation
P1,Vietnamese_Context_Evicted_100,VN_FINAL_ANS_037,answerable,43,checkpoints/phase4_1/cms_3lvl_seed_43.pt,token_f1,0.0,False,False,False,False,False,3951.41,361.22,frozen-checkpoint inference evaluation
P1,Vietnamese_Context_Evicted_100,VN_FINAL_ANS_038,answerable,43,checkpoints/phase4_1/cms_3lvl_seed_43.pt,token_f1,0.0,False,False,False,False,False,4685.39,361.22,frozen-checkpoint inference evaluation
P1,Vietnamese_Context_Evicted_100,VN_FINAL_ANS_039,answerable,43,checkpoints/phase4_1/cms_3lvl_seed_43.pt,token_f1,0.0,False,False,False,False,False,4782.82,361.22,frozen-checkpoint inference evaluation
P1,Vietnamese_Context_Evicted_100,VN_FINAL_ANS_040,answerable,43,checkpoints/phase4_1/cms_3lvl_seed_43.pt,token_f1,0.0,False,False,False,False,False,4734.37,361.22,frozen-checkpoint inference evaluation
P1,Vietnamese_Context_Evicted_100,VN_FINAL_ANS_041,answerable,43,checkpoints/phase4_1/cms_3lvl_seed_43.pt,token_f1,0.0,False,False,False,False,False,4832.27,361.22,frozen-checkpoint inference evaluation
P1,Vietnamese_Context_Evicted_100,VN_FINAL_ANS_042,answerable,43,checkpoints/phase4_1/cms_3lvl_seed_43.pt,token_f1,0.0,False,False,False,False,False,4665.27,361.22,frozen-checkpoint inference evaluation
P1,Vietnamese_Context_Evicted_100,VN_FINAL_ANS_043,answerable,43,checkpoints/phase4_1/cms_3lvl_seed_43.pt,token_f1,0.3077,False,False,False,False,False,4741.07,361.22,frozen-checkpoint inference evaluation
P1,Vietnamese_Context_Evicted_100,VN_FINAL_ANS_044,answerable,43,checkpoints/phase4_1/cms_3lvl_seed_43.pt,token_f1,0.0,False,False,False,False,False,4776.91,361.22,frozen-checkpoint inference evaluation
P1,Vietnamese_Context_Evicted_100,VN_FINAL_ANS_045,answerable,43,checkpoints/phase4_1/cms_3lvl_seed_43.pt,token_f1,0.1,False,False,False,False,False,4711.54,361.22,frozen-checkpoint inference evaluation
P1,Vietnamese_Context_Evicted_100,VN_FINAL_ANS_046,answerable,43,checkpoints/phase4_1/cms_3lvl_seed_43.pt,token_f1,0.0,False,False,False,False,False,4033.27,361.22,frozen-checkpoint inference evaluation
P1,Vietnamese_Context_Evicted_100,VN_FINAL_ANS_047,answerable,43,checkpoints/phase4_1/cms_3lvl_seed_43.pt,token_f1,0.3333,False,False,False,False,False,4787.18,361.22,frozen-checkpoint inference evaluation
P1,Vietnamese_Context_Evicted_100,VN_FINAL_ANS_048,answerable,43,checkpoints/phase4_1/cms_3lvl_seed_43.pt,token_f1,0.0,False,False,False,False,False,4748.32,361.22,frozen-checkpoint inference evaluation
P1,Vietnamese_Context_Evicted_100,VN_FINAL_ANS_049,answerable,43,checkpoints/phase4_1/cms_3lvl_seed_43.pt,token_f1,0.0,False,False,False,False,False,4714.43,361.22,frozen-checkpoint inference evaluation
P1,Vietnamese_Context_Evicted_100,VN_FINAL_ANS_050,answerable,43,checkpoints/phase4_1/cms_3lvl_seed_43.pt,token_f1,0.0,False,False,False,False,False,4680.92,361.22,frozen-checkpoint inference evaluation
P1,Vietnamese_Context_Evicted_100,VN_FINAL_UNANS_001,unanswerable,43,checkpoints/phase4_1/cms_3lvl_seed_43.pt,token_f1,0.0,False,False,False,False,True,4337.34,361.22,frozen-checkpoint inference evaluation
P1,Vietnamese_Context_Evicted_100,VN_FINAL_UNANS_002,unanswerable,43,checkpoints/phase4_1/cms_3lvl_seed_43.pt,token_f1,0.0,False,False,False,False,True,4801.97,361.22,frozen-checkpoint inference evaluation
P1,Vietnamese_Context_Evicted_100,VN_FINAL_UNANS_003,unanswerable,43,checkpoints/phase4_1/cms_3lvl_seed_43.pt,token_f1,0.0,False,False,False,False,True,4752.81,361.22,frozen-checkpoint inference evaluation
P1,Vietnamese_Context_Evicted_100,VN_FINAL_UNANS_004,unanswerable,43,checkpoints/phase4_1/cms_3lvl_seed_43.pt,token_f1,0.0,False,False,False,False,True,4593.23,361.22,frozen-checkpoint inference evaluation
P1,Vietnamese_Context_Evicted_100,VN_FINAL_UNANS_005,unanswerable,43,checkpoints/phase4_1/cms_3lvl_seed_43.pt,token_f1,0.0,False,False,False,False,True,4509.77,361.22,frozen-checkpoint inference evaluation
P1,Vietnamese_Context_Evicted_100,VN_FINAL_UNANS_006,unanswerable,43,checkpoints/phase4_1/cms_3lvl_seed_43.pt,token_f1,0.0,False,False,False,False,True,3948.01,361.22,frozen-checkpoint inference evaluation
P1,Vietnamese_Context_Evicted_100,VN_FINAL_UNANS_007,unanswerable,43,checkpoints/phase4_1/cms_3lvl_seed_43.pt,token_f1,0.0,False,False,False,False,True,3985.64,361.22,frozen-checkpoint inference evaluation
P1,Vietnamese_Context_Evicted_100,VN_FINAL_UNANS_008,unanswerable,43,checkpoints/phase4_1/cms_3lvl_seed_43.pt,token_f1,0.0,False,False,False,False,True,4435.4,361.22,frozen-checkpoint inference evaluation
P1,Vietnamese_Context_Evicted_100,VN_FINAL_UNANS_009,unanswerable,43,checkpoints/phase4_1/cms_3lvl_seed_43.pt,token_f1,0.0,False,False,False,False,True,4360.84,361.22,frozen-checkpoint inference evaluation
P1,Vietnamese_Context_Evicted_100,VN_FINAL_UNANS_010,unanswerable,43,checkpoints/phase4_1/cms_3lvl_seed_43.pt,token_f1,0.0,False,False,False,False,True,4706.81,361.22,frozen-checkpoint inference evaluation
P1,Vietnamese_Context_Evicted_100,VN_FINAL_UNANS_011,unanswerable,43,checkpoints/phase4_1/cms_3lvl_seed_43.pt,token_f1,0.0,False,False,False,False,True,4666.3,361.22,frozen-checkpoint inference evaluation
P1,Vietnamese_Context_Evicted_100,VN_FINAL_UNANS_012,unanswerable,43,checkpoints/phase4_1/cms_3lvl_seed_43.pt,token_f1,0.0,False,False,False,False,True,4405.65,361.22,frozen-checkpoint inference evaluation
P1,Vietnamese_Context_Evicted_100,VN_FINAL_UNANS_013,unanswerable,43,checkpoints/phase4_1/cms_3lvl_seed_43.pt,token_f1,0.0,False,False,False,False,True,4679.3,361.22,frozen-checkpoint inference evaluation
P1,Vietnamese_Context_Evicted_100,VN_FINAL_UNANS_014,unanswerable,43,checkpoints/phase4_1/cms_3lvl_seed_43.pt,token_f1,0.0,False,False,False,False,True,4701.81,361.22,frozen-checkpoint inference evaluation
P1,Vietnamese_Context_Evicted_100,VN_FINAL_UNANS_015,unanswerable,43,checkpoints/phase4_1/cms_3lvl_seed_43.pt,token_f1,0.0,False,False,False,False,True,3380.75,361.22,frozen-checkpoint inference evaluation
P1,Vietnamese_Context_Evicted_100,VN_FINAL_UNANS_016,unanswerable,43,checkpoints/phase4_1/cms_3lvl_seed_43.pt,token_f1,0.0,False,False,False,False,True,4631.72,361.22,frozen-checkpoint inference evaluation
P1,Vietnamese_Context_Evicted_100,VN_FINAL_UNANS_017,unanswerable,43,checkpoints/phase4_1/cms_3lvl_seed_43.pt,token_f1,0.0,False,False,False,False,True,4223.16,361.22,frozen-checkpoint inference evaluation
P1,Vietnamese_Context_Evicted_100,VN_FINAL_UNANS_018,unanswerable,43,checkpoints/phase4_1/cms_3lvl_seed_43.pt,token_f1,0.0,False,False,False,False,True,4684.35,361.22,frozen-checkpoint inference evaluation
P1,Vietnamese_Context_Evicted_100,VN_FINAL_UNANS_019,unanswerable,43,checkpoints/phase4_1/cms_3lvl_seed_43.pt,token_f1,0.0,False,False,False,False,True,4827.4,361.22,frozen-checkpoint inference evaluation
P1,Vietnamese_Context_Evicted_100,VN_FINAL_UNANS_020,unanswerable,43,checkpoints/phase4_1/cms_3lvl_seed_43.pt,token_f1,0.0,False,False,False,False,True,4595.1,361.22,frozen-checkpoint inference evaluation
P1,Vietnamese_Context_Evicted_100,VN_FINAL_UNANS_021,unanswerable,43,checkpoints/phase4_1/cms_3lvl_seed_43.pt,token_f1,0.0,False,False,False,False,True,4667.01,361.22,frozen-checkpoint inference evaluation
P1,Vietnamese_Context_Evicted_100,VN_FINAL_UNANS_022,unanswerable,43,checkpoints/phase4_1/cms_3lvl_seed_43.pt,token_f1,0.0,False,False,False,False,True,4636.13,361.22,frozen-checkpoint inference evaluation
P1,Vietnamese_Context_Evicted_100,VN_FINAL_UNANS_023,unanswerable,43,checkpoints/phase4_1/cms_3lvl_seed_43.pt,token_f1,0.0,False,False,False,False,True,4212.53,361.22,frozen-checkpoint inference evaluation
P1,Vietnamese_Context_Evicted_100,VN_FINAL_UNANS_024,unanswerable,43,checkpoints/phase4_1/cms_3lvl_seed_43.pt,token_f1,0.0,False,False,False,False,True,4622.67,361.22,frozen-checkpoint inference evaluation
P1,Vietnamese_Context_Evicted_100,VN_FINAL_UNANS_025,unanswerable,43,checkpoints/phase4_1/cms_3lvl_seed_43.pt,token_f1,0.0,False,False,False,False,True,4745.95,361.22,frozen-checkpoint inference evaluation
P1,Vietnamese_Context_Evicted_100,VN_FINAL_INSUFF_001,insufficient_evidence,43,checkpoints/phase4_1/cms_3lvl_seed_43.pt,token_f1,0.0,False,False,False,False,True,4669.91,361.22,frozen-checkpoint inference evaluation
P1,Vietnamese_Context_Evicted_100,VN_FINAL_INSUFF_002,insufficient_evidence,43,checkpoints/phase4_1/cms_3lvl_seed_43.pt,token_f1,0.0,False,False,False,False,True,4734.32,361.22,frozen-checkpoint inference evaluation
P1,Vietnamese_Context_Evicted_100,VN_FINAL_INSUFF_003,insufficient_evidence,43,checkpoints/phase4_1/cms_3lvl_seed_43.pt,token_f1,0.0,False,False,False,False,True,4739.78,361.22,frozen-checkpoint inference evaluation
P1,Vietnamese_Context_Evicted_100,VN_FINAL_INSUFF_004,insufficient_evidence,43,checkpoints/phase4_1/cms_3lvl_seed_43.pt,token_f1,0.0,False,False,False,False,True,4808.62,361.22,frozen-checkpoint inference evaluation
P1,Vietnamese_Context_Evicted_100,VN_FINAL_INSUFF_005,insufficient_evidence,43,checkpoints/phase4_1/cms_3lvl_seed_43.pt,token_f1,0.0,False,False,False,False,True,3514.59,361.22,frozen-checkpoint inference evaluation
P1,Vietnamese_Context_Evicted_100,VN_FINAL_INSUFF_006,insufficient_evidence,43,checkpoints/phase4_1/cms_3lvl_seed_43.pt,token_f1,0.0,False,False,False,False,True,4696.65,361.22,frozen-checkpoint inference evaluation
P1,Vietnamese_Context_Evicted_100,VN_FINAL_INSUFF_007,insufficient_evidence,43,checkpoints/phase4_1/cms_3lvl_seed_43.pt,token_f1,0.0,False,False,False,False,True,4770.36,361.22,frozen-checkpoint inference evaluation
P1,Vietnamese_Context_Evicted_100,VN_FINAL_INSUFF_008,insufficient_evidence,43,checkpoints/phase4_1/cms_3lvl_seed_43.pt,token_f1,0.0,False,False,False,False,True,4810.05,361.22,frozen-checkpoint inference evaluation
P1,Vietnamese_Context_Evicted_100,VN_FINAL_INSUFF_009,insufficient_evidence,43,checkpoints/phase4_1/cms_3lvl_seed_43.pt,token_f1,0.0,False,False,False,False,True,4768.47,361.22,frozen-checkpoint inference evaluation
P1,Vietnamese_Context_Evicted_100,VN_FINAL_INSUFF_010,insufficient_evidence,43,checkpoints/phase4_1/cms_3lvl_seed_43.pt,token_f1,0.0,False,False,False,False,True,4802.66,361.22,frozen-checkpoint inference evaluation
P1,Vietnamese_Context_Evicted_100,VN_FINAL_INSUFF_011,insufficient_evidence,43,checkpoints/phase4_1/cms_3lvl_seed_43.pt,token_f1,0.0,False,False,False,False,True,4759.64,361.22,frozen-checkpoint inference evaluation
P1,Vietnamese_Context_Evicted_100,VN_FINAL_INSUFF_012,insufficient_evidence,43,checkpoints/phase4_1/cms_3lvl_seed_43.pt,token_f1,0.0,False,False,False,False,True,4863.46,361.22,frozen-checkpoint inference evaluation
P1,Vietnamese_Context_Evicted_100,VN_FINAL_INSUFF_013,insufficient_evidence,43,checkpoints/phase4_1/cms_3lvl_seed_43.pt,token_f1,0.0,False,False,False,False,True,4672.61,361.22,frozen-checkpoint inference evaluation
P1,Vietnamese_Context_Evicted_100,VN_FINAL_INSUFF_014,insufficient_evidence,43,checkpoints/phase4_1/cms_3lvl_seed_43.pt,token_f1,0.0,False,False,False,False,True,4740.83,361.22,frozen-checkpoint inference evaluation
P1,Vietnamese_Context_Evicted_100,VN_FINAL_INSUFF_015,insufficient_evidence,43,checkpoints/phase4_1/cms_3lvl_seed_43.pt,token_f1,0.0,False,False,False,False,True,4735.32,361.22,frozen-checkpoint inference evaluation
P1,Vietnamese_Context_Evicted_100,VN_FINAL_INSUFF_016,insufficient_evidence,43,checkpoints/phase4_1/cms_3lvl_seed_43.pt,token_f1,0.0,False,False,False,False,True,4745.23,361.22,frozen-checkpoint inference evaluation
P1,Vietnamese_Context_Evicted_100,VN_FINAL_INSUFF_017,insufficient_evidence,43,checkpoints/phase4_1/cms_3lvl_seed_43.pt,token_f1,0.0,False,False,False,False,True,4772.62,361.22,frozen-checkpoint inference evaluation
P1,Vietnamese_Context_Evicted_100,VN_FINAL_INSUFF_018,insufficient_evidence,43,checkpoints/phase4_1/cms_3lvl_seed_43.pt,token_f1,0.0,False,False,False,False,True,4793.37,361.22,frozen-checkpoint inference evaluation
P1,Vietnamese_Context_Evicted_100,VN_FINAL_INSUFF_019,insufficient_evidence,43,checkpoints/phase4_1/cms_3lvl_seed_43.pt,token_f1,0.0,False,False,False,False,True,4747.03,361.22,frozen-checkpoint inference evaluation
P1,Vietnamese_Context_Evicted_100,VN_FINAL_INSUFF_020,insufficient_evidence,43,checkpoints/phase4_1/cms_3lvl_seed_43.pt,token_f1,0.0,False,False,False,False,True,4636.16,361.22,frozen-checkpoint inference evaluation
P1,Vietnamese_Context_Evicted_100,VN_FINAL_INSUFF_021,insufficient_evidence,43,checkpoints/phase4_1/cms_3lvl_seed_43.pt,token_f1,0.0,False,False,False,False,True,4750.53,361.22,frozen-checkpoint inference evaluation
P1,Vietnamese_Context_Evicted_100,VN_FINAL_INSUFF_022,insufficient_evidence,43,checkpoints/phase4_1/cms_3lvl_seed_43.pt,token_f1,0.0,False,False,False,False,True,4792.96,361.22,frozen-checkpoint inference evaluation
P1,Vietnamese_Context_Evicted_100,VN_FINAL_INSUFF_023,insufficient_evidence,43,checkpoints/phase4_1/cms_3lvl_seed_43.pt,token_f1,0.0,False,False,False,False,True,4767.41,361.22,frozen-checkpoint inference evaluation
P1,Vietnamese_Context_Evicted_100,VN_FINAL_INSUFF_024,insufficient_evidence,43,checkpoints/phase4_1/cms_3lvl_seed_43.pt,token_f1,0.0,False,False,False,False,True,4799.44,361.22,frozen-checkpoint inference evaluation
P1,Vietnamese_Context_Evicted_100,VN_FINAL_INSUFF_025,insufficient_evidence,43,checkpoints/phase4_1/cms_3lvl_seed_43.pt,token_f1,0.0,False,False,False,False,True,4788.54,361.22,frozen-checkpoint inference evaluation
P2,Vietnamese_Context_Evicted_100,VN_FINAL_ANS_001,answerable,43,checkpoints/phase4_1/cms_3lvl_seed_43.pt + BM25 retriever,token_f1,0.0,False,True,False,False,False,12221.94,361.22,frozen-checkpoint inference evaluation
P2,Vietnamese_Context_Evicted_100,VN_FINAL_ANS_002,answerable,43,checkpoints/phase4_1/cms_3lvl_seed_43.pt + BM25 retriever,token_f1,0.0,False,True,False,False,False,12555.29,361.22,frozen-checkpoint inference evaluation
P2,Vietnamese_Context_Evicted_100,VN_FINAL_ANS_003,answerable,43,checkpoints/phase4_1/cms_3lvl_seed_43.pt + BM25 retriever,token_f1,0.0,False,True,False,False,False,12555.08,361.22,frozen-checkpoint inference evaluation
P2,Vietnamese_Context_Evicted_100,VN_FINAL_ANS_004,answerable,43,checkpoints/phase4_1/cms_3lvl_seed_43.pt + BM25 retriever,token_f1,0.2667,False,True,False,False,False,12573.5,361.22,frozen-checkpoint inference evaluation
P2,Vietnamese_Context_Evicted_100,VN_FINAL_ANS_005,answerable,43,checkpoints/phase4_1/cms_3lvl_seed_43.pt + BM25 retriever,token_f1,0.8,False,True,False,False,False,12556.67,361.22,frozen-checkpoint inference evaluation
P2,Vietnamese_Context_Evicted_100,VN_FINAL_ANS_006,answerable,43,checkpoints/phase4_1/cms_3lvl_seed_43.pt + BM25 retriever,token_f1,0.0,False,True,False,False,False,12571.36,361.22,frozen-checkpoint inference evaluation
P2,Vietnamese_Context_Evicted_100,VN_FINAL_ANS_007,answerable,43,checkpoints/phase4_1/cms_3lvl_seed_43.pt + BM25 retriever,token_f1,0.0,False,True,False,False,False,12555.67,361.22,frozen-checkpoint inference evaluation
P2,Vietnamese_Context_Evicted_100,VN_FINAL_ANS_008,answerable,43,checkpoints/phase4_1/cms_3lvl_seed_43.pt + BM25 retriever,token_f1,0.0,False,True,False,False,False,12572.42,361.22,frozen-checkpoint inference evaluation
P2,Vietnamese_Context_Evicted_100,VN_FINAL_ANS_009,answerable,43,checkpoints/phase4_1/cms_3lvl_seed_43.pt + BM25 retriever,token_f1,0.6667,False,True,False,False,False,12563.77,361.22,frozen-checkpoint inference evaluation
P2,Vietnamese_Context_Evicted_100,VN_FINAL_ANS_010,answerable,43,checkpoints/phase4_1/cms_3lvl_seed_43.pt + BM25 retriever,token_f1,0.0,False,True,False,False,False,12570.6,361.22,frozen-checkpoint inference evaluation
P2,Vietnamese_Context_Evicted_100,VN_FINAL_ANS_011,answerable,43,checkpoints/phase4_1/cms_3lvl_seed_43.pt + BM25 retriever,token_f1,0.0,False,True,False,False,False,12562.89,361.22,frozen-checkpoint inference evaluation
P2,Vietnamese_Context_Evicted_100,VN_FINAL_ANS_012,answerable,43,checkpoints/phase4_1/cms_3lvl_seed_43.pt + BM25 retriever,token_f1,0.5714,False,True,False,False,False,12570.24,361.22,frozen-checkpoint inference evaluation
P2,Vietnamese_Context_Evicted_100,VN_FINAL_ANS_013,answerable,43,checkpoints/phase4_1/cms_3lvl_seed_43.pt + BM25 retriever,token_f1,0.0,False,True,False,False,False,12564.68,361.22,frozen-checkpoint inference evaluation
P2,Vietnamese_Context_Evicted_100,VN_FINAL_ANS_014,answerable,43,checkpoints/phase4_1/cms_3lvl_seed_43.pt + BM25 retriever,token_f1,0.0,False,True,False,False,False,12572.9,361.22,frozen-checkpoint inference evaluation
P2,Vietnamese_Context_Evicted_100,VN_FINAL_ANS_015,answerable,43,checkpoints/phase4_1/cms_3lvl_seed_43.pt + BM25 retriever,token_f1,0.0,False,True,False,False,False,12554.97,361.22,frozen-checkpoint inference evaluation
P2,Vietnamese_Context_Evicted_100,VN_FINAL_ANS_016,answerable,43,checkpoints/phase4_1/cms_3lvl_seed_43.pt + BM25 retriever,token_f1,0.0,False,True,False,False,False,12575.2,361.22,frozen-checkpoint inference evaluation
P2,Vietnamese_Context_Evicted_100,VN_FINAL_ANS_017,answerable,43,checkpoints/phase4_1/cms_3lvl_seed_43.pt + BM25 retriever,token_f1,0.0,False,True,False,False,False,12556.61,361.22,frozen-checkpoint inference evaluation
P2,Vietnamese_Context_Evicted_100,VN_FINAL_ANS_018,answerable,43,checkpoints/phase4_1/cms_3lvl_seed_43.pt + BM25 retriever,token_f1,0.0,False,True,False,False,False,12565.84,361.22,frozen-checkpoint inference evaluation
P2,Vietnamese_Context_Evicted_100,VN_FINAL_ANS_019,answerable,43,checkpoints/phase4_1/cms_3lvl_seed_43.pt + BM25 retriever,token_f1,0.2667,False,True,False,False,False,12557.09,361.22,frozen-checkpoint inference evaluation
P2,Vietnamese_Context_Evicted_100,VN_FINAL_ANS_020,answerable,43,checkpoints/phase4_1/cms_3lvl_seed_43.pt + BM25 retriever,token_f1,0.8,False,True,False,False,False,12553.25,361.22,frozen-checkpoint inference evaluation
P2,Vietnamese_Context_Evicted_100,VN_FINAL_ANS_021,answerable,43,checkpoints/phase4_1/cms_3lvl_seed_43.pt + BM25 retriever,token_f1,0.0,False,True,False,False,False,12581.45,361.22,frozen-checkpoint inference evaluation
P2,Vietnamese_Context_Evicted_100,VN_FINAL_ANS_022,answerable,43,checkpoints/phase4_1/cms_3lvl_seed_43.pt + BM25 retriever,token_f1,0.0,False,True,False,False,False,12557.23,361.22,frozen-checkpoint inference evaluation
P2,Vietnamese_Context_Evicted_100,VN_FINAL_ANS_023,answerable,43,checkpoints/phase4_1/cms_3lvl_seed_43.pt + BM25 retriever,token_f1,0.0,False,True,False,False,False,12566.66,361.22,frozen-checkpoint inference evaluation
P2,Vietnamese_Context_Evicted_100,VN_FINAL_ANS_024,answerable,43,checkpoints/phase4_1/cms_3lvl_seed_43.pt + BM25 retriever,token_f1,0.6667,False,True,False,False,False,12557.58,361.22,frozen-checkpoint inference evaluation
P2,Vietnamese_Context_Evicted_100,VN_FINAL_ANS_025,answerable,43,checkpoints/phase4_1/cms_3lvl_seed_43.pt + BM25 retriever,token_f1,0.0,False,True,False,False,False,12573.24,361.22,frozen-checkpoint inference evaluation
P2,Vietnamese_Context_Evicted_100,VN_FINAL_ANS_026,answerable,43,checkpoints/phase4_1/cms_3lvl_seed_43.pt + BM25 retriever,token_f1,0.0,False,True,False,False,False,12563.56,361.22,frozen-checkpoint inference evaluation
P2,Vietnamese_Context_Evicted_100,VN_FINAL_ANS_027,answerable,43,checkpoints/phase4_1/cms_3lvl_seed_43.pt + BM25 retriever,token_f1,0.5714,False,True,False,False,False,12569.31,361.22,frozen-checkpoint inference evaluation
P2,Vietnamese_Context_Evicted_100,VN_FINAL_ANS_028,answerable,43,checkpoints/phase4_1/cms_3lvl_seed_43.pt + BM25 retriever,token_f1,0.0,False,True,False,False,False,12554.41,361.22,frozen-checkpoint inference evaluation
P2,Vietnamese_Context_Evicted_100,VN_FINAL_ANS_029,answerable,43,checkpoints/phase4_1/cms_3lvl_seed_43.pt + BM25 retriever,token_f1,0.0,False,True,False,False,False,12564.37,361.22,frozen-checkpoint inference evaluation
P2,Vietnamese_Context_Evicted_100,VN_FINAL_ANS_030,answerable,43,checkpoints/phase4_1/cms_3lvl_seed_43.pt + BM25 retriever,token_f1,0.0,False,True,False,False,False,12568.95,361.22,frozen-checkpoint inference evaluation
P2,Vietnamese_Context_Evicted_100,VN_FINAL_ANS_031,answerable,43,checkpoints/phase4_1/cms_3lvl_seed_43.pt + BM25 retriever,token_f1,0.0,False,True,False,False,False,12562.38,361.22,frozen-checkpoint inference evaluation
P2,Vietnamese_Context_Evicted_100,VN_FINAL_ANS_032,answerable,43,checkpoints/phase4_1/cms_3lvl_seed_43.pt + BM25 retriever,token_f1,0.0,False,True,False,False,False,12558.88,361.22,frozen-checkpoint inference evaluation
P2,Vietnamese_Context_Evicted_100,VN_FINAL_ANS_033,answerable,43,checkpoints/phase4_1/cms_3lvl_seed_43.pt + BM25 retriever,token_f1,0.0,False,True,False,False,False,12571.7,361.22,frozen-checkpoint inference evaluation
P2,Vietnamese_Context_Evicted_100,VN_FINAL_ANS_034,answerable,43,checkpoints/phase4_1/cms_3lvl_seed_43.pt + BM25 retriever,token_f1,0.2667,False,True,False,False,False,12559.53,361.22,frozen-checkpoint inference evaluation
P2,Vietnamese_Context_Evicted_100,VN_FINAL_ANS_035,answerable,43,checkpoints/phase4_1/cms_3lvl_seed_43.pt + BM25 retriever,token_f1,0.8,False,True,False,False,False,12561.37,361.22,frozen-checkpoint inference evaluation
P2,Vietnamese_Context_Evicted_100,VN_FINAL_ANS_036,answerable,43,checkpoints/phase4_1/cms_3lvl_seed_43.pt + BM25 retriever,token_f1,0.0,False,True,False,False,False,12561.52,361.22,frozen-checkpoint inference evaluation
P2,Vietnamese_Context_Evicted_100,VN_FINAL_ANS_037,answerable,43,checkpoints/phase4_1/cms_3lvl_seed_43.pt + BM25 retriever,token_f1,0.0,False,True,False,False,False,12563.53,361.22,frozen-checkpoint inference evaluation
P2,Vietnamese_Context_Evicted_100,VN_FINAL_ANS_038,answerable,43,checkpoints/phase4_1/cms_3lvl_seed_43.pt + BM25 retriever,token_f1,0.0,False,True,False,False,False,12564.42,361.22,frozen-checkpoint inference evaluation
P2,Vietnamese_Context_Evicted_100,VN_FINAL_ANS_039,answerable,43,checkpoints/phase4_1/cms_3lvl_seed_43.pt + BM25 retriever,token_f1,0.6667,False,True,False,False,False,12553.48,361.22,frozen-checkpoint inference evaluation
P2,Vietnamese_Context_Evicted_100,VN_FINAL_ANS_040,answerable,43,checkpoints/phase4_1/cms_3lvl_seed_43.pt + BM25 retriever,token_f1,0.0,False,True,False,False,False,12564.44,361.22,frozen-checkpoint inference evaluation
P2,Vietnamese_Context_Evicted_100,VN_FINAL_ANS_041,answerable,43,checkpoints/phase4_1/cms_3lvl_seed_43.pt + BM25 retriever,token_f1,0.0,False,True,False,False,False,12573.65,361.22,frozen-checkpoint inference evaluation
P2,Vietnamese_Context_Evicted_100,VN_FINAL_ANS_042,answerable,43,checkpoints/phase4_1/cms_3lvl_seed_43.pt + BM25 retriever,token_f1,0.5714,False,True,False,False,False,12556.47,361.22,frozen-checkpoint inference evaluation
P2,Vietnamese_Context_Evicted_100,VN_FINAL_ANS_043,answerable,43,checkpoints/phase4_1/cms_3lvl_seed_43.pt + BM25 retriever,token_f1,0.0,False,True,False,False,False,12567.43,361.22,frozen-checkpoint inference evaluation
P2,Vietnamese_Context_Evicted_100,VN_FINAL_ANS_044,answerable,43,checkpoints/phase4_1/cms_3lvl_seed_43.pt + BM25 retriever,token_f1,0.0,False,True,False,False,False,12559.83,361.22,frozen-checkpoint inference evaluation
P2,Vietnamese_Context_Evicted_100,VN_FINAL_ANS_045,answerable,43,checkpoints/phase4_1/cms_3lvl_seed_43.pt + BM25 retriever,token_f1,0.0,False,True,False,False,False,12557.6,361.22,frozen-checkpoint inference evaluation
P2,Vietnamese_Context_Evicted_100,VN_FINAL_ANS_046,answerable,43,checkpoints/phase4_1/cms_3lvl_seed_43.pt + BM25 retriever,token_f1,0.0,False,True,False,False,False,12569.68,361.22,frozen-checkpoint inference evaluation
P2,Vietnamese_Context_Evicted_100,VN_FINAL_ANS_047,answerable,43,checkpoints/phase4_1/cms_3lvl_seed_43.pt + BM25 retriever,token_f1,0.0,False,True,False,False,False,12557.67,361.22,frozen-checkpoint inference evaluation
P2,Vietnamese_Context_Evicted_100,VN_FINAL_ANS_048,answerable,43,checkpoints/phase4_1/cms_3lvl_seed_43.pt + BM25 retriever,token_f1,0.0,False,True,False,False,False,12565.7,361.22,frozen-checkpoint inference evaluation
P2,Vietnamese_Context_Evicted_100,VN_FINAL_ANS_049,answerable,43,checkpoints/phase4_1/cms_3lvl_seed_43.pt + BM25 retriever,token_f1,0.2667,False,True,False,False,False,12567.5,361.22,frozen-checkpoint inference evaluation
P2,Vietnamese_Context_Evicted_100,VN_FINAL_ANS_050,answerable,43,checkpoints/phase4_1/cms_3lvl_seed_43.pt + BM25 retriever,token_f1,0.8,False,True,False,False,False,12550.45,361.22,frozen-checkpoint inference evaluation
P2,Vietnamese_Context_Evicted_100,VN_FINAL_UNANS_001,unanswerable,43,checkpoints/phase4_1/cms_3lvl_seed_43.pt + BM25 retriever,token_f1,0.0,True,False,True,False,False,0.94,361.22,frozen-checkpoint inference evaluation
P2,Vietnamese_Context_Evicted_100,VN_FINAL_UNANS_002,unanswerable,43,checkpoints/phase4_1/cms_3lvl_seed_43.pt + BM25 retriever,token_f1,0.0,False,True,False,False,True,12570.25,361.22,frozen-checkpoint inference evaluation
P2,Vietnamese_Context_Evicted_100,VN_FINAL_UNANS_003,unanswerable,43,checkpoints/phase4_1/cms_3lvl_seed_43.pt + BM25 retriever,token_f1,0.0,True,False,True,False,False,1.35,361.22,frozen-checkpoint inference evaluation
P2,Vietnamese_Context_Evicted_100,VN_FINAL_UNANS_004,unanswerable,43,checkpoints/phase4_1/cms_3lvl_seed_43.pt + BM25 retriever,token_f1,0.0,True,False,True,False,False,1.23,361.22,frozen-checkpoint inference evaluation
P2,Vietnamese_Context_Evicted_100,VN_FINAL_UNANS_005,unanswerable,43,checkpoints/phase4_1/cms_3lvl_seed_43.pt + BM25 retriever,token_f1,0.0,True,False,True,False,False,1.33,361.22,frozen-checkpoint inference evaluation
P2,Vietnamese_Context_Evicted_100,VN_FINAL_UNANS_006,unanswerable,43,checkpoints/phase4_1/cms_3lvl_seed_43.pt + BM25 retriever,token_f1,0.0,True,False,True,False,False,1.04,361.22,frozen-checkpoint inference evaluation
P2,Vietnamese_Context_Evicted_100,VN_FINAL_UNANS_007,unanswerable,43,checkpoints/phase4_1/cms_3lvl_seed_43.pt + BM25 retriever,token_f1,0.0,False,True,False,False,True,12552.65,361.22,frozen-checkpoint inference evaluation
P2,Vietnamese_Context_Evicted_100,VN_FINAL_UNANS_008,unanswerable,43,checkpoints/phase4_1/cms_3lvl_seed_43.pt + BM25 retriever,token_f1,0.0,True,False,True,False,False,1.36,361.22,frozen-checkpoint inference evaluation
P2,Vietnamese_Context_Evicted_100,VN_FINAL_UNANS_009,unanswerable,43,checkpoints/phase4_1/cms_3lvl_seed_43.pt + BM25 retriever,token_f1,0.0,True,False,True,False,False,1.31,361.22,frozen-checkpoint inference evaluation
P2,Vietnamese_Context_Evicted_100,VN_FINAL_UNANS_010,unanswerable,43,checkpoints/phase4_1/cms_3lvl_seed_43.pt + BM25 retriever,token_f1,0.0,True,False,True,False,False,1.16,361.22,frozen-checkpoint inference evaluation
P2,Vietnamese_Context_Evicted_100,VN_FINAL_UNANS_011,unanswerable,43,checkpoints/phase4_1/cms_3lvl_seed_43.pt + BM25 retriever,token_f1,0.0,True,False,True,False,False,1.25,361.22,frozen-checkpoint inference evaluation
P2,Vietnamese_Context_Evicted_100,VN_FINAL_UNANS_012,unanswerable,43,checkpoints/phase4_1/cms_3lvl_seed_43.pt + BM25 retriever,token_f1,0.0,True,False,True,False,False,1.62,361.22,frozen-checkpoint inference evaluation
P2,Vietnamese_Context_Evicted_100,VN_FINAL_UNANS_013,unanswerable,43,checkpoints/phase4_1/cms_3lvl_seed_43.pt + BM25 retriever,token_f1,0.0,True,False,True,False,False,1.43,361.22,frozen-checkpoint inference evaluation
P2,Vietnamese_Context_Evicted_100,VN_FINAL_UNANS_014,unanswerable,43,checkpoints/phase4_1/cms_3lvl_seed_43.pt + BM25 retriever,token_f1,0.0,True,False,True,False,False,1.23,361.22,frozen-checkpoint inference evaluation
P2,Vietnamese_Context_Evicted_100,VN_FINAL_UNANS_015,unanswerable,43,checkpoints/phase4_1/cms_3lvl_seed_43.pt + BM25 retriever,token_f1,0.0,False,True,False,False,True,12559.06,361.22,frozen-checkpoint inference evaluation
P2,Vietnamese_Context_Evicted_100,VN_FINAL_UNANS_016,unanswerable,43,checkpoints/phase4_1/cms_3lvl_seed_43.pt + BM25 retriever,token_f1,0.0,True,False,True,False,False,1.35,361.22,frozen-checkpoint inference evaluation
P2,Vietnamese_Context_Evicted_100,VN_FINAL_UNANS_017,unanswerable,43,checkpoints/phase4_1/cms_3lvl_seed_43.pt + BM25 retriever,token_f1,0.0,False,True,False,False,True,12564.19,361.22,frozen-checkpoint inference evaluation
P2,Vietnamese_Context_Evicted_100,VN_FINAL_UNANS_018,unanswerable,43,checkpoints/phase4_1/cms_3lvl_seed_43.pt + BM25 retriever,token_f1,0.0,False,True,False,False,True,12552.6,361.22,frozen-checkpoint inference evaluation
P2,Vietnamese_Context_Evicted_100,VN_FINAL_UNANS_019,unanswerable,43,checkpoints/phase4_1/cms_3lvl_seed_43.pt + BM25 retriever,token_f1,0.0,True,False,True,False,False,1.52,361.22,frozen-checkpoint inference evaluation
P2,Vietnamese_Context_Evicted_100,VN_FINAL_UNANS_020,unanswerable,43,checkpoints/phase4_1/cms_3lvl_seed_43.pt + BM25 retriever,token_f1,0.0,True,False,True,False,False,1.3,361.22,frozen-checkpoint inference evaluation
P2,Vietnamese_Context_Evicted_100,VN_FINAL_UNANS_021,unanswerable,43,checkpoints/phase4_1/cms_3lvl_seed_43.pt + BM25 retriever,token_f1,0.0,True,False,True,False,False,1.12,361.22,frozen-checkpoint inference evaluation
P2,Vietnamese_Context_Evicted_100,VN_FINAL_UNANS_022,unanswerable,43,checkpoints/phase4_1/cms_3lvl_seed_43.pt + BM25 retriever,token_f1,0.0,True,False,True,False,False,1.39,361.22,frozen-checkpoint inference evaluation
P2,Vietnamese_Context_Evicted_100,VN_FINAL_UNANS_023,unanswerable,43,checkpoints/phase4_1/cms_3lvl_seed_43.pt + BM25 retriever,token_f1,0.0,True,False,True,False,False,0.88,361.22,frozen-checkpoint inference evaluation
P2,Vietnamese_Context_Evicted_100,VN_FINAL_UNANS_024,unanswerable,43,checkpoints/phase4_1/cms_3lvl_seed_43.pt + BM25 retriever,token_f1,0.0,False,True,False,False,True,12562.7,361.22,frozen-checkpoint inference evaluation
P2,Vietnamese_Context_Evicted_100,VN_FINAL_UNANS_025,unanswerable,43,checkpoints/phase4_1/cms_3lvl_seed_43.pt + BM25 retriever,token_f1,0.0,True,False,True,False,False,1.29,361.22,frozen-checkpoint inference evaluation
P2,Vietnamese_Context_Evicted_100,VN_FINAL_INSUFF_001,insufficient_evidence,43,checkpoints/phase4_1/cms_3lvl_seed_43.pt + BM25 retriever,token_f1,0.0,True,False,True,False,False,1.47,361.22,frozen-checkpoint inference evaluation
P2,Vietnamese_Context_Evicted_100,VN_FINAL_INSUFF_002,insufficient_evidence,43,checkpoints/phase4_1/cms_3lvl_seed_43.pt + BM25 retriever,token_f1,0.0,False,True,False,False,True,12564.91,361.22,frozen-checkpoint inference evaluation
P2,Vietnamese_Context_Evicted_100,VN_FINAL_INSUFF_003,insufficient_evidence,43,checkpoints/phase4_1/cms_3lvl_seed_43.pt + BM25 retriever,token_f1,0.0,True,False,True,False,False,1.64,361.22,frozen-checkpoint inference evaluation
P2,Vietnamese_Context_Evicted_100,VN_FINAL_INSUFF_004,insufficient_evidence,43,checkpoints/phase4_1/cms_3lvl_seed_43.pt + BM25 retriever,token_f1,0.0,True,False,True,False,False,1.34,361.22,frozen-checkpoint inference evaluation
P2,Vietnamese_Context_Evicted_100,VN_FINAL_INSUFF_005,insufficient_evidence,43,checkpoints/phase4_1/cms_3lvl_seed_43.pt + BM25 retriever,token_f1,0.0,False,True,False,False,True,12557.23,361.22,frozen-checkpoint inference evaluation
P2,Vietnamese_Context_Evicted_100,VN_FINAL_INSUFF_006,insufficient_evidence,43,checkpoints/phase4_1/cms_3lvl_seed_43.pt + BM25 retriever,token_f1,0.0,True,False,True,False,False,1.81,361.22,frozen-checkpoint inference evaluation
P2,Vietnamese_Context_Evicted_100,VN_FINAL_INSUFF_007,insufficient_evidence,43,checkpoints/phase4_1/cms_3lvl_seed_43.pt + BM25 retriever,token_f1,0.0,True,False,True,False,False,1.52,361.22,frozen-checkpoint inference evaluation
P2,Vietnamese_Context_Evicted_100,VN_FINAL_INSUFF_008,insufficient_evidence,43,checkpoints/phase4_1/cms_3lvl_seed_43.pt + BM25 retriever,token_f1,0.0,False,True,False,False,True,12563.33,361.22,frozen-checkpoint inference evaluation
P2,Vietnamese_Context_Evicted_100,VN_FINAL_INSUFF_009,insufficient_evidence,43,checkpoints/phase4_1/cms_3lvl_seed_43.pt + BM25 retriever,token_f1,0.0,True,False,True,False,False,1.36,361.22,frozen-checkpoint inference evaluation
P2,Vietnamese_Context_Evicted_100,VN_FINAL_INSUFF_010,insufficient_evidence,43,checkpoints/phase4_1/cms_3lvl_seed_43.pt + BM25 retriever,token_f1,0.0,False,True,False,False,True,12562.16,361.22,frozen-checkpoint inference evaluation
P2,Vietnamese_Context_Evicted_100,VN_FINAL_INSUFF_011,insufficient_evidence,43,checkpoints/phase4_1/cms_3lvl_seed_43.pt + BM25 retriever,token_f1,0.0,True,False,True,False,False,1.1,361.22,frozen-checkpoint inference evaluation
P2,Vietnamese_Context_Evicted_100,VN_FINAL_INSUFF_012,insufficient_evidence,43,checkpoints/phase4_1/cms_3lvl_seed_43.pt + BM25 retriever,token_f1,0.0,True,False,True,False,False,1.35,361.22,frozen-checkpoint inference evaluation
P2,Vietnamese_Context_Evicted_100,VN_FINAL_INSUFF_013,insufficient_evidence,43,checkpoints/phase4_1/cms_3lvl_seed_43.pt + BM25 retriever,token_f1,0.0,True,False,True,False,False,0.99,361.22,frozen-checkpoint inference evaluation
P2,Vietnamese_Context_Evicted_100,VN_FINAL_INSUFF_014,insufficient_evidence,43,checkpoints/phase4_1/cms_3lvl_seed_43.pt + BM25 retriever,token_f1,0.0,False,True,False,False,True,12549.36,361.22,frozen-checkpoint inference evaluation
P2,Vietnamese_Context_Evicted_100,VN_FINAL_INSUFF_015,insufficient_evidence,43,checkpoints/phase4_1/cms_3lvl_seed_43.pt + BM25 retriever,token_f1,0.0,True,False,True,False,False,1.33,361.22,frozen-checkpoint inference evaluation
P2,Vietnamese_Context_Evicted_100,VN_FINAL_INSUFF_016,insufficient_evidence,43,checkpoints/phase4_1/cms_3lvl_seed_43.pt + BM25 retriever,token_f1,0.0,True,False,True,False,False,1.09,361.22,frozen-checkpoint inference evaluation
P2,Vietnamese_Context_Evicted_100,VN_FINAL_INSUFF_017,insufficient_evidence,43,checkpoints/phase4_1/cms_3lvl_seed_43.pt + BM25 retriever,token_f1,0.0,True,False,True,False,False,1.63,361.22,frozen-checkpoint inference evaluation
P2,Vietnamese_Context_Evicted_100,VN_FINAL_INSUFF_018,insufficient_evidence,43,checkpoints/phase4_1/cms_3lvl_seed_43.pt + BM25 retriever,token_f1,0.0,False,True,False,False,True,12558.29,361.22,frozen-checkpoint inference evaluation
P2,Vietnamese_Context_Evicted_100,VN_FINAL_INSUFF_019,insufficient_evidence,43,checkpoints/phase4_1/cms_3lvl_seed_43.pt + BM25 retriever,token_f1,0.0,True,False,True,False,False,1.29,361.22,frozen-checkpoint inference evaluation
P2,Vietnamese_Context_Evicted_100,VN_FINAL_INSUFF_020,insufficient_evidence,43,checkpoints/phase4_1/cms_3lvl_seed_43.pt + BM25 retriever,token_f1,0.0,True,False,True,False,False,1.05,361.22,frozen-checkpoint inference evaluation
P2,Vietnamese_Context_Evicted_100,VN_FINAL_INSUFF_021,insufficient_evidence,43,checkpoints/phase4_1/cms_3lvl_seed_43.pt + BM25 retriever,token_f1,0.0,True,False,True,False,False,1.24,361.22,frozen-checkpoint inference evaluation
P2,Vietnamese_Context_Evicted_100,VN_FINAL_INSUFF_022,insufficient_evidence,43,checkpoints/phase4_1/cms_3lvl_seed_43.pt + BM25 retriever,token_f1,0.0,True,False,True,False,False,1.82,361.22,frozen-checkpoint inference evaluation
P2,Vietnamese_Context_Evicted_100,VN_FINAL_INSUFF_023,insufficient_evidence,43,checkpoints/phase4_1/cms_3lvl_seed_43.pt + BM25 retriever,token_f1,0.0,True,False,True,False,False,1.35,361.22,frozen-checkpoint inference evaluation
P2,Vietnamese_Context_Evicted_100,VN_FINAL_INSUFF_024,insufficient_evidence,43,checkpoints/phase4_1/cms_3lvl_seed_43.pt + BM25 retriever,token_f1,0.0,True,False,True,False,False,1.64,361.22,frozen-checkpoint inference evaluation
P2,Vietnamese_Context_Evicted_100,VN_FINAL_INSUFF_025,insufficient_evidence,43,checkpoints/phase4_1/cms_3lvl_seed_43.pt + BM25 retriever,token_f1,0.0,True,False,True,False,False,1.09,361.22,frozen-checkpoint inference evaluation
B1,Vietnamese_Context_Evicted_100,VN_FINAL_ANS_001,answerable,44,"None (frozen backbone, full context)",token_f1,0.0,False,False,False,False,False,12429.72,294.94,frozen-checkpoint inference evaluation
B1,Vietnamese_Context_Evicted_100,VN_FINAL_ANS_002,answerable,44,"None (frozen backbone, full context)",token_f1,0.0,False,False,False,False,False,12465.29,294.94,frozen-checkpoint inference evaluation
B1,Vietnamese_Context_Evicted_100,VN_FINAL_ANS_003,answerable,44,"None (frozen backbone, full context)",token_f1,0.0,False,False,False,False,False,12467.06,294.94,frozen-checkpoint inference evaluation
B1,Vietnamese_Context_Evicted_100,VN_FINAL_ANS_004,answerable,44,"None (frozen backbone, full context)",token_f1,0.0,False,False,False,False,False,12471.3,294.94,frozen-checkpoint inference evaluation
B1,Vietnamese_Context_Evicted_100,VN_FINAL_ANS_005,answerable,44,"None (frozen backbone, full context)",token_f1,0.0,False,False,False,False,False,12474.26,294.94,frozen-checkpoint inference evaluation
B1,Vietnamese_Context_Evicted_100,VN_FINAL_ANS_006,answerable,44,"None (frozen backbone, full context)",token_f1,0.0,False,False,False,False,False,12481.78,294.94,frozen-checkpoint inference evaluation
B1,Vietnamese_Context_Evicted_100,VN_FINAL_ANS_007,answerable,44,"None (frozen backbone, full context)",token_f1,0.0,False,False,False,False,False,12464.04,294.94,frozen-checkpoint inference evaluation
B1,Vietnamese_Context_Evicted_100,VN_FINAL_ANS_008,answerable,44,"None (frozen backbone, full context)",token_f1,0.0,False,False,False,False,False,12469.0,294.94,frozen-checkpoint inference evaluation
B1,Vietnamese_Context_Evicted_100,VN_FINAL_ANS_009,answerable,44,"None (frozen backbone, full context)",token_f1,0.0,False,False,False,False,False,12467.53,294.94,frozen-checkpoint inference evaluation
B1,Vietnamese_Context_Evicted_100,VN_FINAL_ANS_010,answerable,44,"None (frozen backbone, full context)",token_f1,0.0,False,False,False,False,False,12475.01,294.94,frozen-checkpoint inference evaluation
B1,Vietnamese_Context_Evicted_100,VN_FINAL_ANS_011,answerable,44,"None (frozen backbone, full context)",token_f1,0.0,False,False,False,False,False,12470.3,294.94,frozen-checkpoint inference evaluation
B1,Vietnamese_Context_Evicted_100,VN_FINAL_ANS_012,answerable,44,"None (frozen backbone, full context)",token_f1,0.0,False,False,False,False,False,12466.4,294.94,frozen-checkpoint inference evaluation
B1,Vietnamese_Context_Evicted_100,VN_FINAL_ANS_013,answerable,44,"None (frozen backbone, full context)",token_f1,0.0,False,False,False,False,False,12482.83,294.94,frozen-checkpoint inference evaluation
B1,Vietnamese_Context_Evicted_100,VN_FINAL_ANS_014,answerable,44,"None (frozen backbone, full context)",token_f1,0.0,False,False,False,False,False,12459.79,294.94,frozen-checkpoint inference evaluation
B1,Vietnamese_Context_Evicted_100,VN_FINAL_ANS_015,answerable,44,"None (frozen backbone, full context)",token_f1,0.0,False,False,False,False,False,12461.96,294.94,frozen-checkpoint inference evaluation
B1,Vietnamese_Context_Evicted_100,VN_FINAL_ANS_016,answerable,44,"None (frozen backbone, full context)",token_f1,0.0,False,False,False,False,False,12485.96,294.94,frozen-checkpoint inference evaluation
B1,Vietnamese_Context_Evicted_100,VN_FINAL_ANS_017,answerable,44,"None (frozen backbone, full context)",token_f1,0.0,False,False,False,False,False,12457.63,294.94,frozen-checkpoint inference evaluation
B1,Vietnamese_Context_Evicted_100,VN_FINAL_ANS_018,answerable,44,"None (frozen backbone, full context)",token_f1,0.0,False,False,False,False,False,12478.49,294.94,frozen-checkpoint inference evaluation
B1,Vietnamese_Context_Evicted_100,VN_FINAL_ANS_019,answerable,44,"None (frozen backbone, full context)",token_f1,0.0,False,False,False,False,False,12472.6,294.94,frozen-checkpoint inference evaluation
B1,Vietnamese_Context_Evicted_100,VN_FINAL_ANS_020,answerable,44,"None (frozen backbone, full context)",token_f1,0.0,False,False,False,False,False,12473.36,294.94,frozen-checkpoint inference evaluation
B1,Vietnamese_Context_Evicted_100,VN_FINAL_ANS_021,answerable,44,"None (frozen backbone, full context)",token_f1,0.0,False,False,False,False,False,12461.02,294.94,frozen-checkpoint inference evaluation
B1,Vietnamese_Context_Evicted_100,VN_FINAL_ANS_022,answerable,44,"None (frozen backbone, full context)",token_f1,0.0,False,False,False,False,False,12484.51,294.94,frozen-checkpoint inference evaluation
B1,Vietnamese_Context_Evicted_100,VN_FINAL_ANS_023,answerable,44,"None (frozen backbone, full context)",token_f1,0.0,False,False,False,False,False,12466.16,294.94,frozen-checkpoint inference evaluation
B1,Vietnamese_Context_Evicted_100,VN_FINAL_ANS_024,answerable,44,"None (frozen backbone, full context)",token_f1,0.0,False,False,False,False,False,12475.09,294.94,frozen-checkpoint inference evaluation
B1,Vietnamese_Context_Evicted_100,VN_FINAL_ANS_025,answerable,44,"None (frozen backbone, full context)",token_f1,0.0,False,False,False,False,False,12457.47,294.94,frozen-checkpoint inference evaluation
B1,Vietnamese_Context_Evicted_100,VN_FINAL_ANS_026,answerable,44,"None (frozen backbone, full context)",token_f1,0.0,False,False,False,False,False,12475.82,294.94,frozen-checkpoint inference evaluation
B1,Vietnamese_Context_Evicted_100,VN_FINAL_ANS_027,answerable,44,"None (frozen backbone, full context)",token_f1,0.0,False,False,False,False,False,12468.14,294.94,frozen-checkpoint inference evaluation
B1,Vietnamese_Context_Evicted_100,VN_FINAL_ANS_028,answerable,44,"None (frozen backbone, full context)",token_f1,0.0,False,False,False,False,False,12471.46,294.94,frozen-checkpoint inference evaluation
B1,Vietnamese_Context_Evicted_100,VN_FINAL_ANS_029,answerable,44,"None (frozen backbone, full context)",token_f1,0.0,False,False,False,False,False,12464.15,294.94,frozen-checkpoint inference evaluation
B1,Vietnamese_Context_Evicted_100,VN_FINAL_ANS_030,answerable,44,"None (frozen backbone, full context)",token_f1,0.0,False,False,False,False,False,12475.07,294.94,frozen-checkpoint inference evaluation
B1,Vietnamese_Context_Evicted_100,VN_FINAL_ANS_031,answerable,44,"None (frozen backbone, full context)",token_f1,0.0,False,False,False,False,False,12471.33,294.94,frozen-checkpoint inference evaluation
B1,Vietnamese_Context_Evicted_100,VN_FINAL_ANS_032,answerable,44,"None (frozen backbone, full context)",token_f1,0.0,False,False,False,False,False,12474.71,294.94,frozen-checkpoint inference evaluation
B1,Vietnamese_Context_Evicted_100,VN_FINAL_ANS_033,answerable,44,"None (frozen backbone, full context)",token_f1,0.0,False,False,False,False,False,12468.7,294.94,frozen-checkpoint inference evaluation
B1,Vietnamese_Context_Evicted_100,VN_FINAL_ANS_034,answerable,44,"None (frozen backbone, full context)",token_f1,0.1111,False,False,False,False,False,12466.79,294.94,frozen-checkpoint inference evaluation
B1,Vietnamese_Context_Evicted_100,VN_FINAL_ANS_035,answerable,44,"None (frozen backbone, full context)",token_f1,0.0,False,False,False,False,False,12473.09,294.94,frozen-checkpoint inference evaluation
B1,Vietnamese_Context_Evicted_100,VN_FINAL_ANS_036,answerable,44,"None (frozen backbone, full context)",token_f1,0.0,False,False,False,False,False,12471.38,294.94,frozen-checkpoint inference evaluation
B1,Vietnamese_Context_Evicted_100,VN_FINAL_ANS_037,answerable,44,"None (frozen backbone, full context)",token_f1,0.0,False,False,False,False,False,12467.85,294.94,frozen-checkpoint inference evaluation
B1,Vietnamese_Context_Evicted_100,VN_FINAL_ANS_038,answerable,44,"None (frozen backbone, full context)",token_f1,0.0,False,False,False,False,False,12461.0,294.94,frozen-checkpoint inference evaluation
B1,Vietnamese_Context_Evicted_100,VN_FINAL_ANS_039,answerable,44,"None (frozen backbone, full context)",token_f1,0.0,False,False,False,False,False,12484.96,294.94,frozen-checkpoint inference evaluation
B1,Vietnamese_Context_Evicted_100,VN_FINAL_ANS_040,answerable,44,"None (frozen backbone, full context)",token_f1,0.0,False,False,False,False,False,12454.4,294.94,frozen-checkpoint inference evaluation
B1,Vietnamese_Context_Evicted_100,VN_FINAL_ANS_041,answerable,44,"None (frozen backbone, full context)",token_f1,0.0,False,False,False,False,False,12475.14,294.94,frozen-checkpoint inference evaluation
B1,Vietnamese_Context_Evicted_100,VN_FINAL_ANS_042,answerable,44,"None (frozen backbone, full context)",token_f1,0.0,False,False,False,False,False,12473.96,294.94,frozen-checkpoint inference evaluation
B1,Vietnamese_Context_Evicted_100,VN_FINAL_ANS_043,answerable,44,"None (frozen backbone, full context)",token_f1,0.0,False,False,False,False,False,12462.51,294.94,frozen-checkpoint inference evaluation
B1,Vietnamese_Context_Evicted_100,VN_FINAL_ANS_044,answerable,44,"None (frozen backbone, full context)",token_f1,0.0,False,False,False,False,False,12468.72,294.94,frozen-checkpoint inference evaluation
B1,Vietnamese_Context_Evicted_100,VN_FINAL_ANS_045,answerable,44,"None (frozen backbone, full context)",token_f1,0.0,False,False,False,False,False,12473.92,294.94,frozen-checkpoint inference evaluation
B1,Vietnamese_Context_Evicted_100,VN_FINAL_ANS_046,answerable,44,"None (frozen backbone, full context)",token_f1,0.0,False,False,False,False,False,12457.82,294.94,frozen-checkpoint inference evaluation
B1,Vietnamese_Context_Evicted_100,VN_FINAL_ANS_047,answerable,44,"None (frozen backbone, full context)",token_f1,0.0,False,False,False,False,False,12467.76,294.94,frozen-checkpoint inference evaluation
B1,Vietnamese_Context_Evicted_100,VN_FINAL_ANS_048,answerable,44,"None (frozen backbone, full context)",token_f1,0.0,False,False,False,False,False,12481.43,294.94,frozen-checkpoint inference evaluation
B1,Vietnamese_Context_Evicted_100,VN_FINAL_ANS_049,answerable,44,"None (frozen backbone, full context)",token_f1,0.1111,False,False,False,False,False,12467.12,294.94,frozen-checkpoint inference evaluation
B1,Vietnamese_Context_Evicted_100,VN_FINAL_ANS_050,answerable,44,"None (frozen backbone, full context)",token_f1,0.0,False,False,False,False,False,12476.06,294.94,frozen-checkpoint inference evaluation
B1,Vietnamese_Context_Evicted_100,VN_FINAL_UNANS_001,unanswerable,44,"None (frozen backbone, full context)",token_f1,0.0,False,False,False,False,True,12465.0,294.94,frozen-checkpoint inference evaluation
B1,Vietnamese_Context_Evicted_100,VN_FINAL_UNANS_002,unanswerable,44,"None (frozen backbone, full context)",token_f1,0.0,False,False,False,False,True,12477.63,294.94,frozen-checkpoint inference evaluation
B1,Vietnamese_Context_Evicted_100,VN_FINAL_UNANS_003,unanswerable,44,"None (frozen backbone, full context)",token_f1,0.0,False,False,False,False,True,12463.41,294.94,frozen-checkpoint inference evaluation
B1,Vietnamese_Context_Evicted_100,VN_FINAL_UNANS_004,unanswerable,44,"None (frozen backbone, full context)",token_f1,0.0,False,False,False,False,True,12468.44,294.94,frozen-checkpoint inference evaluation
B1,Vietnamese_Context_Evicted_100,VN_FINAL_UNANS_005,unanswerable,44,"None (frozen backbone, full context)",token_f1,0.0,False,False,False,False,True,12477.32,294.94,frozen-checkpoint inference evaluation
B1,Vietnamese_Context_Evicted_100,VN_FINAL_UNANS_006,unanswerable,44,"None (frozen backbone, full context)",token_f1,0.0,False,False,False,False,True,12465.45,294.94,frozen-checkpoint inference evaluation
B1,Vietnamese_Context_Evicted_100,VN_FINAL_UNANS_007,unanswerable,44,"None (frozen backbone, full context)",token_f1,0.0,False,False,False,False,True,12462.79,294.94,frozen-checkpoint inference evaluation
B1,Vietnamese_Context_Evicted_100,VN_FINAL_UNANS_008,unanswerable,44,"None (frozen backbone, full context)",token_f1,0.0,False,False,False,False,True,12467.25,294.94,frozen-checkpoint inference evaluation
B1,Vietnamese_Context_Evicted_100,VN_FINAL_UNANS_009,unanswerable,44,"None (frozen backbone, full context)",token_f1,0.0,False,False,False,False,True,12470.42,294.94,frozen-checkpoint inference evaluation
B1,Vietnamese_Context_Evicted_100,VN_FINAL_UNANS_010,unanswerable,44,"None (frozen backbone, full context)",token_f1,0.0,False,False,False,False,True,12534.67,294.94,frozen-checkpoint inference evaluation
B1,Vietnamese_Context_Evicted_100,VN_FINAL_UNANS_011,unanswerable,44,"None (frozen backbone, full context)",token_f1,0.0,False,False,False,False,True,12463.51,294.94,frozen-checkpoint inference evaluation
B1,Vietnamese_Context_Evicted_100,VN_FINAL_UNANS_012,unanswerable,44,"None (frozen backbone, full context)",token_f1,0.0,False,False,False,False,True,12459.14,294.94,frozen-checkpoint inference evaluation
B1,Vietnamese_Context_Evicted_100,VN_FINAL_UNANS_013,unanswerable,44,"None (frozen backbone, full context)",token_f1,0.0,False,False,False,False,True,12482.27,294.94,frozen-checkpoint inference evaluation
B1,Vietnamese_Context_Evicted_100,VN_FINAL_UNANS_014,unanswerable,44,"None (frozen backbone, full context)",token_f1,0.0,False,False,False,False,True,12463.16,294.94,frozen-checkpoint inference evaluation
B1,Vietnamese_Context_Evicted_100,VN_FINAL_UNANS_015,unanswerable,44,"None (frozen backbone, full context)",token_f1,0.0,False,False,False,False,True,12468.13,294.94,frozen-checkpoint inference evaluation
B1,Vietnamese_Context_Evicted_100,VN_FINAL_UNANS_016,unanswerable,44,"None (frozen backbone, full context)",token_f1,0.0,False,False,False,False,True,12474.33,294.94,frozen-checkpoint inference evaluation
B1,Vietnamese_Context_Evicted_100,VN_FINAL_UNANS_017,unanswerable,44,"None (frozen backbone, full context)",token_f1,0.0,False,False,False,False,True,12457.59,294.94,frozen-checkpoint inference evaluation
B1,Vietnamese_Context_Evicted_100,VN_FINAL_UNANS_018,unanswerable,44,"None (frozen backbone, full context)",token_f1,0.0,False,False,False,False,True,12479.67,294.94,frozen-checkpoint inference evaluation
B1,Vietnamese_Context_Evicted_100,VN_FINAL_UNANS_019,unanswerable,44,"None (frozen backbone, full context)",token_f1,0.0,False,False,False,False,True,12479.93,294.94,frozen-checkpoint inference evaluation
B1,Vietnamese_Context_Evicted_100,VN_FINAL_UNANS_020,unanswerable,44,"None (frozen backbone, full context)",token_f1,0.0,False,False,False,False,True,12469.68,294.94,frozen-checkpoint inference evaluation
B1,Vietnamese_Context_Evicted_100,VN_FINAL_UNANS_021,unanswerable,44,"None (frozen backbone, full context)",token_f1,0.0,False,False,False,False,True,12463.37,294.94,frozen-checkpoint inference evaluation
B1,Vietnamese_Context_Evicted_100,VN_FINAL_UNANS_022,unanswerable,44,"None (frozen backbone, full context)",token_f1,0.0,False,False,False,False,True,12466.08,294.94,frozen-checkpoint inference evaluation
B1,Vietnamese_Context_Evicted_100,VN_FINAL_UNANS_023,unanswerable,44,"None (frozen backbone, full context)",token_f1,0.0,False,False,False,False,True,12466.66,294.94,frozen-checkpoint inference evaluation
B1,Vietnamese_Context_Evicted_100,VN_FINAL_UNANS_024,unanswerable,44,"None (frozen backbone, full context)",token_f1,0.0,False,False,False,False,True,12473.26,294.94,frozen-checkpoint inference evaluation
B1,Vietnamese_Context_Evicted_100,VN_FINAL_UNANS_025,unanswerable,44,"None (frozen backbone, full context)",token_f1,0.0,False,False,False,False,True,12463.47,294.94,frozen-checkpoint inference evaluation
B1,Vietnamese_Context_Evicted_100,VN_FINAL_INSUFF_001,insufficient_evidence,44,"None (frozen backbone, full context)",token_f1,0.0,False,False,False,False,True,12484.21,294.94,frozen-checkpoint inference evaluation
B1,Vietnamese_Context_Evicted_100,VN_FINAL_INSUFF_002,insufficient_evidence,44,"None (frozen backbone, full context)",token_f1,0.0,False,False,False,False,True,12464.0,294.94,frozen-checkpoint inference evaluation
B1,Vietnamese_Context_Evicted_100,VN_FINAL_INSUFF_003,insufficient_evidence,44,"None (frozen backbone, full context)",token_f1,0.0,False,False,False,False,True,12467.12,294.94,frozen-checkpoint inference evaluation
B1,Vietnamese_Context_Evicted_100,VN_FINAL_INSUFF_004,insufficient_evidence,44,"None (frozen backbone, full context)",token_f1,0.0,False,False,False,False,True,12476.05,294.94,frozen-checkpoint inference evaluation
B1,Vietnamese_Context_Evicted_100,VN_FINAL_INSUFF_005,insufficient_evidence,44,"None (frozen backbone, full context)",token_f1,0.0,False,False,False,False,True,12469.96,294.94,frozen-checkpoint inference evaluation
B1,Vietnamese_Context_Evicted_100,VN_FINAL_INSUFF_006,insufficient_evidence,44,"None (frozen backbone, full context)",token_f1,0.0,False,False,False,False,True,12460.93,294.94,frozen-checkpoint inference evaluation
B1,Vietnamese_Context_Evicted_100,VN_FINAL_INSUFF_007,insufficient_evidence,44,"None (frozen backbone, full context)",token_f1,0.0,False,False,False,False,True,12463.29,294.94,frozen-checkpoint inference evaluation
B1,Vietnamese_Context_Evicted_100,VN_FINAL_INSUFF_008,insufficient_evidence,44,"None (frozen backbone, full context)",token_f1,0.0,False,False,False,False,True,12464.77,294.94,frozen-checkpoint inference evaluation
B1,Vietnamese_Context_Evicted_100,VN_FINAL_INSUFF_009,insufficient_evidence,44,"None (frozen backbone, full context)",token_f1,0.0,False,False,False,False,True,12474.49,294.94,frozen-checkpoint inference evaluation
B1,Vietnamese_Context_Evicted_100,VN_FINAL_INSUFF_010,insufficient_evidence,44,"None (frozen backbone, full context)",token_f1,0.0,False,False,False,False,True,12475.03,294.94,frozen-checkpoint inference evaluation
B1,Vietnamese_Context_Evicted_100,VN_FINAL_INSUFF_011,insufficient_evidence,44,"None (frozen backbone, full context)",token_f1,0.0,False,False,False,False,True,12466.1,294.94,frozen-checkpoint inference evaluation
B1,Vietnamese_Context_Evicted_100,VN_FINAL_INSUFF_012,insufficient_evidence,44,"None (frozen backbone, full context)",token_f1,0.0,False,False,False,False,True,12470.65,294.94,frozen-checkpoint inference evaluation
B1,Vietnamese_Context_Evicted_100,VN_FINAL_INSUFF_013,insufficient_evidence,44,"None (frozen backbone, full context)",token_f1,0.0,False,False,False,False,True,12473.44,294.94,frozen-checkpoint inference evaluation
B1,Vietnamese_Context_Evicted_100,VN_FINAL_INSUFF_014,insufficient_evidence,44,"None (frozen backbone, full context)",token_f1,0.0,False,False,False,False,True,12472.48,294.94,frozen-checkpoint inference evaluation
B1,Vietnamese_Context_Evicted_100,VN_FINAL_INSUFF_015,insufficient_evidence,44,"None (frozen backbone, full context)",token_f1,0.0,False,False,False,False,True,12458.63,294.94,frozen-checkpoint inference evaluation
B1,Vietnamese_Context_Evicted_100,VN_FINAL_INSUFF_016,insufficient_evidence,44,"None (frozen backbone, full context)",token_f1,0.0,False,False,False,False,True,12470.47,294.94,frozen-checkpoint inference evaluation
B1,Vietnamese_Context_Evicted_100,VN_FINAL_INSUFF_017,insufficient_evidence,44,"None (frozen backbone, full context)",token_f1,0.0,False,False,False,False,True,12474.71,294.94,frozen-checkpoint inference evaluation
B1,Vietnamese_Context_Evicted_100,VN_FINAL_INSUFF_018,insufficient_evidence,44,"None (frozen backbone, full context)",token_f1,0.0,False,False,False,False,True,12469.86,294.94,frozen-checkpoint inference evaluation
B1,Vietnamese_Context_Evicted_100,VN_FINAL_INSUFF_019,insufficient_evidence,44,"None (frozen backbone, full context)",token_f1,0.0,False,False,False,False,True,12469.37,294.94,frozen-checkpoint inference evaluation
B1,Vietnamese_Context_Evicted_100,VN_FINAL_INSUFF_020,insufficient_evidence,44,"None (frozen backbone, full context)",token_f1,0.0,False,False,False,False,True,12477.99,294.94,frozen-checkpoint inference evaluation
B1,Vietnamese_Context_Evicted_100,VN_FINAL_INSUFF_021,insufficient_evidence,44,"None (frozen backbone, full context)",token_f1,0.0,False,False,False,False,True,12464.98,294.94,frozen-checkpoint inference evaluation
B1,Vietnamese_Context_Evicted_100,VN_FINAL_INSUFF_022,insufficient_evidence,44,"None (frozen backbone, full context)",token_f1,0.0,False,False,False,False,True,12474.27,294.94,frozen-checkpoint inference evaluation
B1,Vietnamese_Context_Evicted_100,VN_FINAL_INSUFF_023,insufficient_evidence,44,"None (frozen backbone, full context)",token_f1,0.0,False,False,False,False,True,12466.64,294.94,frozen-checkpoint inference evaluation
B1,Vietnamese_Context_Evicted_100,VN_FINAL_INSUFF_024,insufficient_evidence,44,"None (frozen backbone, full context)",token_f1,0.0,False,False,False,False,True,12473.9,294.94,frozen-checkpoint inference evaluation
B1,Vietnamese_Context_Evicted_100,VN_FINAL_INSUFF_025,insufficient_evidence,44,"None (frozen backbone, full context)",token_f1,0.0,False,False,False,False,True,12473.29,294.94,frozen-checkpoint inference evaluation
B2,Vietnamese_Context_Evicted_100,VN_FINAL_ANS_001,answerable,44,None (frozen backbone + BM25 retriever),token_f1,0.0,False,True,False,False,False,12465.4,296.38,frozen-checkpoint inference evaluation
B2,Vietnamese_Context_Evicted_100,VN_FINAL_ANS_002,answerable,44,None (frozen backbone + BM25 retriever),token_f1,0.0,False,True,False,False,False,12474.98,296.38,frozen-checkpoint inference evaluation
B2,Vietnamese_Context_Evicted_100,VN_FINAL_ANS_003,answerable,44,None (frozen backbone + BM25 retriever),token_f1,0.0,False,True,False,False,False,12465.25,296.38,frozen-checkpoint inference evaluation
B2,Vietnamese_Context_Evicted_100,VN_FINAL_ANS_004,answerable,44,None (frozen backbone + BM25 retriever),token_f1,0.2667,False,True,False,False,False,12466.82,296.38,frozen-checkpoint inference evaluation
B2,Vietnamese_Context_Evicted_100,VN_FINAL_ANS_005,answerable,44,None (frozen backbone + BM25 retriever),token_f1,0.8,False,True,False,False,False,12466.77,296.38,frozen-checkpoint inference evaluation
B2,Vietnamese_Context_Evicted_100,VN_FINAL_ANS_006,answerable,44,None (frozen backbone + BM25 retriever),token_f1,0.0,False,True,False,False,False,12469.61,296.38,frozen-checkpoint inference evaluation
B2,Vietnamese_Context_Evicted_100,VN_FINAL_ANS_007,answerable,44,None (frozen backbone + BM25 retriever),token_f1,0.0,False,True,False,False,False,12476.86,296.38,frozen-checkpoint inference evaluation
B2,Vietnamese_Context_Evicted_100,VN_FINAL_ANS_008,answerable,44,None (frozen backbone + BM25 retriever),token_f1,0.0,False,True,False,False,False,12473.17,296.38,frozen-checkpoint inference evaluation
B2,Vietnamese_Context_Evicted_100,VN_FINAL_ANS_009,answerable,44,None (frozen backbone + BM25 retriever),token_f1,0.6667,False,True,False,False,False,12462.19,296.38,frozen-checkpoint inference evaluation
B2,Vietnamese_Context_Evicted_100,VN_FINAL_ANS_010,answerable,44,None (frozen backbone + BM25 retriever),token_f1,0.0,False,True,False,False,False,12473.47,296.38,frozen-checkpoint inference evaluation
B2,Vietnamese_Context_Evicted_100,VN_FINAL_ANS_011,answerable,44,None (frozen backbone + BM25 retriever),token_f1,0.0,False,True,False,False,False,12466.55,296.38,frozen-checkpoint inference evaluation
B2,Vietnamese_Context_Evicted_100,VN_FINAL_ANS_012,answerable,44,None (frozen backbone + BM25 retriever),token_f1,0.5714,False,True,False,False,False,12468.82,296.38,frozen-checkpoint inference evaluation
B2,Vietnamese_Context_Evicted_100,VN_FINAL_ANS_013,answerable,44,None (frozen backbone + BM25 retriever),token_f1,0.0,False,True,False,False,False,12478.6,296.38,frozen-checkpoint inference evaluation
B2,Vietnamese_Context_Evicted_100,VN_FINAL_ANS_014,answerable,44,None (frozen backbone + BM25 retriever),token_f1,0.0,False,True,False,False,False,12470.73,296.38,frozen-checkpoint inference evaluation
B2,Vietnamese_Context_Evicted_100,VN_FINAL_ANS_015,answerable,44,None (frozen backbone + BM25 retriever),token_f1,0.0,False,True,False,False,False,12459.98,296.38,frozen-checkpoint inference evaluation
B2,Vietnamese_Context_Evicted_100,VN_FINAL_ANS_016,answerable,44,None (frozen backbone + BM25 retriever),token_f1,0.0,False,True,False,False,False,12484.35,296.38,frozen-checkpoint inference evaluation
B2,Vietnamese_Context_Evicted_100,VN_FINAL_ANS_017,answerable,44,None (frozen backbone + BM25 retriever),token_f1,0.0,False,True,False,False,False,12460.2,296.38,frozen-checkpoint inference evaluation
B2,Vietnamese_Context_Evicted_100,VN_FINAL_ANS_018,answerable,44,None (frozen backbone + BM25 retriever),token_f1,0.0,False,True,False,False,False,12477.74,296.38,frozen-checkpoint inference evaluation
B2,Vietnamese_Context_Evicted_100,VN_FINAL_ANS_019,answerable,44,None (frozen backbone + BM25 retriever),token_f1,0.2667,False,True,False,False,False,12464.75,296.38,frozen-checkpoint inference evaluation
B2,Vietnamese_Context_Evicted_100,VN_FINAL_ANS_020,answerable,44,None (frozen backbone + BM25 retriever),token_f1,0.8,False,True,False,False,False,12463.94,296.38,frozen-checkpoint inference evaluation
B2,Vietnamese_Context_Evicted_100,VN_FINAL_ANS_021,answerable,44,None (frozen backbone + BM25 retriever),token_f1,0.0,False,True,False,False,False,12482.92,296.38,frozen-checkpoint inference evaluation
B2,Vietnamese_Context_Evicted_100,VN_FINAL_ANS_022,answerable,44,None (frozen backbone + BM25 retriever),token_f1,0.0,False,True,False,False,False,12458.65,296.38,frozen-checkpoint inference evaluation
B2,Vietnamese_Context_Evicted_100,VN_FINAL_ANS_023,answerable,44,None (frozen backbone + BM25 retriever),token_f1,0.0,False,True,False,False,False,12474.12,296.38,frozen-checkpoint inference evaluation
B2,Vietnamese_Context_Evicted_100,VN_FINAL_ANS_024,answerable,44,None (frozen backbone + BM25 retriever),token_f1,0.6667,False,True,False,False,False,12479.76,296.38,frozen-checkpoint inference evaluation
B2,Vietnamese_Context_Evicted_100,VN_FINAL_ANS_025,answerable,44,None (frozen backbone + BM25 retriever),token_f1,0.0,False,True,False,False,False,12457.87,296.38,frozen-checkpoint inference evaluation
B2,Vietnamese_Context_Evicted_100,VN_FINAL_ANS_026,answerable,44,None (frozen backbone + BM25 retriever),token_f1,0.0,False,True,False,False,False,12475.17,296.38,frozen-checkpoint inference evaluation
B2,Vietnamese_Context_Evicted_100,VN_FINAL_ANS_027,answerable,44,None (frozen backbone + BM25 retriever),token_f1,0.5714,False,True,False,False,False,12476.23,296.38,frozen-checkpoint inference evaluation
B2,Vietnamese_Context_Evicted_100,VN_FINAL_ANS_028,answerable,44,None (frozen backbone + BM25 retriever),token_f1,0.0,False,True,False,False,False,12469.74,296.38,frozen-checkpoint inference evaluation
B2,Vietnamese_Context_Evicted_100,VN_FINAL_ANS_029,answerable,44,None (frozen backbone + BM25 retriever),token_f1,0.0,False,True,False,False,False,12469.83,296.38,frozen-checkpoint inference evaluation
B2,Vietnamese_Context_Evicted_100,VN_FINAL_ANS_030,answerable,44,None (frozen backbone + BM25 retriever),token_f1,0.0,False,True,False,False,False,12464.6,296.38,frozen-checkpoint inference evaluation
B2,Vietnamese_Context_Evicted_100,VN_FINAL_ANS_031,answerable,44,None (frozen backbone + BM25 retriever),token_f1,0.0,False,True,False,False,False,12472.65,296.38,frozen-checkpoint inference evaluation
B2,Vietnamese_Context_Evicted_100,VN_FINAL_ANS_032,answerable,44,None (frozen backbone + BM25 retriever),token_f1,0.0,False,True,False,False,False,12477.72,296.38,frozen-checkpoint inference evaluation
B2,Vietnamese_Context_Evicted_100,VN_FINAL_ANS_033,answerable,44,None (frozen backbone + BM25 retriever),token_f1,0.0,False,True,False,False,False,12469.65,296.38,frozen-checkpoint inference evaluation
B2,Vietnamese_Context_Evicted_100,VN_FINAL_ANS_034,answerable,44,None (frozen backbone + BM25 retriever),token_f1,0.2667,False,True,False,False,False,12478.02,296.38,frozen-checkpoint inference evaluation
B2,Vietnamese_Context_Evicted_100,VN_FINAL_ANS_035,answerable,44,None (frozen backbone + BM25 retriever),token_f1,0.8,False,True,False,False,False,12474.03,296.38,frozen-checkpoint inference evaluation
B2,Vietnamese_Context_Evicted_100,VN_FINAL_ANS_036,answerable,44,None (frozen backbone + BM25 retriever),token_f1,0.0,False,True,False,False,False,12459.82,296.38,frozen-checkpoint inference evaluation
B2,Vietnamese_Context_Evicted_100,VN_FINAL_ANS_037,answerable,44,None (frozen backbone + BM25 retriever),token_f1,0.0,False,True,False,False,False,12473.8,296.38,frozen-checkpoint inference evaluation
B2,Vietnamese_Context_Evicted_100,VN_FINAL_ANS_038,answerable,44,None (frozen backbone + BM25 retriever),token_f1,0.0,False,True,False,False,False,12480.87,296.38,frozen-checkpoint inference evaluation
B2,Vietnamese_Context_Evicted_100,VN_FINAL_ANS_039,answerable,44,None (frozen backbone + BM25 retriever),token_f1,0.6667,False,True,False,False,False,12467.82,296.38,frozen-checkpoint inference evaluation
B2,Vietnamese_Context_Evicted_100,VN_FINAL_ANS_040,answerable,44,None (frozen backbone + BM25 retriever),token_f1,0.0,False,True,False,False,False,12481.75,296.38,frozen-checkpoint inference evaluation
B2,Vietnamese_Context_Evicted_100,VN_FINAL_ANS_041,answerable,44,None (frozen backbone + BM25 retriever),token_f1,0.0,False,True,False,False,False,12464.33,296.38,frozen-checkpoint inference evaluation
B2,Vietnamese_Context_Evicted_100,VN_FINAL_ANS_042,answerable,44,None (frozen backbone + BM25 retriever),token_f1,0.5714,False,True,False,False,False,12472.14,296.38,frozen-checkpoint inference evaluation
B2,Vietnamese_Context_Evicted_100,VN_FINAL_ANS_043,answerable,44,None (frozen backbone + BM25 retriever),token_f1,0.0,False,True,False,False,False,12478.69,296.38,frozen-checkpoint inference evaluation
B2,Vietnamese_Context_Evicted_100,VN_FINAL_ANS_044,answerable,44,None (frozen backbone + BM25 retriever),token_f1,0.0,False,True,False,False,False,12462.42,296.38,frozen-checkpoint inference evaluation
B2,Vietnamese_Context_Evicted_100,VN_FINAL_ANS_045,answerable,44,None (frozen backbone + BM25 retriever),token_f1,0.0,False,True,False,False,False,12485.43,296.38,frozen-checkpoint inference evaluation
B2,Vietnamese_Context_Evicted_100,VN_FINAL_ANS_046,answerable,44,None (frozen backbone + BM25 retriever),token_f1,0.0,False,True,False,False,False,12464.42,296.38,frozen-checkpoint inference evaluation
B2,Vietnamese_Context_Evicted_100,VN_FINAL_ANS_047,answerable,44,None (frozen backbone + BM25 retriever),token_f1,0.0,False,True,False,False,False,12474.12,296.38,frozen-checkpoint inference evaluation
B2,Vietnamese_Context_Evicted_100,VN_FINAL_ANS_048,answerable,44,None (frozen backbone + BM25 retriever),token_f1,0.0,False,True,False,False,False,12477.23,296.38,frozen-checkpoint inference evaluation
B2,Vietnamese_Context_Evicted_100,VN_FINAL_ANS_049,answerable,44,None (frozen backbone + BM25 retriever),token_f1,0.2667,False,True,False,False,False,12462.55,296.38,frozen-checkpoint inference evaluation
B2,Vietnamese_Context_Evicted_100,VN_FINAL_ANS_050,answerable,44,None (frozen backbone + BM25 retriever),token_f1,0.8,False,True,False,False,False,12469.98,296.38,frozen-checkpoint inference evaluation
B2,Vietnamese_Context_Evicted_100,VN_FINAL_UNANS_001,unanswerable,44,None (frozen backbone + BM25 retriever),token_f1,0.0,True,False,True,False,False,0.95,296.38,frozen-checkpoint inference evaluation
B2,Vietnamese_Context_Evicted_100,VN_FINAL_UNANS_002,unanswerable,44,None (frozen backbone + BM25 retriever),token_f1,0.0,False,False,False,False,True,12467.09,296.38,frozen-checkpoint inference evaluation
B2,Vietnamese_Context_Evicted_100,VN_FINAL_UNANS_003,unanswerable,44,None (frozen backbone + BM25 retriever),token_f1,0.0,True,False,True,False,False,1.38,296.38,frozen-checkpoint inference evaluation
B2,Vietnamese_Context_Evicted_100,VN_FINAL_UNANS_004,unanswerable,44,None (frozen backbone + BM25 retriever),token_f1,0.0,True,False,True,False,False,1.22,296.38,frozen-checkpoint inference evaluation
B2,Vietnamese_Context_Evicted_100,VN_FINAL_UNANS_005,unanswerable,44,None (frozen backbone + BM25 retriever),token_f1,0.0,True,False,True,False,False,1.32,296.38,frozen-checkpoint inference evaluation
B2,Vietnamese_Context_Evicted_100,VN_FINAL_UNANS_006,unanswerable,44,None (frozen backbone + BM25 retriever),token_f1,0.0,True,False,True,False,False,1.07,296.38,frozen-checkpoint inference evaluation
B2,Vietnamese_Context_Evicted_100,VN_FINAL_UNANS_007,unanswerable,44,None (frozen backbone + BM25 retriever),token_f1,0.0,False,True,False,False,True,12466.02,296.38,frozen-checkpoint inference evaluation
B2,Vietnamese_Context_Evicted_100,VN_FINAL_UNANS_008,unanswerable,44,None (frozen backbone + BM25 retriever),token_f1,0.0,True,False,True,False,False,1.22,296.38,frozen-checkpoint inference evaluation
B2,Vietnamese_Context_Evicted_100,VN_FINAL_UNANS_009,unanswerable,44,None (frozen backbone + BM25 retriever),token_f1,0.0,True,False,True,False,False,1.22,296.38,frozen-checkpoint inference evaluation
B2,Vietnamese_Context_Evicted_100,VN_FINAL_UNANS_010,unanswerable,44,None (frozen backbone + BM25 retriever),token_f1,0.0,True,False,True,False,False,1.09,296.38,frozen-checkpoint inference evaluation
B2,Vietnamese_Context_Evicted_100,VN_FINAL_UNANS_011,unanswerable,44,None (frozen backbone + BM25 retriever),token_f1,0.0,True,False,True,False,False,1.37,296.38,frozen-checkpoint inference evaluation
B2,Vietnamese_Context_Evicted_100,VN_FINAL_UNANS_012,unanswerable,44,None (frozen backbone + BM25 retriever),token_f1,0.0,True,False,True,False,False,1.63,296.38,frozen-checkpoint inference evaluation
B2,Vietnamese_Context_Evicted_100,VN_FINAL_UNANS_013,unanswerable,44,None (frozen backbone + BM25 retriever),token_f1,0.0,True,False,True,False,False,1.51,296.38,frozen-checkpoint inference evaluation
B2,Vietnamese_Context_Evicted_100,VN_FINAL_UNANS_014,unanswerable,44,None (frozen backbone + BM25 retriever),token_f1,0.0,True,False,True,False,False,1.31,296.38,frozen-checkpoint inference evaluation
B2,Vietnamese_Context_Evicted_100,VN_FINAL_UNANS_015,unanswerable,44,None (frozen backbone + BM25 retriever),token_f1,0.0,False,True,False,False,True,12470.78,296.38,frozen-checkpoint inference evaluation
B2,Vietnamese_Context_Evicted_100,VN_FINAL_UNANS_016,unanswerable,44,None (frozen backbone + BM25 retriever),token_f1,0.0,True,False,True,False,False,1.36,296.38,frozen-checkpoint inference evaluation
B2,Vietnamese_Context_Evicted_100,VN_FINAL_UNANS_017,unanswerable,44,None (frozen backbone + BM25 retriever),token_f1,0.0,False,False,False,False,True,12462.99,296.38,frozen-checkpoint inference evaluation
B2,Vietnamese_Context_Evicted_100,VN_FINAL_UNANS_018,unanswerable,44,None (frozen backbone + BM25 retriever),token_f1,0.0,False,True,False,False,True,12473.64,296.38,frozen-checkpoint inference evaluation
B2,Vietnamese_Context_Evicted_100,VN_FINAL_UNANS_019,unanswerable,44,None (frozen backbone + BM25 retriever),token_f1,0.0,True,False,True,False,False,1.55,296.38,frozen-checkpoint inference evaluation
B2,Vietnamese_Context_Evicted_100,VN_FINAL_UNANS_020,unanswerable,44,None (frozen backbone + BM25 retriever),token_f1,0.0,True,False,True,False,False,1.23,296.38,frozen-checkpoint inference evaluation
B2,Vietnamese_Context_Evicted_100,VN_FINAL_UNANS_021,unanswerable,44,None (frozen backbone + BM25 retriever),token_f1,0.0,True,False,True,False,False,1.07,296.38,frozen-checkpoint inference evaluation
B2,Vietnamese_Context_Evicted_100,VN_FINAL_UNANS_022,unanswerable,44,None (frozen backbone + BM25 retriever),token_f1,0.0,True,False,True,False,False,1.36,296.38,frozen-checkpoint inference evaluation
B2,Vietnamese_Context_Evicted_100,VN_FINAL_UNANS_023,unanswerable,44,None (frozen backbone + BM25 retriever),token_f1,0.0,True,False,True,False,False,0.87,296.38,frozen-checkpoint inference evaluation
B2,Vietnamese_Context_Evicted_100,VN_FINAL_UNANS_024,unanswerable,44,None (frozen backbone + BM25 retriever),token_f1,0.0,False,True,False,False,True,12466.59,296.38,frozen-checkpoint inference evaluation
B2,Vietnamese_Context_Evicted_100,VN_FINAL_UNANS_025,unanswerable,44,None (frozen backbone + BM25 retriever),token_f1,0.0,True,False,True,False,False,1.45,296.38,frozen-checkpoint inference evaluation
B2,Vietnamese_Context_Evicted_100,VN_FINAL_INSUFF_001,insufficient_evidence,44,None (frozen backbone + BM25 retriever),token_f1,0.0,True,False,True,False,False,1.42,296.38,frozen-checkpoint inference evaluation
B2,Vietnamese_Context_Evicted_100,VN_FINAL_INSUFF_002,insufficient_evidence,44,None (frozen backbone + BM25 retriever),token_f1,0.0,False,True,False,False,True,12471.12,296.38,frozen-checkpoint inference evaluation
B2,Vietnamese_Context_Evicted_100,VN_FINAL_INSUFF_003,insufficient_evidence,44,None (frozen backbone + BM25 retriever),token_f1,0.0,True,False,True,False,False,1.64,296.38,frozen-checkpoint inference evaluation
B2,Vietnamese_Context_Evicted_100,VN_FINAL_INSUFF_004,insufficient_evidence,44,None (frozen backbone + BM25 retriever),token_f1,0.0,True,False,True,False,False,1.27,296.38,frozen-checkpoint inference evaluation
B2,Vietnamese_Context_Evicted_100,VN_FINAL_INSUFF_005,insufficient_evidence,44,None (frozen backbone + BM25 retriever),token_f1,0.0,False,True,False,False,True,12465.32,296.38,frozen-checkpoint inference evaluation
B2,Vietnamese_Context_Evicted_100,VN_FINAL_INSUFF_006,insufficient_evidence,44,None (frozen backbone + BM25 retriever),token_f1,0.0,True,False,True,False,False,2.62,296.38,frozen-checkpoint inference evaluation
B2,Vietnamese_Context_Evicted_100,VN_FINAL_INSUFF_007,insufficient_evidence,44,None (frozen backbone + BM25 retriever),token_f1,0.0,True,False,True,False,False,2.28,296.38,frozen-checkpoint inference evaluation
B2,Vietnamese_Context_Evicted_100,VN_FINAL_INSUFF_008,insufficient_evidence,44,None (frozen backbone + BM25 retriever),token_f1,0.0,False,False,False,False,True,12468.64,296.38,frozen-checkpoint inference evaluation
B2,Vietnamese_Context_Evicted_100,VN_FINAL_INSUFF_009,insufficient_evidence,44,None (frozen backbone + BM25 retriever),token_f1,0.0,True,False,True,False,False,1.34,296.38,frozen-checkpoint inference evaluation
B2,Vietnamese_Context_Evicted_100,VN_FINAL_INSUFF_010,insufficient_evidence,44,None (frozen backbone + BM25 retriever),token_f1,0.0,False,True,False,False,True,12478.41,296.38,frozen-checkpoint inference evaluation
B2,Vietnamese_Context_Evicted_100,VN_FINAL_INSUFF_011,insufficient_evidence,44,None (frozen backbone + BM25 retriever),token_f1,0.0,True,False,True,False,False,1.25,296.38,frozen-checkpoint inference evaluation
B2,Vietnamese_Context_Evicted_100,VN_FINAL_INSUFF_012,insufficient_evidence,44,None (frozen backbone + BM25 retriever),token_f1,0.0,True,False,True,False,False,1.52,296.38,frozen-checkpoint inference evaluation
B2,Vietnamese_Context_Evicted_100,VN_FINAL_INSUFF_013,insufficient_evidence,44,None (frozen backbone + BM25 retriever),token_f1,0.0,True,False,True,False,False,1.08,296.38,frozen-checkpoint inference evaluation
B2,Vietnamese_Context_Evicted_100,VN_FINAL_INSUFF_014,insufficient_evidence,44,None (frozen backbone + BM25 retriever),token_f1,0.0,False,True,False,False,True,12458.05,296.38,frozen-checkpoint inference evaluation
B2,Vietnamese_Context_Evicted_100,VN_FINAL_INSUFF_015,insufficient_evidence,44,None (frozen backbone + BM25 retriever),token_f1,0.0,True,False,True,False,False,1.31,296.38,frozen-checkpoint inference evaluation
B2,Vietnamese_Context_Evicted_100,VN_FINAL_INSUFF_016,insufficient_evidence,44,None (frozen backbone + BM25 retriever),token_f1,0.0,True,False,True,False,False,1.12,296.38,frozen-checkpoint inference evaluation
B2,Vietnamese_Context_Evicted_100,VN_FINAL_INSUFF_017,insufficient_evidence,44,None (frozen backbone + BM25 retriever),token_f1,0.0,True,False,True,False,False,1.63,296.38,frozen-checkpoint inference evaluation
B2,Vietnamese_Context_Evicted_100,VN_FINAL_INSUFF_018,insufficient_evidence,44,None (frozen backbone + BM25 retriever),token_f1,0.0,False,True,False,False,True,12470.75,296.38,frozen-checkpoint inference evaluation
B2,Vietnamese_Context_Evicted_100,VN_FINAL_INSUFF_019,insufficient_evidence,44,None (frozen backbone + BM25 retriever),token_f1,0.0,True,False,True,False,False,1.32,296.38,frozen-checkpoint inference evaluation
B2,Vietnamese_Context_Evicted_100,VN_FINAL_INSUFF_020,insufficient_evidence,44,None (frozen backbone + BM25 retriever),token_f1,0.0,True,False,True,False,False,1.08,296.38,frozen-checkpoint inference evaluation
B2,Vietnamese_Context_Evicted_100,VN_FINAL_INSUFF_021,insufficient_evidence,44,None (frozen backbone + BM25 retriever),token_f1,0.0,True,False,True,False,False,1.28,296.38,frozen-checkpoint inference evaluation
B2,Vietnamese_Context_Evicted_100,VN_FINAL_INSUFF_022,insufficient_evidence,44,None (frozen backbone + BM25 retriever),token_f1,0.0,True,False,True,False,False,1.92,296.38,frozen-checkpoint inference evaluation
B2,Vietnamese_Context_Evicted_100,VN_FINAL_INSUFF_023,insufficient_evidence,44,None (frozen backbone + BM25 retriever),token_f1,0.0,True,False,True,False,False,1.39,296.38,frozen-checkpoint inference evaluation
B2,Vietnamese_Context_Evicted_100,VN_FINAL_INSUFF_024,insufficient_evidence,44,None (frozen backbone + BM25 retriever),token_f1,0.0,True,False,True,False,False,1.71,296.38,frozen-checkpoint inference evaluation
B2,Vietnamese_Context_Evicted_100,VN_FINAL_INSUFF_025,insufficient_evidence,44,None (frozen backbone + BM25 retriever),token_f1,0.0,True,False,True,False,False,1.11,296.38,frozen-checkpoint inference evaluation
B5,Vietnamese_Context_Evicted_100,VN_FINAL_ANS_001,answerable,44,checkpoints/phase4_1/cms_3lvl_seed_44.pt,token_f1,0.0,False,False,False,False,False,3927.84,361.22,frozen-checkpoint inference evaluation
B5,Vietnamese_Context_Evicted_100,VN_FINAL_ANS_002,answerable,44,checkpoints/phase4_1/cms_3lvl_seed_44.pt,token_f1,0.0,False,False,False,False,False,4786.83,361.22,frozen-checkpoint inference evaluation
B5,Vietnamese_Context_Evicted_100,VN_FINAL_ANS_003,answerable,44,checkpoints/phase4_1/cms_3lvl_seed_44.pt,token_f1,0.0,False,False,False,False,False,4745.65,361.22,frozen-checkpoint inference evaluation
B5,Vietnamese_Context_Evicted_100,VN_FINAL_ANS_004,answerable,44,checkpoints/phase4_1/cms_3lvl_seed_44.pt,token_f1,0.0,False,False,False,False,False,4712.18,361.22,frozen-checkpoint inference evaluation
B5,Vietnamese_Context_Evicted_100,VN_FINAL_ANS_005,answerable,44,checkpoints/phase4_1/cms_3lvl_seed_44.pt,token_f1,0.0,False,False,False,False,False,4679.53,361.22,frozen-checkpoint inference evaluation
B5,Vietnamese_Context_Evicted_100,VN_FINAL_ANS_006,answerable,44,checkpoints/phase4_1/cms_3lvl_seed_44.pt,token_f1,0.25,False,False,False,False,False,4114.61,361.22,frozen-checkpoint inference evaluation
B5,Vietnamese_Context_Evicted_100,VN_FINAL_ANS_007,answerable,44,checkpoints/phase4_1/cms_3lvl_seed_44.pt,token_f1,0.0,False,False,False,False,False,3943.02,361.22,frozen-checkpoint inference evaluation
B5,Vietnamese_Context_Evicted_100,VN_FINAL_ANS_008,answerable,44,checkpoints/phase4_1/cms_3lvl_seed_44.pt,token_f1,0.0,False,False,False,False,False,4679.53,361.22,frozen-checkpoint inference evaluation
B5,Vietnamese_Context_Evicted_100,VN_FINAL_ANS_009,answerable,44,checkpoints/phase4_1/cms_3lvl_seed_44.pt,token_f1,0.0,False,False,False,False,False,4787.52,361.22,frozen-checkpoint inference evaluation
B5,Vietnamese_Context_Evicted_100,VN_FINAL_ANS_010,answerable,44,checkpoints/phase4_1/cms_3lvl_seed_44.pt,token_f1,0.0,False,False,False,False,False,4731.6,361.22,frozen-checkpoint inference evaluation
B5,Vietnamese_Context_Evicted_100,VN_FINAL_ANS_011,answerable,44,checkpoints/phase4_1/cms_3lvl_seed_44.pt,token_f1,0.0,False,False,False,False,False,4832.03,361.22,frozen-checkpoint inference evaluation
B5,Vietnamese_Context_Evicted_100,VN_FINAL_ANS_012,answerable,44,checkpoints/phase4_1/cms_3lvl_seed_44.pt,token_f1,0.0,False,False,False,False,False,4666.79,361.22,frozen-checkpoint inference evaluation
B5,Vietnamese_Context_Evicted_100,VN_FINAL_ANS_013,answerable,44,checkpoints/phase4_1/cms_3lvl_seed_44.pt,token_f1,0.0,False,False,False,False,False,4736.29,361.22,frozen-checkpoint inference evaluation
B5,Vietnamese_Context_Evicted_100,VN_FINAL_ANS_014,answerable,44,checkpoints/phase4_1/cms_3lvl_seed_44.pt,token_f1,0.125,False,False,False,False,False,4777.23,361.22,frozen-checkpoint inference evaluation
B5,Vietnamese_Context_Evicted_100,VN_FINAL_ANS_015,answerable,44,checkpoints/phase4_1/cms_3lvl_seed_44.pt,token_f1,0.1053,False,False,False,False,False,4705.73,361.22,frozen-checkpoint inference evaluation
B5,Vietnamese_Context_Evicted_100,VN_FINAL_ANS_016,answerable,44,checkpoints/phase4_1/cms_3lvl_seed_44.pt,token_f1,0.0,False,False,False,False,False,4031.7,361.22,frozen-checkpoint inference evaluation
B5,Vietnamese_Context_Evicted_100,VN_FINAL_ANS_017,answerable,44,checkpoints/phase4_1/cms_3lvl_seed_44.pt,token_f1,0.0,False,False,False,False,False,4783.36,361.22,frozen-checkpoint inference evaluation
B5,Vietnamese_Context_Evicted_100,VN_FINAL_ANS_018,answerable,44,checkpoints/phase4_1/cms_3lvl_seed_44.pt,token_f1,0.0,False,False,False,False,False,4746.9,361.22,frozen-checkpoint inference evaluation
B5,Vietnamese_Context_Evicted_100,VN_FINAL_ANS_019,answerable,44,checkpoints/phase4_1/cms_3lvl_seed_44.pt,token_f1,0.0,False,False,False,False,False,4714.55,361.22,frozen-checkpoint inference evaluation
B5,Vietnamese_Context_Evicted_100,VN_FINAL_ANS_020,answerable,44,checkpoints/phase4_1/cms_3lvl_seed_44.pt,token_f1,0.0,False,False,False,False,False,4687.82,361.22,frozen-checkpoint inference evaluation
B5,Vietnamese_Context_Evicted_100,VN_FINAL_ANS_021,answerable,44,checkpoints/phase4_1/cms_3lvl_seed_44.pt,token_f1,0.25,False,False,False,False,False,4106.76,361.22,frozen-checkpoint inference evaluation
B5,Vietnamese_Context_Evicted_100,VN_FINAL_ANS_022,answerable,44,checkpoints/phase4_1/cms_3lvl_seed_44.pt,token_f1,0.0,False,False,False,False,False,3949.42,361.22,frozen-checkpoint inference evaluation
B5,Vietnamese_Context_Evicted_100,VN_FINAL_ANS_023,answerable,44,checkpoints/phase4_1/cms_3lvl_seed_44.pt,token_f1,0.0,False,False,False,False,False,4678.15,361.22,frozen-checkpoint inference evaluation
B5,Vietnamese_Context_Evicted_100,VN_FINAL_ANS_024,answerable,44,checkpoints/phase4_1/cms_3lvl_seed_44.pt,token_f1,0.0,False,False,False,False,False,4785.64,361.22,frozen-checkpoint inference evaluation
B5,Vietnamese_Context_Evicted_100,VN_FINAL_ANS_025,answerable,44,checkpoints/phase4_1/cms_3lvl_seed_44.pt,token_f1,0.0,False,False,False,False,False,4730.7,361.22,frozen-checkpoint inference evaluation
B5,Vietnamese_Context_Evicted_100,VN_FINAL_ANS_026,answerable,44,checkpoints/phase4_1/cms_3lvl_seed_44.pt,token_f1,0.0,False,False,False,False,False,4833.81,361.22,frozen-checkpoint inference evaluation
B5,Vietnamese_Context_Evicted_100,VN_FINAL_ANS_027,answerable,44,checkpoints/phase4_1/cms_3lvl_seed_44.pt,token_f1,0.0,False,False,False,False,False,4665.71,361.22,frozen-checkpoint inference evaluation
B5,Vietnamese_Context_Evicted_100,VN_FINAL_ANS_028,answerable,44,checkpoints/phase4_1/cms_3lvl_seed_44.pt,token_f1,0.0,False,False,False,False,False,4735.03,361.22,frozen-checkpoint inference evaluation
B5,Vietnamese_Context_Evicted_100,VN_FINAL_ANS_029,answerable,44,checkpoints/phase4_1/cms_3lvl_seed_44.pt,token_f1,0.125,False,False,False,False,False,4777.91,361.22,frozen-checkpoint inference evaluation
B5,Vietnamese_Context_Evicted_100,VN_FINAL_ANS_030,answerable,44,checkpoints/phase4_1/cms_3lvl_seed_44.pt,token_f1,0.1053,False,False,False,False,False,4702.09,361.22,frozen-checkpoint inference evaluation
B5,Vietnamese_Context_Evicted_100,VN_FINAL_ANS_031,answerable,44,checkpoints/phase4_1/cms_3lvl_seed_44.pt,token_f1,0.0,False,False,False,False,False,4032.96,361.22,frozen-checkpoint inference evaluation
B5,Vietnamese_Context_Evicted_100,VN_FINAL_ANS_032,answerable,44,checkpoints/phase4_1/cms_3lvl_seed_44.pt,token_f1,0.0,False,False,False,False,False,4787.62,361.22,frozen-checkpoint inference evaluation
B5,Vietnamese_Context_Evicted_100,VN_FINAL_ANS_033,answerable,44,checkpoints/phase4_1/cms_3lvl_seed_44.pt,token_f1,0.0,False,False,False,False,False,4755.14,361.22,frozen-checkpoint inference evaluation
B5,Vietnamese_Context_Evicted_100,VN_FINAL_ANS_034,answerable,44,checkpoints/phase4_1/cms_3lvl_seed_44.pt,token_f1,0.0,False,False,False,False,False,4728.45,361.22,frozen-checkpoint inference evaluation
B5,Vietnamese_Context_Evicted_100,VN_FINAL_ANS_035,answerable,44,checkpoints/phase4_1/cms_3lvl_seed_44.pt,token_f1,0.0,False,False,False,False,False,4695.83,361.22,frozen-checkpoint inference evaluation
B5,Vietnamese_Context_Evicted_100,VN_FINAL_ANS_036,answerable,44,checkpoints/phase4_1/cms_3lvl_seed_44.pt,token_f1,0.25,False,False,False,False,False,4118.26,361.22,frozen-checkpoint inference evaluation
B5,Vietnamese_Context_Evicted_100,VN_FINAL_ANS_037,answerable,44,checkpoints/phase4_1/cms_3lvl_seed_44.pt,token_f1,0.0,False,False,False,False,False,3950.18,361.22,frozen-checkpoint inference evaluation
B5,Vietnamese_Context_Evicted_100,VN_FINAL_ANS_038,answerable,44,checkpoints/phase4_1/cms_3lvl_seed_44.pt,token_f1,0.0,False,False,False,False,False,4680.51,361.22,frozen-checkpoint inference evaluation
B5,Vietnamese_Context_Evicted_100,VN_FINAL_ANS_039,answerable,44,checkpoints/phase4_1/cms_3lvl_seed_44.pt,token_f1,0.0,False,False,False,False,False,4788.24,361.22,frozen-checkpoint inference evaluation
B5,Vietnamese_Context_Evicted_100,VN_FINAL_ANS_040,answerable,44,checkpoints/phase4_1/cms_3lvl_seed_44.pt,token_f1,0.0,False,False,False,False,False,4730.61,361.22,frozen-checkpoint inference evaluation
B5,Vietnamese_Context_Evicted_100,VN_FINAL_ANS_041,answerable,44,checkpoints/phase4_1/cms_3lvl_seed_44.pt,token_f1,0.0,False,False,False,False,False,4831.22,361.22,frozen-checkpoint inference evaluation
B5,Vietnamese_Context_Evicted_100,VN_FINAL_ANS_042,answerable,44,checkpoints/phase4_1/cms_3lvl_seed_44.pt,token_f1,0.0,False,False,False,False,False,4668.02,361.22,frozen-checkpoint inference evaluation
B5,Vietnamese_Context_Evicted_100,VN_FINAL_ANS_043,answerable,44,checkpoints/phase4_1/cms_3lvl_seed_44.pt,token_f1,0.0,False,False,False,False,False,4740.3,361.22,frozen-checkpoint inference evaluation
B5,Vietnamese_Context_Evicted_100,VN_FINAL_ANS_044,answerable,44,checkpoints/phase4_1/cms_3lvl_seed_44.pt,token_f1,0.125,False,False,False,False,False,4778.43,361.22,frozen-checkpoint inference evaluation
B5,Vietnamese_Context_Evicted_100,VN_FINAL_ANS_045,answerable,44,checkpoints/phase4_1/cms_3lvl_seed_44.pt,token_f1,0.1053,False,False,False,False,False,4705.81,361.22,frozen-checkpoint inference evaluation
B5,Vietnamese_Context_Evicted_100,VN_FINAL_ANS_046,answerable,44,checkpoints/phase4_1/cms_3lvl_seed_44.pt,token_f1,0.0,False,False,False,False,False,4029.71,361.22,frozen-checkpoint inference evaluation
B5,Vietnamese_Context_Evicted_100,VN_FINAL_ANS_047,answerable,44,checkpoints/phase4_1/cms_3lvl_seed_44.pt,token_f1,0.0,False,False,False,False,False,4784.55,361.22,frozen-checkpoint inference evaluation
B5,Vietnamese_Context_Evicted_100,VN_FINAL_ANS_048,answerable,44,checkpoints/phase4_1/cms_3lvl_seed_44.pt,token_f1,0.0,False,False,False,False,False,4744.36,361.22,frozen-checkpoint inference evaluation
B5,Vietnamese_Context_Evicted_100,VN_FINAL_ANS_049,answerable,44,checkpoints/phase4_1/cms_3lvl_seed_44.pt,token_f1,0.0,False,False,False,False,False,4713.32,361.22,frozen-checkpoint inference evaluation
B5,Vietnamese_Context_Evicted_100,VN_FINAL_ANS_050,answerable,44,checkpoints/phase4_1/cms_3lvl_seed_44.pt,token_f1,0.0,False,False,False,False,False,4685.7,361.22,frozen-checkpoint inference evaluation
B5,Vietnamese_Context_Evicted_100,VN_FINAL_UNANS_001,unanswerable,44,checkpoints/phase4_1/cms_3lvl_seed_44.pt,token_f1,0.0,False,False,False,False,True,4327.62,361.22,frozen-checkpoint inference evaluation
B5,Vietnamese_Context_Evicted_100,VN_FINAL_UNANS_002,unanswerable,44,checkpoints/phase4_1/cms_3lvl_seed_44.pt,token_f1,0.0,False,False,False,False,True,4794.88,361.22,frozen-checkpoint inference evaluation
B5,Vietnamese_Context_Evicted_100,VN_FINAL_UNANS_003,unanswerable,44,checkpoints/phase4_1/cms_3lvl_seed_44.pt,token_f1,0.0,False,False,False,False,True,4751.23,361.22,frozen-checkpoint inference evaluation
B5,Vietnamese_Context_Evicted_100,VN_FINAL_UNANS_004,unanswerable,44,checkpoints/phase4_1/cms_3lvl_seed_44.pt,token_f1,0.0,False,False,False,False,True,4591.85,361.22,frozen-checkpoint inference evaluation
B5,Vietnamese_Context_Evicted_100,VN_FINAL_UNANS_005,unanswerable,44,checkpoints/phase4_1/cms_3lvl_seed_44.pt,token_f1,0.0,False,False,False,False,True,4509.55,361.22,frozen-checkpoint inference evaluation
B5,Vietnamese_Context_Evicted_100,VN_FINAL_UNANS_006,unanswerable,44,checkpoints/phase4_1/cms_3lvl_seed_44.pt,token_f1,0.0,False,False,False,False,True,3948.21,361.22,frozen-checkpoint inference evaluation
B5,Vietnamese_Context_Evicted_100,VN_FINAL_UNANS_007,unanswerable,44,checkpoints/phase4_1/cms_3lvl_seed_44.pt,token_f1,0.0,False,False,False,False,True,3984.72,361.22,frozen-checkpoint inference evaluation
B5,Vietnamese_Context_Evicted_100,VN_FINAL_UNANS_008,unanswerable,44,checkpoints/phase4_1/cms_3lvl_seed_44.pt,token_f1,0.0,False,False,False,False,True,4432.64,361.22,frozen-checkpoint inference evaluation
B5,Vietnamese_Context_Evicted_100,VN_FINAL_UNANS_009,unanswerable,44,checkpoints/phase4_1/cms_3lvl_seed_44.pt,token_f1,0.0,False,False,False,False,True,4360.6,361.22,frozen-checkpoint inference evaluation
B5,Vietnamese_Context_Evicted_100,VN_FINAL_UNANS_010,unanswerable,44,checkpoints/phase4_1/cms_3lvl_seed_44.pt,token_f1,0.0,False,False,False,False,True,4706.96,361.22,frozen-checkpoint inference evaluation
B5,Vietnamese_Context_Evicted_100,VN_FINAL_UNANS_011,unanswerable,44,checkpoints/phase4_1/cms_3lvl_seed_44.pt,token_f1,0.0,False,False,False,False,True,4663.81,361.22,frozen-checkpoint inference evaluation
B5,Vietnamese_Context_Evicted_100,VN_FINAL_UNANS_012,unanswerable,44,checkpoints/phase4_1/cms_3lvl_seed_44.pt,token_f1,0.0,False,False,False,False,True,4404.69,361.22,frozen-checkpoint inference evaluation
B5,Vietnamese_Context_Evicted_100,VN_FINAL_UNANS_013,unanswerable,44,checkpoints/phase4_1/cms_3lvl_seed_44.pt,token_f1,0.0,False,False,False,False,True,4674.11,361.22,frozen-checkpoint inference evaluation
B5,Vietnamese_Context_Evicted_100,VN_FINAL_UNANS_014,unanswerable,44,checkpoints/phase4_1/cms_3lvl_seed_44.pt,token_f1,0.0,False,False,False,False,True,4701.17,361.22,frozen-checkpoint inference evaluation
B5,Vietnamese_Context_Evicted_100,VN_FINAL_UNANS_015,unanswerable,44,checkpoints/phase4_1/cms_3lvl_seed_44.pt,token_f1,0.0,False,False,False,False,True,4765.98,361.22,frozen-checkpoint inference evaluation
B5,Vietnamese_Context_Evicted_100,VN_FINAL_UNANS_016,unanswerable,44,checkpoints/phase4_1/cms_3lvl_seed_44.pt,token_f1,0.0,False,False,False,False,True,4778.03,361.22,frozen-checkpoint inference evaluation
B5,Vietnamese_Context_Evicted_100,VN_FINAL_UNANS_017,unanswerable,44,checkpoints/phase4_1/cms_3lvl_seed_44.pt,token_f1,0.0,False,False,False,False,True,4333.26,361.22,frozen-checkpoint inference evaluation
B5,Vietnamese_Context_Evicted_100,VN_FINAL_UNANS_018,unanswerable,44,checkpoints/phase4_1/cms_3lvl_seed_44.pt,token_f1,0.0,False,False,False,False,True,4684.13,361.22,frozen-checkpoint inference evaluation
B5,Vietnamese_Context_Evicted_100,VN_FINAL_UNANS_019,unanswerable,44,checkpoints/phase4_1/cms_3lvl_seed_44.pt,token_f1,0.0,False,False,False,False,True,4825.04,361.22,frozen-checkpoint inference evaluation
B5,Vietnamese_Context_Evicted_100,VN_FINAL_UNANS_020,unanswerable,44,checkpoints/phase4_1/cms_3lvl_seed_44.pt,token_f1,0.0,False,False,False,False,True,4593.45,361.22,frozen-checkpoint inference evaluation
B5,Vietnamese_Context_Evicted_100,VN_FINAL_UNANS_021,unanswerable,44,checkpoints/phase4_1/cms_3lvl_seed_44.pt,token_f1,0.0,False,False,False,False,True,4666.33,361.22,frozen-checkpoint inference evaluation
B5,Vietnamese_Context_Evicted_100,VN_FINAL_UNANS_022,unanswerable,44,checkpoints/phase4_1/cms_3lvl_seed_44.pt,token_f1,0.0,False,False,False,False,True,4627.59,361.22,frozen-checkpoint inference evaluation
B5,Vietnamese_Context_Evicted_100,VN_FINAL_UNANS_023,unanswerable,44,checkpoints/phase4_1/cms_3lvl_seed_44.pt,token_f1,0.0,False,False,False,False,True,4209.97,361.22,frozen-checkpoint inference evaluation
B5,Vietnamese_Context_Evicted_100,VN_FINAL_UNANS_024,unanswerable,44,checkpoints/phase4_1/cms_3lvl_seed_44.pt,token_f1,0.0,False,False,False,False,True,4618.14,361.22,frozen-checkpoint inference evaluation
B5,Vietnamese_Context_Evicted_100,VN_FINAL_UNANS_025,unanswerable,44,checkpoints/phase4_1/cms_3lvl_seed_44.pt,token_f1,0.0,False,False,False,False,True,4739.51,361.22,frozen-checkpoint inference evaluation
B5,Vietnamese_Context_Evicted_100,VN_FINAL_INSUFF_001,insufficient_evidence,44,checkpoints/phase4_1/cms_3lvl_seed_44.pt,token_f1,0.0,False,False,False,False,True,4666.05,361.22,frozen-checkpoint inference evaluation
B5,Vietnamese_Context_Evicted_100,VN_FINAL_INSUFF_002,insufficient_evidence,44,checkpoints/phase4_1/cms_3lvl_seed_44.pt,token_f1,0.0,False,False,False,False,True,4733.49,361.22,frozen-checkpoint inference evaluation
B5,Vietnamese_Context_Evicted_100,VN_FINAL_INSUFF_003,insufficient_evidence,44,checkpoints/phase4_1/cms_3lvl_seed_44.pt,token_f1,0.0,False,False,False,False,True,4737.04,361.22,frozen-checkpoint inference evaluation
B5,Vietnamese_Context_Evicted_100,VN_FINAL_INSUFF_004,insufficient_evidence,44,checkpoints/phase4_1/cms_3lvl_seed_44.pt,token_f1,0.0,False,False,False,False,True,4814.29,361.22,frozen-checkpoint inference evaluation
B5,Vietnamese_Context_Evicted_100,VN_FINAL_INSUFF_005,insufficient_evidence,44,checkpoints/phase4_1/cms_3lvl_seed_44.pt,token_f1,0.0,False,False,False,False,True,4743.15,361.22,frozen-checkpoint inference evaluation
B5,Vietnamese_Context_Evicted_100,VN_FINAL_INSUFF_006,insufficient_evidence,44,checkpoints/phase4_1/cms_3lvl_seed_44.pt,token_f1,0.0,False,False,False,False,True,4802.7,361.22,frozen-checkpoint inference evaluation
B5,Vietnamese_Context_Evicted_100,VN_FINAL_INSUFF_007,insufficient_evidence,44,checkpoints/phase4_1/cms_3lvl_seed_44.pt,token_f1,0.0,False,False,False,False,True,4771.67,361.22,frozen-checkpoint inference evaluation
B5,Vietnamese_Context_Evicted_100,VN_FINAL_INSUFF_008,insufficient_evidence,44,checkpoints/phase4_1/cms_3lvl_seed_44.pt,token_f1,0.0,False,False,False,False,True,4807.17,361.22,frozen-checkpoint inference evaluation
B5,Vietnamese_Context_Evicted_100,VN_FINAL_INSUFF_009,insufficient_evidence,44,checkpoints/phase4_1/cms_3lvl_seed_44.pt,token_f1,0.0,False,False,False,False,True,4770.69,361.22,frozen-checkpoint inference evaluation
B5,Vietnamese_Context_Evicted_100,VN_FINAL_INSUFF_010,insufficient_evidence,44,checkpoints/phase4_1/cms_3lvl_seed_44.pt,token_f1,0.0,False,False,False,False,True,4800.32,361.22,frozen-checkpoint inference evaluation
B5,Vietnamese_Context_Evicted_100,VN_FINAL_INSUFF_011,insufficient_evidence,44,checkpoints/phase4_1/cms_3lvl_seed_44.pt,token_f1,0.0,False,False,False,False,True,4762.86,361.22,frozen-checkpoint inference evaluation
B5,Vietnamese_Context_Evicted_100,VN_FINAL_INSUFF_012,insufficient_evidence,44,checkpoints/phase4_1/cms_3lvl_seed_44.pt,token_f1,0.0,False,False,False,False,True,4857.54,361.22,frozen-checkpoint inference evaluation
B5,Vietnamese_Context_Evicted_100,VN_FINAL_INSUFF_013,insufficient_evidence,44,checkpoints/phase4_1/cms_3lvl_seed_44.pt,token_f1,0.0,False,False,False,False,True,4669.97,361.22,frozen-checkpoint inference evaluation
B5,Vietnamese_Context_Evicted_100,VN_FINAL_INSUFF_014,insufficient_evidence,44,checkpoints/phase4_1/cms_3lvl_seed_44.pt,token_f1,0.0,False,False,False,False,True,4728.18,361.22,frozen-checkpoint inference evaluation
B5,Vietnamese_Context_Evicted_100,VN_FINAL_INSUFF_015,insufficient_evidence,44,checkpoints/phase4_1/cms_3lvl_seed_44.pt,token_f1,0.0,False,False,False,False,True,4730.22,361.22,frozen-checkpoint inference evaluation
B5,Vietnamese_Context_Evicted_100,VN_FINAL_INSUFF_016,insufficient_evidence,44,checkpoints/phase4_1/cms_3lvl_seed_44.pt,token_f1,0.0,False,False,False,False,True,4731.04,361.22,frozen-checkpoint inference evaluation
B5,Vietnamese_Context_Evicted_100,VN_FINAL_INSUFF_017,insufficient_evidence,44,checkpoints/phase4_1/cms_3lvl_seed_44.pt,token_f1,0.0,False,False,False,False,True,4746.67,361.22,frozen-checkpoint inference evaluation
B5,Vietnamese_Context_Evicted_100,VN_FINAL_INSUFF_018,insufficient_evidence,44,checkpoints/phase4_1/cms_3lvl_seed_44.pt,token_f1,0.0,False,False,False,False,True,4788.4,361.22,frozen-checkpoint inference evaluation
B5,Vietnamese_Context_Evicted_100,VN_FINAL_INSUFF_019,insufficient_evidence,44,checkpoints/phase4_1/cms_3lvl_seed_44.pt,token_f1,0.0,False,False,False,False,True,4748.34,361.22,frozen-checkpoint inference evaluation
B5,Vietnamese_Context_Evicted_100,VN_FINAL_INSUFF_020,insufficient_evidence,44,checkpoints/phase4_1/cms_3lvl_seed_44.pt,token_f1,0.0,False,False,False,False,True,4625.64,361.22,frozen-checkpoint inference evaluation
B5,Vietnamese_Context_Evicted_100,VN_FINAL_INSUFF_021,insufficient_evidence,44,checkpoints/phase4_1/cms_3lvl_seed_44.pt,token_f1,0.0,False,False,False,False,True,4746.1,361.22,frozen-checkpoint inference evaluation
B5,Vietnamese_Context_Evicted_100,VN_FINAL_INSUFF_022,insufficient_evidence,44,checkpoints/phase4_1/cms_3lvl_seed_44.pt,token_f1,0.0,False,False,False,False,True,4784.15,361.22,frozen-checkpoint inference evaluation
B5,Vietnamese_Context_Evicted_100,VN_FINAL_INSUFF_023,insufficient_evidence,44,checkpoints/phase4_1/cms_3lvl_seed_44.pt,token_f1,0.0,False,False,False,False,True,4743.45,361.22,frozen-checkpoint inference evaluation
B5,Vietnamese_Context_Evicted_100,VN_FINAL_INSUFF_024,insufficient_evidence,44,checkpoints/phase4_1/cms_3lvl_seed_44.pt,token_f1,0.0,False,False,False,False,True,4761.25,361.22,frozen-checkpoint inference evaluation
B5,Vietnamese_Context_Evicted_100,VN_FINAL_INSUFF_025,insufficient_evidence,44,checkpoints/phase4_1/cms_3lvl_seed_44.pt,token_f1,0.0,False,False,False,False,True,4744.87,361.22,frozen-checkpoint inference evaluation
P1,Vietnamese_Context_Evicted_100,VN_FINAL_ANS_001,answerable,44,checkpoints/phase4_1/cms_3lvl_seed_44.pt,token_f1,0.1538,False,False,False,False,False,3928.65,361.22,frozen-checkpoint inference evaluation
P1,Vietnamese_Context_Evicted_100,VN_FINAL_ANS_002,answerable,44,checkpoints/phase4_1/cms_3lvl_seed_44.pt,token_f1,0.3333,False,False,False,False,False,4790.72,361.22,frozen-checkpoint inference evaluation
P1,Vietnamese_Context_Evicted_100,VN_FINAL_ANS_003,answerable,44,checkpoints/phase4_1/cms_3lvl_seed_44.pt,token_f1,0.0,False,False,False,False,False,4743.64,361.22,frozen-checkpoint inference evaluation
P1,Vietnamese_Context_Evicted_100,VN_FINAL_ANS_004,answerable,44,checkpoints/phase4_1/cms_3lvl_seed_44.pt,token_f1,0.0,False,False,False,False,False,4715.53,361.22,frozen-checkpoint inference evaluation
P1,Vietnamese_Context_Evicted_100,VN_FINAL_ANS_005,answerable,44,checkpoints/phase4_1/cms_3lvl_seed_44.pt,token_f1,0.0,False,False,False,False,False,4683.81,361.22,frozen-checkpoint inference evaluation
P1,Vietnamese_Context_Evicted_100,VN_FINAL_ANS_006,answerable,44,checkpoints/phase4_1/cms_3lvl_seed_44.pt,token_f1,0.25,False,False,False,False,False,4107.29,361.22,frozen-checkpoint inference evaluation
P1,Vietnamese_Context_Evicted_100,VN_FINAL_ANS_007,answerable,44,checkpoints/phase4_1/cms_3lvl_seed_44.pt,token_f1,0.0,False,False,False,False,False,3948.84,361.22,frozen-checkpoint inference evaluation
P1,Vietnamese_Context_Evicted_100,VN_FINAL_ANS_008,answerable,44,checkpoints/phase4_1/cms_3lvl_seed_44.pt,token_f1,0.0,False,False,False,False,False,4694.94,361.22,frozen-checkpoint inference evaluation
P1,Vietnamese_Context_Evicted_100,VN_FINAL_ANS_009,answerable,44,checkpoints/phase4_1/cms_3lvl_seed_44.pt,token_f1,0.0,False,False,False,False,False,4790.96,361.22,frozen-checkpoint inference evaluation
P1,Vietnamese_Context_Evicted_100,VN_FINAL_ANS_010,answerable,44,checkpoints/phase4_1/cms_3lvl_seed_44.pt,token_f1,0.0,False,False,False,False,False,4729.29,361.22,frozen-checkpoint inference evaluation
P1,Vietnamese_Context_Evicted_100,VN_FINAL_ANS_011,answerable,44,checkpoints/phase4_1/cms_3lvl_seed_44.pt,token_f1,0.0,False,False,False,False,False,4835.61,361.22,frozen-checkpoint inference evaluation
P1,Vietnamese_Context_Evicted_100,VN_FINAL_ANS_012,answerable,44,checkpoints/phase4_1/cms_3lvl_seed_44.pt,token_f1,0.0,False,False,False,False,False,4667.11,361.22,frozen-checkpoint inference evaluation
P1,Vietnamese_Context_Evicted_100,VN_FINAL_ANS_013,answerable,44,checkpoints/phase4_1/cms_3lvl_seed_44.pt,token_f1,0.3077,False,False,False,False,False,4737.29,361.22,frozen-checkpoint inference evaluation
P1,Vietnamese_Context_Evicted_100,VN_FINAL_ANS_014,answerable,44,checkpoints/phase4_1/cms_3lvl_seed_44.pt,token_f1,0.125,False,False,False,False,False,4780.8,361.22,frozen-checkpoint inference evaluation
P1,Vietnamese_Context_Evicted_100,VN_FINAL_ANS_015,answerable,44,checkpoints/phase4_1/cms_3lvl_seed_44.pt,token_f1,0.2105,False,False,False,False,False,4709.2,361.22,frozen-checkpoint inference evaluation
P1,Vietnamese_Context_Evicted_100,VN_FINAL_ANS_016,answerable,44,checkpoints/phase4_1/cms_3lvl_seed_44.pt,token_f1,0.0,False,False,False,False,False,4030.38,361.22,frozen-checkpoint inference evaluation
P1,Vietnamese_Context_Evicted_100,VN_FINAL_ANS_017,answerable,44,checkpoints/phase4_1/cms_3lvl_seed_44.pt,token_f1,0.3333,False,False,False,False,False,4790.94,361.22,frozen-checkpoint inference evaluation
P1,Vietnamese_Context_Evicted_100,VN_FINAL_ANS_018,answerable,44,checkpoints/phase4_1/cms_3lvl_seed_44.pt,token_f1,0.0,False,False,False,False,False,4745.71,361.22,frozen-checkpoint inference evaluation
P1,Vietnamese_Context_Evicted_100,VN_FINAL_ANS_019,answerable,44,checkpoints/phase4_1/cms_3lvl_seed_44.pt,token_f1,0.0,False,False,False,False,False,4713.76,361.22,frozen-checkpoint inference evaluation
P1,Vietnamese_Context_Evicted_100,VN_FINAL_ANS_020,answerable,44,checkpoints/phase4_1/cms_3lvl_seed_44.pt,token_f1,0.0,False,False,False,False,False,4678.47,361.22,frozen-checkpoint inference evaluation
P1,Vietnamese_Context_Evicted_100,VN_FINAL_ANS_021,answerable,44,checkpoints/phase4_1/cms_3lvl_seed_44.pt,token_f1,0.25,False,False,False,False,False,4104.08,361.22,frozen-checkpoint inference evaluation
P1,Vietnamese_Context_Evicted_100,VN_FINAL_ANS_022,answerable,44,checkpoints/phase4_1/cms_3lvl_seed_44.pt,token_f1,0.0,False,False,False,False,False,3952.1,361.22,frozen-checkpoint inference evaluation
P1,Vietnamese_Context_Evicted_100,VN_FINAL_ANS_023,answerable,44,checkpoints/phase4_1/cms_3lvl_seed_44.pt,token_f1,0.0,False,False,False,False,False,4682.84,361.22,frozen-checkpoint inference evaluation
P1,Vietnamese_Context_Evicted_100,VN_FINAL_ANS_024,answerable,44,checkpoints/phase4_1/cms_3lvl_seed_44.pt,token_f1,0.0,False,False,False,False,False,4787.83,361.22,frozen-checkpoint inference evaluation
P1,Vietnamese_Context_Evicted_100,VN_FINAL_ANS_025,answerable,44,checkpoints/phase4_1/cms_3lvl_seed_44.pt,token_f1,0.0,False,False,False,False,False,4730.36,361.22,frozen-checkpoint inference evaluation
P1,Vietnamese_Context_Evicted_100,VN_FINAL_ANS_026,answerable,44,checkpoints/phase4_1/cms_3lvl_seed_44.pt,token_f1,0.0,False,False,False,False,False,4835.51,361.22,frozen-checkpoint inference evaluation
P1,Vietnamese_Context_Evicted_100,VN_FINAL_ANS_027,answerable,44,checkpoints/phase4_1/cms_3lvl_seed_44.pt,token_f1,0.0,False,False,False,False,False,4667.2,361.22,frozen-checkpoint inference evaluation
P1,Vietnamese_Context_Evicted_100,VN_FINAL_ANS_028,answerable,44,checkpoints/phase4_1/cms_3lvl_seed_44.pt,token_f1,0.3077,False,False,False,False,False,4739.28,361.22,frozen-checkpoint inference evaluation
P1,Vietnamese_Context_Evicted_100,VN_FINAL_ANS_029,answerable,44,checkpoints/phase4_1/cms_3lvl_seed_44.pt,token_f1,0.125,False,False,False,False,False,4784.21,361.22,frozen-checkpoint inference evaluation
P1,Vietnamese_Context_Evicted_100,VN_FINAL_ANS_030,answerable,44,checkpoints/phase4_1/cms_3lvl_seed_44.pt,token_f1,0.2105,False,False,False,False,False,4704.35,361.22,frozen-checkpoint inference evaluation
P1,Vietnamese_Context_Evicted_100,VN_FINAL_ANS_031,answerable,44,checkpoints/phase4_1/cms_3lvl_seed_44.pt,token_f1,0.0,False,False,False,False,False,4034.48,361.22,frozen-checkpoint inference evaluation
P1,Vietnamese_Context_Evicted_100,VN_FINAL_ANS_032,answerable,44,checkpoints/phase4_1/cms_3lvl_seed_44.pt,token_f1,0.3333,False,False,False,False,False,4786.56,361.22,frozen-checkpoint inference evaluation
P1,Vietnamese_Context_Evicted_100,VN_FINAL_ANS_033,answerable,44,checkpoints/phase4_1/cms_3lvl_seed_44.pt,token_f1,0.0,False,False,False,False,False,4746.11,361.22,frozen-checkpoint inference evaluation
P1,Vietnamese_Context_Evicted_100,VN_FINAL_ANS_034,answerable,44,checkpoints/phase4_1/cms_3lvl_seed_44.pt,token_f1,0.0,False,False,False,False,False,4717.99,361.22,frozen-checkpoint inference evaluation
P1,Vietnamese_Context_Evicted_100,VN_FINAL_ANS_035,answerable,44,checkpoints/phase4_1/cms_3lvl_seed_44.pt,token_f1,0.0,False,False,False,False,False,4686.78,361.22,frozen-checkpoint inference evaluation
P1,Vietnamese_Context_Evicted_100,VN_FINAL_ANS_036,answerable,44,checkpoints/phase4_1/cms_3lvl_seed_44.pt,token_f1,0.25,False,False,False,False,False,4109.02,361.22,frozen-checkpoint inference evaluation
P1,Vietnamese_Context_Evicted_100,VN_FINAL_ANS_037,answerable,44,checkpoints/phase4_1/cms_3lvl_seed_44.pt,token_f1,0.0,False,False,False,False,False,3948.88,361.22,frozen-checkpoint inference evaluation
P1,Vietnamese_Context_Evicted_100,VN_FINAL_ANS_038,answerable,44,checkpoints/phase4_1/cms_3lvl_seed_44.pt,token_f1,0.0,False,False,False,False,False,4684.47,361.22,frozen-checkpoint inference evaluation
P1,Vietnamese_Context_Evicted_100,VN_FINAL_ANS_039,answerable,44,checkpoints/phase4_1/cms_3lvl_seed_44.pt,token_f1,0.0,False,False,False,False,False,4787.94,361.22,frozen-checkpoint inference evaluation
P1,Vietnamese_Context_Evicted_100,VN_FINAL_ANS_040,answerable,44,checkpoints/phase4_1/cms_3lvl_seed_44.pt,token_f1,0.0,False,False,False,False,False,4732.43,361.22,frozen-checkpoint inference evaluation
P1,Vietnamese_Context_Evicted_100,VN_FINAL_ANS_041,answerable,44,checkpoints/phase4_1/cms_3lvl_seed_44.pt,token_f1,0.0,False,False,False,False,False,4829.02,361.22,frozen-checkpoint inference evaluation
P1,Vietnamese_Context_Evicted_100,VN_FINAL_ANS_042,answerable,44,checkpoints/phase4_1/cms_3lvl_seed_44.pt,token_f1,0.0,False,False,False,False,False,4668.93,361.22,frozen-checkpoint inference evaluation
P1,Vietnamese_Context_Evicted_100,VN_FINAL_ANS_043,answerable,44,checkpoints/phase4_1/cms_3lvl_seed_44.pt,token_f1,0.3077,False,False,False,False,False,4734.69,361.22,frozen-checkpoint inference evaluation
P1,Vietnamese_Context_Evicted_100,VN_FINAL_ANS_044,answerable,44,checkpoints/phase4_1/cms_3lvl_seed_44.pt,token_f1,0.125,False,False,False,False,False,4776.57,361.22,frozen-checkpoint inference evaluation
P1,Vietnamese_Context_Evicted_100,VN_FINAL_ANS_045,answerable,44,checkpoints/phase4_1/cms_3lvl_seed_44.pt,token_f1,0.2105,False,False,False,False,False,4704.43,361.22,frozen-checkpoint inference evaluation
P1,Vietnamese_Context_Evicted_100,VN_FINAL_ANS_046,answerable,44,checkpoints/phase4_1/cms_3lvl_seed_44.pt,token_f1,0.0,False,False,False,False,False,4031.34,361.22,frozen-checkpoint inference evaluation
P1,Vietnamese_Context_Evicted_100,VN_FINAL_ANS_047,answerable,44,checkpoints/phase4_1/cms_3lvl_seed_44.pt,token_f1,0.3333,False,False,False,False,False,4785.72,361.22,frozen-checkpoint inference evaluation
P1,Vietnamese_Context_Evicted_100,VN_FINAL_ANS_048,answerable,44,checkpoints/phase4_1/cms_3lvl_seed_44.pt,token_f1,0.0,False,False,False,False,False,4748.01,361.22,frozen-checkpoint inference evaluation
P1,Vietnamese_Context_Evicted_100,VN_FINAL_ANS_049,answerable,44,checkpoints/phase4_1/cms_3lvl_seed_44.pt,token_f1,0.0,False,False,False,False,False,4712.27,361.22,frozen-checkpoint inference evaluation
P1,Vietnamese_Context_Evicted_100,VN_FINAL_ANS_050,answerable,44,checkpoints/phase4_1/cms_3lvl_seed_44.pt,token_f1,0.0,False,False,False,False,False,4684.07,361.22,frozen-checkpoint inference evaluation
P1,Vietnamese_Context_Evicted_100,VN_FINAL_UNANS_001,unanswerable,44,checkpoints/phase4_1/cms_3lvl_seed_44.pt,token_f1,0.0,False,False,False,False,True,4333.66,361.22,frozen-checkpoint inference evaluation
P1,Vietnamese_Context_Evicted_100,VN_FINAL_UNANS_002,unanswerable,44,checkpoints/phase4_1/cms_3lvl_seed_44.pt,token_f1,0.0,False,False,False,False,True,4801.3,361.22,frozen-checkpoint inference evaluation
P1,Vietnamese_Context_Evicted_100,VN_FINAL_UNANS_003,unanswerable,44,checkpoints/phase4_1/cms_3lvl_seed_44.pt,token_f1,0.0,False,False,False,False,True,4753.23,361.22,frozen-checkpoint inference evaluation
P1,Vietnamese_Context_Evicted_100,VN_FINAL_UNANS_004,unanswerable,44,checkpoints/phase4_1/cms_3lvl_seed_44.pt,token_f1,0.0,False,False,False,False,True,4593.34,361.22,frozen-checkpoint inference evaluation
P1,Vietnamese_Context_Evicted_100,VN_FINAL_UNANS_005,unanswerable,44,checkpoints/phase4_1/cms_3lvl_seed_44.pt,token_f1,0.0,False,False,False,False,True,4514.39,361.22,frozen-checkpoint inference evaluation
P1,Vietnamese_Context_Evicted_100,VN_FINAL_UNANS_006,unanswerable,44,checkpoints/phase4_1/cms_3lvl_seed_44.pt,token_f1,0.0,False,False,False,False,True,3949.59,361.22,frozen-checkpoint inference evaluation
P1,Vietnamese_Context_Evicted_100,VN_FINAL_UNANS_007,unanswerable,44,checkpoints/phase4_1/cms_3lvl_seed_44.pt,token_f1,0.0,False,False,False,False,True,3990.15,361.22,frozen-checkpoint inference evaluation
P1,Vietnamese_Context_Evicted_100,VN_FINAL_UNANS_008,unanswerable,44,checkpoints/phase4_1/cms_3lvl_seed_44.pt,token_f1,0.0,False,False,False,False,True,4432.13,361.22,frozen-checkpoint inference evaluation
P1,Vietnamese_Context_Evicted_100,VN_FINAL_UNANS_009,unanswerable,44,checkpoints/phase4_1/cms_3lvl_seed_44.pt,token_f1,0.0,False,False,False,False,True,4359.68,361.22,frozen-checkpoint inference evaluation
P1,Vietnamese_Context_Evicted_100,VN_FINAL_UNANS_010,unanswerable,44,checkpoints/phase4_1/cms_3lvl_seed_44.pt,token_f1,0.0,False,False,False,False,True,4705.7,361.22,frozen-checkpoint inference evaluation
P1,Vietnamese_Context_Evicted_100,VN_FINAL_UNANS_011,unanswerable,44,checkpoints/phase4_1/cms_3lvl_seed_44.pt,token_f1,0.0,False,False,False,False,True,4668.13,361.22,frozen-checkpoint inference evaluation
P1,Vietnamese_Context_Evicted_100,VN_FINAL_UNANS_012,unanswerable,44,checkpoints/phase4_1/cms_3lvl_seed_44.pt,token_f1,0.0,False,False,False,False,True,4405.31,361.22,frozen-checkpoint inference evaluation
P1,Vietnamese_Context_Evicted_100,VN_FINAL_UNANS_013,unanswerable,44,checkpoints/phase4_1/cms_3lvl_seed_44.pt,token_f1,0.0,False,False,False,False,True,4674.3,361.22,frozen-checkpoint inference evaluation
P1,Vietnamese_Context_Evicted_100,VN_FINAL_UNANS_014,unanswerable,44,checkpoints/phase4_1/cms_3lvl_seed_44.pt,token_f1,0.0,False,False,False,False,True,4695.86,361.22,frozen-checkpoint inference evaluation
P1,Vietnamese_Context_Evicted_100,VN_FINAL_UNANS_015,unanswerable,44,checkpoints/phase4_1/cms_3lvl_seed_44.pt,token_f1,0.0,False,False,False,False,True,4765.06,361.22,frozen-checkpoint inference evaluation
P1,Vietnamese_Context_Evicted_100,VN_FINAL_UNANS_016,unanswerable,44,checkpoints/phase4_1/cms_3lvl_seed_44.pt,token_f1,0.0,False,False,False,False,True,4780.7,361.22,frozen-checkpoint inference evaluation
P1,Vietnamese_Context_Evicted_100,VN_FINAL_UNANS_017,unanswerable,44,checkpoints/phase4_1/cms_3lvl_seed_44.pt,token_f1,0.0,False,False,False,False,True,4329.91,361.22,frozen-checkpoint inference evaluation
P1,Vietnamese_Context_Evicted_100,VN_FINAL_UNANS_018,unanswerable,44,checkpoints/phase4_1/cms_3lvl_seed_44.pt,token_f1,0.0,False,False,False,False,True,4683.47,361.22,frozen-checkpoint inference evaluation
P1,Vietnamese_Context_Evicted_100,VN_FINAL_UNANS_019,unanswerable,44,checkpoints/phase4_1/cms_3lvl_seed_44.pt,token_f1,0.0,False,False,False,False,True,4821.75,361.22,frozen-checkpoint inference evaluation
P1,Vietnamese_Context_Evicted_100,VN_FINAL_UNANS_020,unanswerable,44,checkpoints/phase4_1/cms_3lvl_seed_44.pt,token_f1,0.0,False,False,False,False,True,4594.59,361.22,frozen-checkpoint inference evaluation
P1,Vietnamese_Context_Evicted_100,VN_FINAL_UNANS_021,unanswerable,44,checkpoints/phase4_1/cms_3lvl_seed_44.pt,token_f1,0.0,False,False,False,False,True,4664.36,361.22,frozen-checkpoint inference evaluation
P1,Vietnamese_Context_Evicted_100,VN_FINAL_UNANS_022,unanswerable,44,checkpoints/phase4_1/cms_3lvl_seed_44.pt,token_f1,0.0,False,False,False,False,True,4631.2,361.22,frozen-checkpoint inference evaluation
P1,Vietnamese_Context_Evicted_100,VN_FINAL_UNANS_023,unanswerable,44,checkpoints/phase4_1/cms_3lvl_seed_44.pt,token_f1,0.0,False,False,False,False,True,4210.6,361.22,frozen-checkpoint inference evaluation
P1,Vietnamese_Context_Evicted_100,VN_FINAL_UNANS_024,unanswerable,44,checkpoints/phase4_1/cms_3lvl_seed_44.pt,token_f1,0.0,False,False,False,False,True,4623.7,361.22,frozen-checkpoint inference evaluation
P1,Vietnamese_Context_Evicted_100,VN_FINAL_UNANS_025,unanswerable,44,checkpoints/phase4_1/cms_3lvl_seed_44.pt,token_f1,0.0,False,False,False,False,True,4738.33,361.22,frozen-checkpoint inference evaluation
P1,Vietnamese_Context_Evicted_100,VN_FINAL_INSUFF_001,insufficient_evidence,44,checkpoints/phase4_1/cms_3lvl_seed_44.pt,token_f1,0.0,False,False,False,False,True,4667.59,361.22,frozen-checkpoint inference evaluation
P1,Vietnamese_Context_Evicted_100,VN_FINAL_INSUFF_002,insufficient_evidence,44,checkpoints/phase4_1/cms_3lvl_seed_44.pt,token_f1,0.0,False,False,False,False,True,4733.87,361.22,frozen-checkpoint inference evaluation
P1,Vietnamese_Context_Evicted_100,VN_FINAL_INSUFF_003,insufficient_evidence,44,checkpoints/phase4_1/cms_3lvl_seed_44.pt,token_f1,0.0,False,False,False,False,True,4734.51,361.22,frozen-checkpoint inference evaluation
P1,Vietnamese_Context_Evicted_100,VN_FINAL_INSUFF_004,insufficient_evidence,44,checkpoints/phase4_1/cms_3lvl_seed_44.pt,token_f1,0.0,False,False,False,False,True,4813.24,361.22,frozen-checkpoint inference evaluation
P1,Vietnamese_Context_Evicted_100,VN_FINAL_INSUFF_005,insufficient_evidence,44,checkpoints/phase4_1/cms_3lvl_seed_44.pt,token_f1,0.0,False,False,False,False,True,4746.16,361.22,frozen-checkpoint inference evaluation
P1,Vietnamese_Context_Evicted_100,VN_FINAL_INSUFF_006,insufficient_evidence,44,checkpoints/phase4_1/cms_3lvl_seed_44.pt,token_f1,0.0,False,False,False,False,True,4802.9,361.22,frozen-checkpoint inference evaluation
P1,Vietnamese_Context_Evicted_100,VN_FINAL_INSUFF_007,insufficient_evidence,44,checkpoints/phase4_1/cms_3lvl_seed_44.pt,token_f1,0.0,False,False,False,False,True,4768.93,361.22,frozen-checkpoint inference evaluation
P1,Vietnamese_Context_Evicted_100,VN_FINAL_INSUFF_008,insufficient_evidence,44,checkpoints/phase4_1/cms_3lvl_seed_44.pt,token_f1,0.0,False,False,False,False,True,4809.73,361.22,frozen-checkpoint inference evaluation
P1,Vietnamese_Context_Evicted_100,VN_FINAL_INSUFF_009,insufficient_evidence,44,checkpoints/phase4_1/cms_3lvl_seed_44.pt,token_f1,0.0,False,False,False,False,True,4773.99,361.22,frozen-checkpoint inference evaluation
P1,Vietnamese_Context_Evicted_100,VN_FINAL_INSUFF_010,insufficient_evidence,44,checkpoints/phase4_1/cms_3lvl_seed_44.pt,token_f1,0.0,False,False,False,False,True,4801.33,361.22,frozen-checkpoint inference evaluation
P1,Vietnamese_Context_Evicted_100,VN_FINAL_INSUFF_011,insufficient_evidence,44,checkpoints/phase4_1/cms_3lvl_seed_44.pt,token_f1,0.0,False,False,False,False,True,4763.69,361.22,frozen-checkpoint inference evaluation
P1,Vietnamese_Context_Evicted_100,VN_FINAL_INSUFF_012,insufficient_evidence,44,checkpoints/phase4_1/cms_3lvl_seed_44.pt,token_f1,0.0,False,False,False,False,True,4859.76,361.22,frozen-checkpoint inference evaluation
P1,Vietnamese_Context_Evicted_100,VN_FINAL_INSUFF_013,insufficient_evidence,44,checkpoints/phase4_1/cms_3lvl_seed_44.pt,token_f1,0.0,False,False,False,False,True,4668.78,361.22,frozen-checkpoint inference evaluation
P1,Vietnamese_Context_Evicted_100,VN_FINAL_INSUFF_014,insufficient_evidence,44,checkpoints/phase4_1/cms_3lvl_seed_44.pt,token_f1,0.0,False,False,False,False,True,4731.75,361.22,frozen-checkpoint inference evaluation
P1,Vietnamese_Context_Evicted_100,VN_FINAL_INSUFF_015,insufficient_evidence,44,checkpoints/phase4_1/cms_3lvl_seed_44.pt,token_f1,0.0,False,False,False,False,True,4731.07,361.22,frozen-checkpoint inference evaluation
P1,Vietnamese_Context_Evicted_100,VN_FINAL_INSUFF_016,insufficient_evidence,44,checkpoints/phase4_1/cms_3lvl_seed_44.pt,token_f1,0.0,False,False,False,False,True,4734.47,361.22,frozen-checkpoint inference evaluation
P1,Vietnamese_Context_Evicted_100,VN_FINAL_INSUFF_017,insufficient_evidence,44,checkpoints/phase4_1/cms_3lvl_seed_44.pt,token_f1,0.0,False,False,False,False,True,4748.66,361.22,frozen-checkpoint inference evaluation
P1,Vietnamese_Context_Evicted_100,VN_FINAL_INSUFF_018,insufficient_evidence,44,checkpoints/phase4_1/cms_3lvl_seed_44.pt,token_f1,0.0,False,False,False,False,True,4788.96,361.22,frozen-checkpoint inference evaluation
P1,Vietnamese_Context_Evicted_100,VN_FINAL_INSUFF_019,insufficient_evidence,44,checkpoints/phase4_1/cms_3lvl_seed_44.pt,token_f1,0.0,False,False,False,False,True,4744.45,361.22,frozen-checkpoint inference evaluation
P1,Vietnamese_Context_Evicted_100,VN_FINAL_INSUFF_020,insufficient_evidence,44,checkpoints/phase4_1/cms_3lvl_seed_44.pt,token_f1,0.0,False,False,False,False,True,4630.72,361.22,frozen-checkpoint inference evaluation
P1,Vietnamese_Context_Evicted_100,VN_FINAL_INSUFF_021,insufficient_evidence,44,checkpoints/phase4_1/cms_3lvl_seed_44.pt,token_f1,0.0,False,False,False,False,True,4745.49,361.22,frozen-checkpoint inference evaluation
P1,Vietnamese_Context_Evicted_100,VN_FINAL_INSUFF_022,insufficient_evidence,44,checkpoints/phase4_1/cms_3lvl_seed_44.pt,token_f1,0.0,False,False,False,False,True,4784.8,361.22,frozen-checkpoint inference evaluation
P1,Vietnamese_Context_Evicted_100,VN_FINAL_INSUFF_023,insufficient_evidence,44,checkpoints/phase4_1/cms_3lvl_seed_44.pt,token_f1,0.0,False,False,False,False,True,4748.36,361.22,frozen-checkpoint inference evaluation
P1,Vietnamese_Context_Evicted_100,VN_FINAL_INSUFF_024,insufficient_evidence,44,checkpoints/phase4_1/cms_3lvl_seed_44.pt,token_f1,0.0,False,False,False,False,True,4762.37,361.22,frozen-checkpoint inference evaluation
P1,Vietnamese_Context_Evicted_100,VN_FINAL_INSUFF_025,insufficient_evidence,44,checkpoints/phase4_1/cms_3lvl_seed_44.pt,token_f1,0.0,False,False,False,False,True,4749.53,361.22,frozen-checkpoint inference evaluation
P2,Vietnamese_Context_Evicted_100,VN_FINAL_ANS_001,answerable,44,checkpoints/phase4_1/cms_3lvl_seed_44.pt + BM25 retriever,token_f1,0.0,False,True,False,False,False,12175.91,361.22,frozen-checkpoint inference evaluation
P2,Vietnamese_Context_Evicted_100,VN_FINAL_ANS_002,answerable,44,checkpoints/phase4_1/cms_3lvl_seed_44.pt + BM25 retriever,token_f1,0.0,False,True,False,False,False,12461.95,361.22,frozen-checkpoint inference evaluation
P2,Vietnamese_Context_Evicted_100,VN_FINAL_ANS_003,answerable,44,checkpoints/phase4_1/cms_3lvl_seed_44.pt + BM25 retriever,token_f1,0.0,False,True,False,False,False,12479.7,361.22,frozen-checkpoint inference evaluation
P2,Vietnamese_Context_Evicted_100,VN_FINAL_ANS_004,answerable,44,checkpoints/phase4_1/cms_3lvl_seed_44.pt + BM25 retriever,token_f1,0.2667,False,True,False,False,False,12477.66,361.22,frozen-checkpoint inference evaluation
P2,Vietnamese_Context_Evicted_100,VN_FINAL_ANS_005,answerable,44,checkpoints/phase4_1/cms_3lvl_seed_44.pt + BM25 retriever,token_f1,0.8,False,True,False,False,False,12469.26,361.22,frozen-checkpoint inference evaluation
P2,Vietnamese_Context_Evicted_100,VN_FINAL_ANS_006,answerable,44,checkpoints/phase4_1/cms_3lvl_seed_44.pt + BM25 retriever,token_f1,0.0,False,True,False,False,False,12473.93,361.22,frozen-checkpoint inference evaluation
P2,Vietnamese_Context_Evicted_100,VN_FINAL_ANS_007,answerable,44,checkpoints/phase4_1/cms_3lvl_seed_44.pt + BM25 retriever,token_f1,0.0,False,True,False,False,False,12483.5,361.22,frozen-checkpoint inference evaluation
P2,Vietnamese_Context_Evicted_100,VN_FINAL_ANS_008,answerable,44,checkpoints/phase4_1/cms_3lvl_seed_44.pt + BM25 retriever,token_f1,0.0,False,True,False,False,False,12475.79,361.22,frozen-checkpoint inference evaluation
P2,Vietnamese_Context_Evicted_100,VN_FINAL_ANS_009,answerable,44,checkpoints/phase4_1/cms_3lvl_seed_44.pt + BM25 retriever,token_f1,0.6667,False,True,False,False,False,12470.19,361.22,frozen-checkpoint inference evaluation
P2,Vietnamese_Context_Evicted_100,VN_FINAL_ANS_010,answerable,44,checkpoints/phase4_1/cms_3lvl_seed_44.pt + BM25 retriever,token_f1,0.0,False,True,False,False,False,12469.63,361.22,frozen-checkpoint inference evaluation
P2,Vietnamese_Context_Evicted_100,VN_FINAL_ANS_011,answerable,44,checkpoints/phase4_1/cms_3lvl_seed_44.pt + BM25 retriever,token_f1,0.0,False,True,False,False,False,12483.52,361.22,frozen-checkpoint inference evaluation
P2,Vietnamese_Context_Evicted_100,VN_FINAL_ANS_012,answerable,44,checkpoints/phase4_1/cms_3lvl_seed_44.pt + BM25 retriever,token_f1,0.5714,False,True,False,False,False,12463.66,361.22,frozen-checkpoint inference evaluation
P2,Vietnamese_Context_Evicted_100,VN_FINAL_ANS_013,answerable,44,checkpoints/phase4_1/cms_3lvl_seed_44.pt + BM25 retriever,token_f1,0.0,False,True,False,False,False,12475.46,361.22,frozen-checkpoint inference evaluation
P2,Vietnamese_Context_Evicted_100,VN_FINAL_ANS_014,answerable,44,checkpoints/phase4_1/cms_3lvl_seed_44.pt + BM25 retriever,token_f1,0.0,False,True,False,False,False,12485.1,361.22,frozen-checkpoint inference evaluation
P2,Vietnamese_Context_Evicted_100,VN_FINAL_ANS_015,answerable,44,checkpoints/phase4_1/cms_3lvl_seed_44.pt + BM25 retriever,token_f1,0.0,False,True,False,False,False,12480.81,361.22,frozen-checkpoint inference evaluation
P2,Vietnamese_Context_Evicted_100,VN_FINAL_ANS_016,answerable,44,checkpoints/phase4_1/cms_3lvl_seed_44.pt + BM25 retriever,token_f1,0.0,False,True,False,False,False,12476.66,361.22,frozen-checkpoint inference evaluation
P2,Vietnamese_Context_Evicted_100,VN_FINAL_ANS_017,answerable,44,checkpoints/phase4_1/cms_3lvl_seed_44.pt + BM25 retriever,token_f1,0.0,False,True,False,False,False,12478.75,361.22,frozen-checkpoint inference evaluation
P2,Vietnamese_Context_Evicted_100,VN_FINAL_ANS_018,answerable,44,checkpoints/phase4_1/cms_3lvl_seed_44.pt + BM25 retriever,token_f1,0.0,False,True,False,False,False,12478.21,361.22,frozen-checkpoint inference evaluation
P2,Vietnamese_Context_Evicted_100,VN_FINAL_ANS_019,answerable,44,checkpoints/phase4_1/cms_3lvl_seed_44.pt + BM25 retriever,token_f1,0.2667,False,True,False,False,False,12484.88,361.22,frozen-checkpoint inference evaluation
P2,Vietnamese_Context_Evicted_100,VN_FINAL_ANS_020,answerable,44,checkpoints/phase4_1/cms_3lvl_seed_44.pt + BM25 retriever,token_f1,0.8,False,True,False,False,False,12460.76,361.22,frozen-checkpoint inference evaluation
P2,Vietnamese_Context_Evicted_100,VN_FINAL_ANS_021,answerable,44,checkpoints/phase4_1/cms_3lvl_seed_44.pt + BM25 retriever,token_f1,0.0,False,True,False,False,False,12475.84,361.22,frozen-checkpoint inference evaluation
P2,Vietnamese_Context_Evicted_100,VN_FINAL_ANS_022,answerable,44,checkpoints/phase4_1/cms_3lvl_seed_44.pt + BM25 retriever,token_f1,0.0,False,True,False,False,False,12474.41,361.22,frozen-checkpoint inference evaluation
P2,Vietnamese_Context_Evicted_100,VN_FINAL_ANS_023,answerable,44,checkpoints/phase4_1/cms_3lvl_seed_44.pt + BM25 retriever,token_f1,0.0,False,True,False,False,False,12477.85,361.22,frozen-checkpoint inference evaluation
P2,Vietnamese_Context_Evicted_100,VN_FINAL_ANS_024,answerable,44,checkpoints/phase4_1/cms_3lvl_seed_44.pt + BM25 retriever,token_f1,0.6667,False,True,False,False,False,12473.9,361.22,frozen-checkpoint inference evaluation
P2,Vietnamese_Context_Evicted_100,VN_FINAL_ANS_025,answerable,44,checkpoints/phase4_1/cms_3lvl_seed_44.pt + BM25 retriever,token_f1,0.0,False,True,False,False,False,12468.86,361.22,frozen-checkpoint inference evaluation
P2,Vietnamese_Context_Evicted_100,VN_FINAL_ANS_026,answerable,44,checkpoints/phase4_1/cms_3lvl_seed_44.pt + BM25 retriever,token_f1,0.0,False,True,False,False,False,12489.98,361.22,frozen-checkpoint inference evaluation
P2,Vietnamese_Context_Evicted_100,VN_FINAL_ANS_027,answerable,44,checkpoints/phase4_1/cms_3lvl_seed_44.pt + BM25 retriever,token_f1,0.5714,False,True,False,False,False,12479.47,361.22,frozen-checkpoint inference evaluation
P2,Vietnamese_Context_Evicted_100,VN_FINAL_ANS_028,answerable,44,checkpoints/phase4_1/cms_3lvl_seed_44.pt + BM25 retriever,token_f1,0.0,False,True,False,False,False,12466.88,361.22,frozen-checkpoint inference evaluation
P2,Vietnamese_Context_Evicted_100,VN_FINAL_ANS_029,answerable,44,checkpoints/phase4_1/cms_3lvl_seed_44.pt + BM25 retriever,token_f1,0.0,False,True,False,False,False,12481.77,361.22,frozen-checkpoint inference evaluation
P2,Vietnamese_Context_Evicted_100,VN_FINAL_ANS_030,answerable,44,checkpoints/phase4_1/cms_3lvl_seed_44.pt + BM25 retriever,token_f1,0.0,False,True,False,False,False,12475.13,361.22,frozen-checkpoint inference evaluation
P2,Vietnamese_Context_Evicted_100,VN_FINAL_ANS_031,answerable,44,checkpoints/phase4_1/cms_3lvl_seed_44.pt + BM25 retriever,token_f1,0.0,False,True,False,False,False,12470.06,361.22,frozen-checkpoint inference evaluation
P2,Vietnamese_Context_Evicted_100,VN_FINAL_ANS_032,answerable,44,checkpoints/phase4_1/cms_3lvl_seed_44.pt + BM25 retriever,token_f1,0.0,False,True,False,False,False,12479.75,361.22,frozen-checkpoint inference evaluation
P2,Vietnamese_Context_Evicted_100,VN_FINAL_ANS_033,answerable,44,checkpoints/phase4_1/cms_3lvl_seed_44.pt + BM25 retriever,token_f1,0.0,False,True,False,False,False,12485.56,361.22,frozen-checkpoint inference evaluation
P2,Vietnamese_Context_Evicted_100,VN_FINAL_ANS_034,answerable,44,checkpoints/phase4_1/cms_3lvl_seed_44.pt + BM25 retriever,token_f1,0.2667,False,True,False,False,False,12462.85,361.22,frozen-checkpoint inference evaluation
P2,Vietnamese_Context_Evicted_100,VN_FINAL_ANS_035,answerable,44,checkpoints/phase4_1/cms_3lvl_seed_44.pt + BM25 retriever,token_f1,0.8,False,True,False,False,False,12473.12,361.22,frozen-checkpoint inference evaluation
P2,Vietnamese_Context_Evicted_100,VN_FINAL_ANS_036,answerable,44,checkpoints/phase4_1/cms_3lvl_seed_44.pt + BM25 retriever,token_f1,0.0,False,True,False,False,False,12466.94,361.22,frozen-checkpoint inference evaluation
P2,Vietnamese_Context_Evicted_100,VN_FINAL_ANS_037,answerable,44,checkpoints/phase4_1/cms_3lvl_seed_44.pt + BM25 retriever,token_f1,0.0,False,True,False,False,False,12483.8,361.22,frozen-checkpoint inference evaluation
P2,Vietnamese_Context_Evicted_100,VN_FINAL_ANS_038,answerable,44,checkpoints/phase4_1/cms_3lvl_seed_44.pt + BM25 retriever,token_f1,0.0,False,True,False,False,False,12466.51,361.22,frozen-checkpoint inference evaluation
P2,Vietnamese_Context_Evicted_100,VN_FINAL_ANS_039,answerable,44,checkpoints/phase4_1/cms_3lvl_seed_44.pt + BM25 retriever,token_f1,0.6667,False,True,False,False,False,12491.41,361.22,frozen-checkpoint inference evaluation
P2,Vietnamese_Context_Evicted_100,VN_FINAL_ANS_040,answerable,44,checkpoints/phase4_1/cms_3lvl_seed_44.pt + BM25 retriever,token_f1,0.0,False,True,False,False,False,12471.65,361.22,frozen-checkpoint inference evaluation
P2,Vietnamese_Context_Evicted_100,VN_FINAL_ANS_041,answerable,44,checkpoints/phase4_1/cms_3lvl_seed_44.pt + BM25 retriever,token_f1,0.0,False,True,False,False,False,12470.44,361.22,frozen-checkpoint inference evaluation
P2,Vietnamese_Context_Evicted_100,VN_FINAL_ANS_042,answerable,44,checkpoints/phase4_1/cms_3lvl_seed_44.pt + BM25 retriever,token_f1,0.5714,False,True,False,False,False,12475.18,361.22,frozen-checkpoint inference evaluation
P2,Vietnamese_Context_Evicted_100,VN_FINAL_ANS_043,answerable,44,checkpoints/phase4_1/cms_3lvl_seed_44.pt + BM25 retriever,token_f1,0.0,False,True,False,False,False,12481.11,361.22,frozen-checkpoint inference evaluation
P2,Vietnamese_Context_Evicted_100,VN_FINAL_ANS_044,answerable,44,checkpoints/phase4_1/cms_3lvl_seed_44.pt + BM25 retriever,token_f1,0.0,False,True,False,False,False,12473.02,361.22,frozen-checkpoint inference evaluation
P2,Vietnamese_Context_Evicted_100,VN_FINAL_ANS_045,answerable,44,checkpoints/phase4_1/cms_3lvl_seed_44.pt + BM25 retriever,token_f1,0.0,False,True,False,False,False,12472.31,361.22,frozen-checkpoint inference evaluation
P2,Vietnamese_Context_Evicted_100,VN_FINAL_ANS_046,answerable,44,checkpoints/phase4_1/cms_3lvl_seed_44.pt + BM25 retriever,token_f1,0.0,False,True,False,False,False,12464.12,361.22,frozen-checkpoint inference evaluation
P2,Vietnamese_Context_Evicted_100,VN_FINAL_ANS_047,answerable,44,checkpoints/phase4_1/cms_3lvl_seed_44.pt + BM25 retriever,token_f1,0.0,False,True,False,False,False,12475.43,361.22,frozen-checkpoint inference evaluation
P2,Vietnamese_Context_Evicted_100,VN_FINAL_ANS_048,answerable,44,checkpoints/phase4_1/cms_3lvl_seed_44.pt + BM25 retriever,token_f1,0.0,False,True,False,False,False,12478.1,361.22,frozen-checkpoint inference evaluation
P2,Vietnamese_Context_Evicted_100,VN_FINAL_ANS_049,answerable,44,checkpoints/phase4_1/cms_3lvl_seed_44.pt + BM25 retriever,token_f1,0.2667,False,True,False,False,False,12466.26,361.22,frozen-checkpoint inference evaluation
P2,Vietnamese_Context_Evicted_100,VN_FINAL_ANS_050,answerable,44,checkpoints/phase4_1/cms_3lvl_seed_44.pt + BM25 retriever,token_f1,0.8,False,True,False,False,False,12479.2,361.22,frozen-checkpoint inference evaluation
P2,Vietnamese_Context_Evicted_100,VN_FINAL_UNANS_001,unanswerable,44,checkpoints/phase4_1/cms_3lvl_seed_44.pt + BM25 retriever,token_f1,0.0,True,False,True,False,False,0.93,361.22,frozen-checkpoint inference evaluation
P2,Vietnamese_Context_Evicted_100,VN_FINAL_UNANS_002,unanswerable,44,checkpoints/phase4_1/cms_3lvl_seed_44.pt + BM25 retriever,token_f1,0.0,False,True,False,False,True,12475.21,361.22,frozen-checkpoint inference evaluation
P2,Vietnamese_Context_Evicted_100,VN_FINAL_UNANS_003,unanswerable,44,checkpoints/phase4_1/cms_3lvl_seed_44.pt + BM25 retriever,token_f1,0.0,True,False,True,False,False,1.37,361.22,frozen-checkpoint inference evaluation
P2,Vietnamese_Context_Evicted_100,VN_FINAL_UNANS_004,unanswerable,44,checkpoints/phase4_1/cms_3lvl_seed_44.pt + BM25 retriever,token_f1,0.0,True,False,True,False,False,1.17,361.22,frozen-checkpoint inference evaluation
P2,Vietnamese_Context_Evicted_100,VN_FINAL_UNANS_005,unanswerable,44,checkpoints/phase4_1/cms_3lvl_seed_44.pt + BM25 retriever,token_f1,0.0,True,False,True,False,False,1.35,361.22,frozen-checkpoint inference evaluation
P2,Vietnamese_Context_Evicted_100,VN_FINAL_UNANS_006,unanswerable,44,checkpoints/phase4_1/cms_3lvl_seed_44.pt + BM25 retriever,token_f1,0.0,True,False,True,False,False,1.12,361.22,frozen-checkpoint inference evaluation
P2,Vietnamese_Context_Evicted_100,VN_FINAL_UNANS_007,unanswerable,44,checkpoints/phase4_1/cms_3lvl_seed_44.pt + BM25 retriever,token_f1,0.0,False,False,False,False,True,12469.6,361.22,frozen-checkpoint inference evaluation
P2,Vietnamese_Context_Evicted_100,VN_FINAL_UNANS_008,unanswerable,44,checkpoints/phase4_1/cms_3lvl_seed_44.pt + BM25 retriever,token_f1,0.0,True,False,True,False,False,1.29,361.22,frozen-checkpoint inference evaluation
P2,Vietnamese_Context_Evicted_100,VN_FINAL_UNANS_009,unanswerable,44,checkpoints/phase4_1/cms_3lvl_seed_44.pt + BM25 retriever,token_f1,0.0,True,False,True,False,False,1.28,361.22,frozen-checkpoint inference evaluation
P2,Vietnamese_Context_Evicted_100,VN_FINAL_UNANS_010,unanswerable,44,checkpoints/phase4_1/cms_3lvl_seed_44.pt + BM25 retriever,token_f1,0.0,True,False,True,False,False,1.17,361.22,frozen-checkpoint inference evaluation
P2,Vietnamese_Context_Evicted_100,VN_FINAL_UNANS_011,unanswerable,44,checkpoints/phase4_1/cms_3lvl_seed_44.pt + BM25 retriever,token_f1,0.0,True,False,True,False,False,1.27,361.22,frozen-checkpoint inference evaluation
P2,Vietnamese_Context_Evicted_100,VN_FINAL_UNANS_012,unanswerable,44,checkpoints/phase4_1/cms_3lvl_seed_44.pt + BM25 retriever,token_f1,0.0,True,False,True,False,False,1.66,361.22,frozen-checkpoint inference evaluation
P2,Vietnamese_Context_Evicted_100,VN_FINAL_UNANS_013,unanswerable,44,checkpoints/phase4_1/cms_3lvl_seed_44.pt + BM25 retriever,token_f1,0.0,True,False,True,False,False,1.48,361.22,frozen-checkpoint inference evaluation
P2,Vietnamese_Context_Evicted_100,VN_FINAL_UNANS_014,unanswerable,44,checkpoints/phase4_1/cms_3lvl_seed_44.pt + BM25 retriever,token_f1,0.0,True,False,True,False,False,1.22,361.22,frozen-checkpoint inference evaluation
P2,Vietnamese_Context_Evicted_100,VN_FINAL_UNANS_015,unanswerable,44,checkpoints/phase4_1/cms_3lvl_seed_44.pt + BM25 retriever,token_f1,0.0,False,True,False,False,True,12469.37,361.22,frozen-checkpoint inference evaluation
P2,Vietnamese_Context_Evicted_100,VN_FINAL_UNANS_016,unanswerable,44,checkpoints/phase4_1/cms_3lvl_seed_44.pt + BM25 retriever,token_f1,0.0,True,False,True,False,False,1.36,361.22,frozen-checkpoint inference evaluation
P2,Vietnamese_Context_Evicted_100,VN_FINAL_UNANS_017,unanswerable,44,checkpoints/phase4_1/cms_3lvl_seed_44.pt + BM25 retriever,token_f1,0.0,False,True,False,False,True,12475.01,361.22,frozen-checkpoint inference evaluation
P2,Vietnamese_Context_Evicted_100,VN_FINAL_UNANS_018,unanswerable,44,checkpoints/phase4_1/cms_3lvl_seed_44.pt + BM25 retriever,token_f1,0.0,False,True,False,False,True,12474.8,361.22,frozen-checkpoint inference evaluation
P2,Vietnamese_Context_Evicted_100,VN_FINAL_UNANS_019,unanswerable,44,checkpoints/phase4_1/cms_3lvl_seed_44.pt + BM25 retriever,token_f1,0.0,True,False,True,False,False,1.43,361.22,frozen-checkpoint inference evaluation
P2,Vietnamese_Context_Evicted_100,VN_FINAL_UNANS_020,unanswerable,44,checkpoints/phase4_1/cms_3lvl_seed_44.pt + BM25 retriever,token_f1,0.0,True,False,True,False,False,1.27,361.22,frozen-checkpoint inference evaluation
P2,Vietnamese_Context_Evicted_100,VN_FINAL_UNANS_021,unanswerable,44,checkpoints/phase4_1/cms_3lvl_seed_44.pt + BM25 retriever,token_f1,0.0,True,False,True,False,False,1.1,361.22,frozen-checkpoint inference evaluation
P2,Vietnamese_Context_Evicted_100,VN_FINAL_UNANS_022,unanswerable,44,checkpoints/phase4_1/cms_3lvl_seed_44.pt + BM25 retriever,token_f1,0.0,True,False,True,False,False,1.33,361.22,frozen-checkpoint inference evaluation
P2,Vietnamese_Context_Evicted_100,VN_FINAL_UNANS_023,unanswerable,44,checkpoints/phase4_1/cms_3lvl_seed_44.pt + BM25 retriever,token_f1,0.0,True,False,True,False,False,0.84,361.22,frozen-checkpoint inference evaluation
P2,Vietnamese_Context_Evicted_100,VN_FINAL_UNANS_024,unanswerable,44,checkpoints/phase4_1/cms_3lvl_seed_44.pt + BM25 retriever,token_f1,0.0,False,True,False,False,True,12477.03,361.22,frozen-checkpoint inference evaluation
P2,Vietnamese_Context_Evicted_100,VN_FINAL_UNANS_025,unanswerable,44,checkpoints/phase4_1/cms_3lvl_seed_44.pt + BM25 retriever,token_f1,0.0,True,False,True,False,False,1.3,361.22,frozen-checkpoint inference evaluation
P2,Vietnamese_Context_Evicted_100,VN_FINAL_INSUFF_001,insufficient_evidence,44,checkpoints/phase4_1/cms_3lvl_seed_44.pt + BM25 retriever,token_f1,0.0,True,False,True,False,False,1.42,361.22,frozen-checkpoint inference evaluation
P2,Vietnamese_Context_Evicted_100,VN_FINAL_INSUFF_002,insufficient_evidence,44,checkpoints/phase4_1/cms_3lvl_seed_44.pt + BM25 retriever,token_f1,0.0,False,True,False,False,True,12464.31,361.22,frozen-checkpoint inference evaluation
P2,Vietnamese_Context_Evicted_100,VN_FINAL_INSUFF_003,insufficient_evidence,44,checkpoints/phase4_1/cms_3lvl_seed_44.pt + BM25 retriever,token_f1,0.0,True,False,True,False,False,1.61,361.22,frozen-checkpoint inference evaluation
P2,Vietnamese_Context_Evicted_100,VN_FINAL_INSUFF_004,insufficient_evidence,44,checkpoints/phase4_1/cms_3lvl_seed_44.pt + BM25 retriever,token_f1,0.0,True,False,True,False,False,1.3,361.22,frozen-checkpoint inference evaluation
P2,Vietnamese_Context_Evicted_100,VN_FINAL_INSUFF_005,insufficient_evidence,44,checkpoints/phase4_1/cms_3lvl_seed_44.pt + BM25 retriever,token_f1,0.0,False,True,False,False,True,12475.75,361.22,frozen-checkpoint inference evaluation
P2,Vietnamese_Context_Evicted_100,VN_FINAL_INSUFF_006,insufficient_evidence,44,checkpoints/phase4_1/cms_3lvl_seed_44.pt + BM25 retriever,token_f1,0.0,True,False,True,False,False,1.83,361.22,frozen-checkpoint inference evaluation
P2,Vietnamese_Context_Evicted_100,VN_FINAL_INSUFF_007,insufficient_evidence,44,checkpoints/phase4_1/cms_3lvl_seed_44.pt + BM25 retriever,token_f1,0.0,True,False,True,False,False,1.59,361.22,frozen-checkpoint inference evaluation
P2,Vietnamese_Context_Evicted_100,VN_FINAL_INSUFF_008,insufficient_evidence,44,checkpoints/phase4_1/cms_3lvl_seed_44.pt + BM25 retriever,token_f1,0.0,False,True,False,False,True,12467.7,361.22,frozen-checkpoint inference evaluation
P2,Vietnamese_Context_Evicted_100,VN_FINAL_INSUFF_009,insufficient_evidence,44,checkpoints/phase4_1/cms_3lvl_seed_44.pt + BM25 retriever,token_f1,0.0,True,False,True,False,False,1.34,361.22,frozen-checkpoint inference evaluation
P2,Vietnamese_Context_Evicted_100,VN_FINAL_INSUFF_010,insufficient_evidence,44,checkpoints/phase4_1/cms_3lvl_seed_44.pt + BM25 retriever,token_f1,0.0,False,True,False,False,True,12472.18,361.22,frozen-checkpoint inference evaluation
P2,Vietnamese_Context_Evicted_100,VN_FINAL_INSUFF_011,insufficient_evidence,44,checkpoints/phase4_1/cms_3lvl_seed_44.pt + BM25 retriever,token_f1,0.0,True,False,True,False,False,1.06,361.22,frozen-checkpoint inference evaluation
P2,Vietnamese_Context_Evicted_100,VN_FINAL_INSUFF_012,insufficient_evidence,44,checkpoints/phase4_1/cms_3lvl_seed_44.pt + BM25 retriever,token_f1,0.0,True,False,True,False,False,1.56,361.22,frozen-checkpoint inference evaluation
P2,Vietnamese_Context_Evicted_100,VN_FINAL_INSUFF_013,insufficient_evidence,44,checkpoints/phase4_1/cms_3lvl_seed_44.pt + BM25 retriever,token_f1,0.0,True,False,True,False,False,1.0,361.22,frozen-checkpoint inference evaluation
P2,Vietnamese_Context_Evicted_100,VN_FINAL_INSUFF_014,insufficient_evidence,44,checkpoints/phase4_1/cms_3lvl_seed_44.pt + BM25 retriever,token_f1,0.0,False,True,False,False,True,12473.43,361.22,frozen-checkpoint inference evaluation
P2,Vietnamese_Context_Evicted_100,VN_FINAL_INSUFF_015,insufficient_evidence,44,checkpoints/phase4_1/cms_3lvl_seed_44.pt + BM25 retriever,token_f1,0.0,True,False,True,False,False,1.32,361.22,frozen-checkpoint inference evaluation
P2,Vietnamese_Context_Evicted_100,VN_FINAL_INSUFF_016,insufficient_evidence,44,checkpoints/phase4_1/cms_3lvl_seed_44.pt + BM25 retriever,token_f1,0.0,True,False,True,False,False,1.11,361.22,frozen-checkpoint inference evaluation
P2,Vietnamese_Context_Evicted_100,VN_FINAL_INSUFF_017,insufficient_evidence,44,checkpoints/phase4_1/cms_3lvl_seed_44.pt + BM25 retriever,token_f1,0.0,True,False,True,False,False,1.63,361.22,frozen-checkpoint inference evaluation
P2,Vietnamese_Context_Evicted_100,VN_FINAL_INSUFF_018,insufficient_evidence,44,checkpoints/phase4_1/cms_3lvl_seed_44.pt + BM25 retriever,token_f1,0.0,False,True,False,False,True,12476.51,361.22,frozen-checkpoint inference evaluation
P2,Vietnamese_Context_Evicted_100,VN_FINAL_INSUFF_019,insufficient_evidence,44,checkpoints/phase4_1/cms_3lvl_seed_44.pt + BM25 retriever,token_f1,0.0,True,False,True,False,False,1.28,361.22,frozen-checkpoint inference evaluation
P2,Vietnamese_Context_Evicted_100,VN_FINAL_INSUFF_020,insufficient_evidence,44,checkpoints/phase4_1/cms_3lvl_seed_44.pt + BM25 retriever,token_f1,0.0,True,False,True,False,False,1.03,361.22,frozen-checkpoint inference evaluation
P2,Vietnamese_Context_Evicted_100,VN_FINAL_INSUFF_021,insufficient_evidence,44,checkpoints/phase4_1/cms_3lvl_seed_44.pt + BM25 retriever,token_f1,0.0,True,False,True,False,False,1.23,361.22,frozen-checkpoint inference evaluation
P2,Vietnamese_Context_Evicted_100,VN_FINAL_INSUFF_022,insufficient_evidence,44,checkpoints/phase4_1/cms_3lvl_seed_44.pt + BM25 retriever,token_f1,0.0,True,False,True,False,False,1.83,361.22,frozen-checkpoint inference evaluation
P2,Vietnamese_Context_Evicted_100,VN_FINAL_INSUFF_023,insufficient_evidence,44,checkpoints/phase4_1/cms_3lvl_seed_44.pt + BM25 retriever,token_f1,0.0,True,False,True,False,False,1.35,361.22,frozen-checkpoint inference evaluation
P2,Vietnamese_Context_Evicted_100,VN_FINAL_INSUFF_024,insufficient_evidence,44,checkpoints/phase4_1/cms_3lvl_seed_44.pt + BM25 retriever,token_f1,0.0,True,False,True,False,False,1.64,361.22,frozen-checkpoint inference evaluation
P2,Vietnamese_Context_Evicted_100,VN_FINAL_INSUFF_025,insufficient_evidence,44,checkpoints/phase4_1/cms_3lvl_seed_44.pt + BM25 retriever,token_f1,0.0,True,False,True,False,False,1.08,361.22,frozen-checkpoint inference evaluation
