method,dataset,question_id,seed,checkpoint,metric,value,latency_ms,VRAM_mb,evaluation_type
B1,MK-NIAH,MK_NIAH_S000,42,None (frozen backbone),accuracy,0.0,15.2,294.94,frozen-checkpoint inference evaluation
B1,MK-NIAH,MK_NIAH_S000,42,None (frozen backbone),target_prob,0.4109,15.2,294.94,frozen-checkpoint inference evaluation
B1,MK-NIAH,MK_NIAH_S001,42,None (frozen backbone),accuracy,0.0,15.2,294.94,frozen-checkpoint inference evaluation
B1,MK-NIAH,MK_NIAH_S001,42,None (frozen backbone),target_prob,0.3679,15.2,294.94,frozen-checkpoint inference evaluation
B1,MK-NIAH,MK_NIAH_S002,42,None (frozen backbone),accuracy,0.0,15.2,294.94,frozen-checkpoint inference evaluation
B1,MK-NIAH,MK_NIAH_S002,42,None (frozen backbone),target_prob,0.3054,15.2,294.94,frozen-checkpoint inference evaluation
B1,MK-NIAH,MK_NIAH_S003,42,None (frozen backbone),accuracy,0.0,15.2,294.94,frozen-checkpoint inference evaluation
B1,MK-NIAH,MK_NIAH_S003,42,None (frozen backbone),target_prob,0.4146,15.2,294.94,frozen-checkpoint inference evaluation
B1,MK-NIAH,MK_NIAH_S004,42,None (frozen backbone),accuracy,0.0,15.2,294.94,frozen-checkpoint inference evaluation
B1,MK-NIAH,MK_NIAH_S004,42,None (frozen backbone),target_prob,0.3843,15.2,294.94,frozen-checkpoint inference evaluation
B1,MK-NIAH,MK_NIAH_S005,42,None (frozen backbone),accuracy,0.0,15.2,294.94,frozen-checkpoint inference evaluation
B1,MK-NIAH,MK_NIAH_S005,42,None (frozen backbone),target_prob,0.3577,15.2,294.94,frozen-checkpoint inference evaluation
B1,MK-NIAH,MK_NIAH_S006,42,None (frozen backbone),accuracy,0.0,15.2,294.94,frozen-checkpoint inference evaluation
B1,MK-NIAH,MK_NIAH_S006,42,None (frozen backbone),target_prob,0.3647,15.2,294.94,frozen-checkpoint inference evaluation
B1,MK-NIAH,MK_NIAH_S007,42,None (frozen backbone),accuracy,0.0,15.2,294.94,frozen-checkpoint inference evaluation
B1,MK-NIAH,MK_NIAH_S007,42,None (frozen backbone),target_prob,0.4272,15.2,294.94,frozen-checkpoint inference evaluation
B1,MK-NIAH,MK_NIAH_S008,42,None (frozen backbone),accuracy,0.0,15.2,294.94,frozen-checkpoint inference evaluation
B1,MK-NIAH,MK_NIAH_S008,42,None (frozen backbone),target_prob,0.3,15.2,294.94,frozen-checkpoint inference evaluation
B1,MK-NIAH,MK_NIAH_S009,42,None (frozen backbone),accuracy,0.0,15.2,294.94,frozen-checkpoint inference evaluation
B1,MK-NIAH,MK_NIAH_S009,42,None (frozen backbone),target_prob,0.3689,15.2,294.94,frozen-checkpoint inference evaluation
B1,MK-NIAH,MK_NIAH_S010,42,None (frozen backbone),accuracy,0.0,15.2,294.94,frozen-checkpoint inference evaluation
B1,MK-NIAH,MK_NIAH_S010,42,None (frozen backbone),target_prob,0.2812,15.2,294.94,frozen-checkpoint inference evaluation
B1,MK-NIAH,MK_NIAH_S011,42,None (frozen backbone),accuracy,0.0,15.2,294.94,frozen-checkpoint inference evaluation
B1,MK-NIAH,MK_NIAH_S011,42,None (frozen backbone),target_prob,0.2227,15.2,294.94,frozen-checkpoint inference evaluation
B1,MK-NIAH,MK_NIAH_S012,42,None (frozen backbone),accuracy,0.0,15.2,294.94,frozen-checkpoint inference evaluation
B1,MK-NIAH,MK_NIAH_S012,42,None (frozen backbone),target_prob,0.3713,15.2,294.94,frozen-checkpoint inference evaluation
B1,MK-NIAH,MK_NIAH_S013,42,None (frozen backbone),accuracy,0.0,15.2,294.94,frozen-checkpoint inference evaluation
B1,MK-NIAH,MK_NIAH_S013,42,None (frozen backbone),target_prob,0.5557,15.2,294.94,frozen-checkpoint inference evaluation
B1,MK-NIAH,MK_NIAH_S014,42,None (frozen backbone),accuracy,0.0,15.2,294.94,frozen-checkpoint inference evaluation
B1,MK-NIAH,MK_NIAH_S014,42,None (frozen backbone),target_prob,0.4709,15.2,294.94,frozen-checkpoint inference evaluation
B1,MK-NIAH,MK_NIAH_S015,42,None (frozen backbone),accuracy,0.0,15.2,294.94,frozen-checkpoint inference evaluation
B1,MK-NIAH,MK_NIAH_S015,42,None (frozen backbone),target_prob,0.3762,15.2,294.94,frozen-checkpoint inference evaluation
B1,MK-NIAH,MK_NIAH_S016,42,None (frozen backbone),accuracy,0.0,15.2,294.94,frozen-checkpoint inference evaluation
B1,MK-NIAH,MK_NIAH_S016,42,None (frozen backbone),target_prob,0.4077,15.2,294.94,frozen-checkpoint inference evaluation
B1,MK-NIAH,MK_NIAH_S017,42,None (frozen backbone),accuracy,0.0,15.2,294.94,frozen-checkpoint inference evaluation
B1,MK-NIAH,MK_NIAH_S017,42,None (frozen backbone),target_prob,0.3442,15.2,294.94,frozen-checkpoint inference evaluation
B1,MK-NIAH,MK_NIAH_S018,42,None (frozen backbone),accuracy,0.0,15.2,294.94,frozen-checkpoint inference evaluation
B1,MK-NIAH,MK_NIAH_S018,42,None (frozen backbone),target_prob,0.4087,15.2,294.94,frozen-checkpoint inference evaluation
B1,MK-NIAH,MK_NIAH_S019,42,None (frozen backbone),accuracy,0.0,15.2,294.94,frozen-checkpoint inference evaluation
B1,MK-NIAH,MK_NIAH_S019,42,None (frozen backbone),target_prob,0.4041,15.2,294.94,frozen-checkpoint inference evaluation
B1,MK-NIAH,MK_NIAH_S020,42,None (frozen backbone),accuracy,0.0,15.2,294.94,frozen-checkpoint inference evaluation
B1,MK-NIAH,MK_NIAH_S020,42,None (frozen backbone),target_prob,0.3103,15.2,294.94,frozen-checkpoint inference evaluation
B1,MK-NIAH,MK_NIAH_S021,42,None (frozen backbone),accuracy,0.0,15.2,294.94,frozen-checkpoint inference evaluation
B1,MK-NIAH,MK_NIAH_S021,42,None (frozen backbone),target_prob,0.4153,15.2,294.94,frozen-checkpoint inference evaluation
B1,MK-NIAH,MK_NIAH_S022,42,None (frozen backbone),accuracy,0.0,15.2,294.94,frozen-checkpoint inference evaluation
B1,MK-NIAH,MK_NIAH_S022,42,None (frozen backbone),target_prob,0.4104,15.2,294.94,frozen-checkpoint inference evaluation
B1,MK-NIAH,MK_NIAH_S023,42,None (frozen backbone),accuracy,0.0,15.2,294.94,frozen-checkpoint inference evaluation
B1,MK-NIAH,MK_NIAH_S023,42,None (frozen backbone),target_prob,0.625,15.2,294.94,frozen-checkpoint inference evaluation
B1,MK-NIAH,MK_NIAH_S024,42,None (frozen backbone),accuracy,0.0,15.2,294.94,frozen-checkpoint inference evaluation
B1,MK-NIAH,MK_NIAH_S024,42,None (frozen backbone),target_prob,0.292,15.2,294.94,frozen-checkpoint inference evaluation
B1,MK-NIAH,MK_NIAH_S025,42,None (frozen backbone),accuracy,0.0,15.2,294.94,frozen-checkpoint inference evaluation
B1,MK-NIAH,MK_NIAH_S025,42,None (frozen backbone),target_prob,0.4287,15.2,294.94,frozen-checkpoint inference evaluation
B1,MK-NIAH,MK_NIAH_S026,42,None (frozen backbone),accuracy,0.0,15.2,294.94,frozen-checkpoint inference evaluation
B1,MK-NIAH,MK_NIAH_S026,42,None (frozen backbone),target_prob,0.3533,15.2,294.94,frozen-checkpoint inference evaluation
B1,MK-NIAH,MK_NIAH_S027,42,None (frozen backbone),accuracy,0.0,15.2,294.94,frozen-checkpoint inference evaluation
B1,MK-NIAH,MK_NIAH_S027,42,None (frozen backbone),target_prob,0.3142,15.2,294.94,frozen-checkpoint inference evaluation
B1,MK-NIAH,MK_NIAH_S028,42,None (frozen backbone),accuracy,0.0,15.2,294.94,frozen-checkpoint inference evaluation
B1,MK-NIAH,MK_NIAH_S028,42,None (frozen backbone),target_prob,0.3374,15.2,294.94,frozen-checkpoint inference evaluation
B1,MK-NIAH,MK_NIAH_S029,42,None (frozen backbone),accuracy,0.0,15.2,294.94,frozen-checkpoint inference evaluation
B1,MK-NIAH,MK_NIAH_S029,42,None (frozen backbone),target_prob,0.4417,15.2,294.94,frozen-checkpoint inference evaluation
B1,MK-NIAH,MK_NIAH_S030,42,None (frozen backbone),accuracy,0.0,15.2,294.94,frozen-checkpoint inference evaluation
B1,MK-NIAH,MK_NIAH_S030,42,None (frozen backbone),target_prob,0.3301,15.2,294.94,frozen-checkpoint inference evaluation
B1,MK-NIAH,MK_NIAH_S031,42,None (frozen backbone),accuracy,0.0,15.2,294.94,frozen-checkpoint inference evaluation
B1,MK-NIAH,MK_NIAH_S031,42,None (frozen backbone),target_prob,0.5073,15.2,294.94,frozen-checkpoint inference evaluation
B1,MK-NIAH,MK_NIAH_S032,42,None (frozen backbone),accuracy,0.0,15.2,294.94,frozen-checkpoint inference evaluation
B1,MK-NIAH,MK_NIAH_S032,42,None (frozen backbone),target_prob,0.2996,15.2,294.94,frozen-checkpoint inference evaluation
B1,MK-NIAH,MK_NIAH_S033,42,None (frozen backbone),accuracy,0.0,15.2,294.94,frozen-checkpoint inference evaluation
B1,MK-NIAH,MK_NIAH_S033,42,None (frozen backbone),target_prob,0.3286,15.2,294.94,frozen-checkpoint inference evaluation
B1,MK-NIAH,MK_NIAH_S034,42,None (frozen backbone),accuracy,0.0,15.2,294.94,frozen-checkpoint inference evaluation
B1,MK-NIAH,MK_NIAH_S034,42,None (frozen backbone),target_prob,0.4141,15.2,294.94,frozen-checkpoint inference evaluation
B1,MK-NIAH,MK_NIAH_S035,42,None (frozen backbone),accuracy,0.0,15.2,294.94,frozen-checkpoint inference evaluation
B1,MK-NIAH,MK_NIAH_S035,42,None (frozen backbone),target_prob,0.2478,15.2,294.94,frozen-checkpoint inference evaluation
B1,MK-NIAH,MK_NIAH_S036,42,None (frozen backbone),accuracy,0.0,15.2,294.94,frozen-checkpoint inference evaluation
B1,MK-NIAH,MK_NIAH_S036,42,None (frozen backbone),target_prob,0.4597,15.2,294.94,frozen-checkpoint inference evaluation
B1,MK-NIAH,MK_NIAH_S037,42,None (frozen backbone),accuracy,0.0,15.2,294.94,frozen-checkpoint inference evaluation
B1,MK-NIAH,MK_NIAH_S037,42,None (frozen backbone),target_prob,0.4167,15.2,294.94,frozen-checkpoint inference evaluation
B1,MK-NIAH,MK_NIAH_S038,42,None (frozen backbone),accuracy,0.0,15.2,294.94,frozen-checkpoint inference evaluation
B1,MK-NIAH,MK_NIAH_S038,42,None (frozen backbone),target_prob,0.2932,15.2,294.94,frozen-checkpoint inference evaluation
B1,MK-NIAH,MK_NIAH_S039,42,None (frozen backbone),accuracy,0.0,15.2,294.94,frozen-checkpoint inference evaluation
B1,MK-NIAH,MK_NIAH_S039,42,None (frozen backbone),target_prob,0.2737,15.2,294.94,frozen-checkpoint inference evaluation
B1,MK-NIAH,MK_NIAH_S040,42,None (frozen backbone),accuracy,0.0,15.2,294.94,frozen-checkpoint inference evaluation
B1,MK-NIAH,MK_NIAH_S040,42,None (frozen backbone),target_prob,0.4194,15.2,294.94,frozen-checkpoint inference evaluation
B1,MK-NIAH,MK_NIAH_S041,42,None (frozen backbone),accuracy,0.0,15.2,294.94,frozen-checkpoint inference evaluation
B1,MK-NIAH,MK_NIAH_S041,42,None (frozen backbone),target_prob,0.5576,15.2,294.94,frozen-checkpoint inference evaluation
B1,MK-NIAH,MK_NIAH_S042,42,None (frozen backbone),accuracy,0.0,15.2,294.94,frozen-checkpoint inference evaluation
B1,MK-NIAH,MK_NIAH_S042,42,None (frozen backbone),target_prob,0.2615,15.2,294.94,frozen-checkpoint inference evaluation
B1,MK-NIAH,MK_NIAH_S043,42,None (frozen backbone),accuracy,0.0,15.2,294.94,frozen-checkpoint inference evaluation
B1,MK-NIAH,MK_NIAH_S043,42,None (frozen backbone),target_prob,0.3691,15.2,294.94,frozen-checkpoint inference evaluation
B1,MK-NIAH,MK_NIAH_S044,42,None (frozen backbone),accuracy,0.0,15.2,294.94,frozen-checkpoint inference evaluation
B1,MK-NIAH,MK_NIAH_S044,42,None (frozen backbone),target_prob,0.3679,15.2,294.94,frozen-checkpoint inference evaluation
B1,MK-NIAH,MK_NIAH_S045,42,None (frozen backbone),accuracy,0.0,15.2,294.94,frozen-checkpoint inference evaluation
B1,MK-NIAH,MK_NIAH_S045,42,None (frozen backbone),target_prob,0.417,15.2,294.94,frozen-checkpoint inference evaluation
B1,MK-NIAH,MK_NIAH_S046,42,None (frozen backbone),accuracy,0.0,15.2,294.94,frozen-checkpoint inference evaluation
B1,MK-NIAH,MK_NIAH_S046,42,None (frozen backbone),target_prob,0.3354,15.2,294.94,frozen-checkpoint inference evaluation
B1,MK-NIAH,MK_NIAH_S047,42,None (frozen backbone),accuracy,0.0,15.2,294.94,frozen-checkpoint inference evaluation
B1,MK-NIAH,MK_NIAH_S047,42,None (frozen backbone),target_prob,0.3323,15.2,294.94,frozen-checkpoint inference evaluation
B1,MK-NIAH,MK_NIAH_S048,42,None (frozen backbone),accuracy,0.0,15.2,294.94,frozen-checkpoint inference evaluation
B1,MK-NIAH,MK_NIAH_S048,42,None (frozen backbone),target_prob,0.271,15.2,294.94,frozen-checkpoint inference evaluation
B1,MK-NIAH,MK_NIAH_S049,42,None (frozen backbone),accuracy,0.0,15.2,294.94,frozen-checkpoint inference evaluation
B1,MK-NIAH,MK_NIAH_S049,42,None (frozen backbone),target_prob,0.3223,15.2,294.94,frozen-checkpoint inference evaluation
B1,MK-NIAH,MK_NIAH_S050,42,None (frozen backbone),accuracy,0.0,15.2,294.94,frozen-checkpoint inference evaluation
B1,MK-NIAH,MK_NIAH_S050,42,None (frozen backbone),target_prob,0.3821,15.2,294.94,frozen-checkpoint inference evaluation
B1,MK-NIAH,MK_NIAH_S051,42,None (frozen backbone),accuracy,0.0,15.2,294.94,frozen-checkpoint inference evaluation
B1,MK-NIAH,MK_NIAH_S051,42,None (frozen backbone),target_prob,0.3933,15.2,294.94,frozen-checkpoint inference evaluation
B1,MK-NIAH,MK_NIAH_S052,42,None (frozen backbone),accuracy,0.0,15.2,294.94,frozen-checkpoint inference evaluation
B1,MK-NIAH,MK_NIAH_S052,42,None (frozen backbone),target_prob,0.3298,15.2,294.94,frozen-checkpoint inference evaluation
B1,MK-NIAH,MK_NIAH_S053,42,None (frozen backbone),accuracy,0.0,15.2,294.94,frozen-checkpoint inference evaluation
B1,MK-NIAH,MK_NIAH_S053,42,None (frozen backbone),target_prob,0.3398,15.2,294.94,frozen-checkpoint inference evaluation
B1,MK-NIAH,MK_NIAH_S054,42,None (frozen backbone),accuracy,0.0,15.2,294.94,frozen-checkpoint inference evaluation
B1,MK-NIAH,MK_NIAH_S054,42,None (frozen backbone),target_prob,0.2871,15.2,294.94,frozen-checkpoint inference evaluation
B1,MK-NIAH,MK_NIAH_S055,42,None (frozen backbone),accuracy,0.0,15.2,294.94,frozen-checkpoint inference evaluation
B1,MK-NIAH,MK_NIAH_S055,42,None (frozen backbone),target_prob,0.5537,15.2,294.94,frozen-checkpoint inference evaluation
B1,MK-NIAH,MK_NIAH_S056,42,None (frozen backbone),accuracy,0.0,15.2,294.94,frozen-checkpoint inference evaluation
B1,MK-NIAH,MK_NIAH_S056,42,None (frozen backbone),target_prob,0.3196,15.2,294.94,frozen-checkpoint inference evaluation
B1,MK-NIAH,MK_NIAH_S057,42,None (frozen backbone),accuracy,0.0,15.2,294.94,frozen-checkpoint inference evaluation
B1,MK-NIAH,MK_NIAH_S057,42,None (frozen backbone),target_prob,0.2686,15.2,294.94,frozen-checkpoint inference evaluation
B1,MK-NIAH,MK_NIAH_S058,42,None (frozen backbone),accuracy,0.0,15.2,294.94,frozen-checkpoint inference evaluation
B1,MK-NIAH,MK_NIAH_S058,42,None (frozen backbone),target_prob,0.2159,15.2,294.94,frozen-checkpoint inference evaluation
B1,MK-NIAH,MK_NIAH_S059,42,None (frozen backbone),accuracy,0.0,15.2,294.94,frozen-checkpoint inference evaluation
B1,MK-NIAH,MK_NIAH_S059,42,None (frozen backbone),target_prob,0.4026,15.2,294.94,frozen-checkpoint inference evaluation
B1,MK-NIAH,MK_NIAH_S060,42,None (frozen backbone),accuracy,0.0,15.2,294.94,frozen-checkpoint inference evaluation
B1,MK-NIAH,MK_NIAH_S060,42,None (frozen backbone),target_prob,0.303,15.2,294.94,frozen-checkpoint inference evaluation
B1,MK-NIAH,MK_NIAH_S061,42,None (frozen backbone),accuracy,0.0,15.2,294.94,frozen-checkpoint inference evaluation
B1,MK-NIAH,MK_NIAH_S061,42,None (frozen backbone),target_prob,0.4712,15.2,294.94,frozen-checkpoint inference evaluation
B1,MK-NIAH,MK_NIAH_S062,42,None (frozen backbone),accuracy,0.0,15.2,294.94,frozen-checkpoint inference evaluation
B1,MK-NIAH,MK_NIAH_S062,42,None (frozen backbone),target_prob,0.374,15.2,294.94,frozen-checkpoint inference evaluation
B1,MK-NIAH,MK_NIAH_S063,42,None (frozen backbone),accuracy,0.0,15.2,294.94,frozen-checkpoint inference evaluation
B1,MK-NIAH,MK_NIAH_S063,42,None (frozen backbone),target_prob,0.3618,15.2,294.94,frozen-checkpoint inference evaluation
B1,MK-NIAH,MK_NIAH_S064,42,None (frozen backbone),accuracy,0.0,15.2,294.94,frozen-checkpoint inference evaluation
B1,MK-NIAH,MK_NIAH_S064,42,None (frozen backbone),target_prob,0.449,15.2,294.94,frozen-checkpoint inference evaluation
B1,MK-NIAH,MK_NIAH_S065,42,None (frozen backbone),accuracy,0.0,15.2,294.94,frozen-checkpoint inference evaluation
B1,MK-NIAH,MK_NIAH_S065,42,None (frozen backbone),target_prob,0.4229,15.2,294.94,frozen-checkpoint inference evaluation
B1,MK-NIAH,MK_NIAH_S066,42,None (frozen backbone),accuracy,0.0,15.2,294.94,frozen-checkpoint inference evaluation
B1,MK-NIAH,MK_NIAH_S066,42,None (frozen backbone),target_prob,0.3259,15.2,294.94,frozen-checkpoint inference evaluation
B1,MK-NIAH,MK_NIAH_S067,42,None (frozen backbone),accuracy,0.0,15.2,294.94,frozen-checkpoint inference evaluation
B1,MK-NIAH,MK_NIAH_S067,42,None (frozen backbone),target_prob,0.3584,15.2,294.94,frozen-checkpoint inference evaluation
B1,MK-NIAH,MK_NIAH_S068,42,None (frozen backbone),accuracy,0.0,15.2,294.94,frozen-checkpoint inference evaluation
B1,MK-NIAH,MK_NIAH_S068,42,None (frozen backbone),target_prob,0.3057,15.2,294.94,frozen-checkpoint inference evaluation
B1,MK-NIAH,MK_NIAH_S069,42,None (frozen backbone),accuracy,0.0,15.2,294.94,frozen-checkpoint inference evaluation
B1,MK-NIAH,MK_NIAH_S069,42,None (frozen backbone),target_prob,0.3125,15.2,294.94,frozen-checkpoint inference evaluation
B1,MK-NIAH,MK_NIAH_S070,42,None (frozen backbone),accuracy,0.0,15.2,294.94,frozen-checkpoint inference evaluation
B1,MK-NIAH,MK_NIAH_S070,42,None (frozen backbone),target_prob,0.3711,15.2,294.94,frozen-checkpoint inference evaluation
B1,MK-NIAH,MK_NIAH_S071,42,None (frozen backbone),accuracy,0.0,15.2,294.94,frozen-checkpoint inference evaluation
B1,MK-NIAH,MK_NIAH_S071,42,None (frozen backbone),target_prob,0.3435,15.2,294.94,frozen-checkpoint inference evaluation
B1,MK-NIAH,MK_NIAH_S072,42,None (frozen backbone),accuracy,0.0,15.2,294.94,frozen-checkpoint inference evaluation
B1,MK-NIAH,MK_NIAH_S072,42,None (frozen backbone),target_prob,0.5884,15.2,294.94,frozen-checkpoint inference evaluation
B1,MK-NIAH,MK_NIAH_S073,42,None (frozen backbone),accuracy,0.0,15.2,294.94,frozen-checkpoint inference evaluation
B1,MK-NIAH,MK_NIAH_S073,42,None (frozen backbone),target_prob,0.3738,15.2,294.94,frozen-checkpoint inference evaluation
B1,MK-NIAH,MK_NIAH_S074,42,None (frozen backbone),accuracy,0.0,15.2,294.94,frozen-checkpoint inference evaluation
B1,MK-NIAH,MK_NIAH_S074,42,None (frozen backbone),target_prob,0.3772,15.2,294.94,frozen-checkpoint inference evaluation
B1,MK-NIAH,MK_NIAH_S075,42,None (frozen backbone),accuracy,0.0,15.2,294.94,frozen-checkpoint inference evaluation
B1,MK-NIAH,MK_NIAH_S075,42,None (frozen backbone),target_prob,0.4883,15.2,294.94,frozen-checkpoint inference evaluation
B1,MK-NIAH,MK_NIAH_S076,42,None (frozen backbone),accuracy,1.0,15.2,294.94,frozen-checkpoint inference evaluation
B1,MK-NIAH,MK_NIAH_S076,42,None (frozen backbone),target_prob,0.47,15.2,294.94,frozen-checkpoint inference evaluation
B1,MK-NIAH,MK_NIAH_S077,42,None (frozen backbone),accuracy,0.0,15.2,294.94,frozen-checkpoint inference evaluation
B1,MK-NIAH,MK_NIAH_S077,42,None (frozen backbone),target_prob,0.2891,15.2,294.94,frozen-checkpoint inference evaluation
B1,MK-NIAH,MK_NIAH_S078,42,None (frozen backbone),accuracy,1.0,15.2,294.94,frozen-checkpoint inference evaluation
B1,MK-NIAH,MK_NIAH_S078,42,None (frozen backbone),target_prob,0.4209,15.2,294.94,frozen-checkpoint inference evaluation
B1,MK-NIAH,MK_NIAH_S079,42,None (frozen backbone),accuracy,0.0,15.2,294.94,frozen-checkpoint inference evaluation
B1,MK-NIAH,MK_NIAH_S079,42,None (frozen backbone),target_prob,0.2783,15.2,294.94,frozen-checkpoint inference evaluation
B1,MK-NIAH,MK_NIAH_S080,42,None (frozen backbone),accuracy,0.0,15.2,294.94,frozen-checkpoint inference evaluation
B1,MK-NIAH,MK_NIAH_S080,42,None (frozen backbone),target_prob,0.3887,15.2,294.94,frozen-checkpoint inference evaluation
B1,MK-NIAH,MK_NIAH_S081,42,None (frozen backbone),accuracy,0.0,15.2,294.94,frozen-checkpoint inference evaluation
B1,MK-NIAH,MK_NIAH_S081,42,None (frozen backbone),target_prob,0.3608,15.2,294.94,frozen-checkpoint inference evaluation
B1,MK-NIAH,MK_NIAH_S082,42,None (frozen backbone),accuracy,0.0,15.2,294.94,frozen-checkpoint inference evaluation
B1,MK-NIAH,MK_NIAH_S082,42,None (frozen backbone),target_prob,0.2766,15.2,294.94,frozen-checkpoint inference evaluation
B1,MK-NIAH,MK_NIAH_S083,42,None (frozen backbone),accuracy,0.0,15.2,294.94,frozen-checkpoint inference evaluation
B1,MK-NIAH,MK_NIAH_S083,42,None (frozen backbone),target_prob,0.3442,15.2,294.94,frozen-checkpoint inference evaluation
B1,MK-NIAH,MK_NIAH_S084,42,None (frozen backbone),accuracy,0.0,15.2,294.94,frozen-checkpoint inference evaluation
B1,MK-NIAH,MK_NIAH_S084,42,None (frozen backbone),target_prob,0.3311,15.2,294.94,frozen-checkpoint inference evaluation
B1,MK-NIAH,MK_NIAH_S085,42,None (frozen backbone),accuracy,0.0,15.2,294.94,frozen-checkpoint inference evaluation
B1,MK-NIAH,MK_NIAH_S085,42,None (frozen backbone),target_prob,0.3308,15.2,294.94,frozen-checkpoint inference evaluation
B1,MK-NIAH,MK_NIAH_S086,42,None (frozen backbone),accuracy,0.0,15.2,294.94,frozen-checkpoint inference evaluation
B1,MK-NIAH,MK_NIAH_S086,42,None (frozen backbone),target_prob,0.3328,15.2,294.94,frozen-checkpoint inference evaluation
B1,MK-NIAH,MK_NIAH_S087,42,None (frozen backbone),accuracy,0.0,15.2,294.94,frozen-checkpoint inference evaluation
B1,MK-NIAH,MK_NIAH_S087,42,None (frozen backbone),target_prob,0.3979,15.2,294.94,frozen-checkpoint inference evaluation
B1,MK-NIAH,MK_NIAH_S088,42,None (frozen backbone),accuracy,0.0,15.2,294.94,frozen-checkpoint inference evaluation
B1,MK-NIAH,MK_NIAH_S088,42,None (frozen backbone),target_prob,0.3721,15.2,294.94,frozen-checkpoint inference evaluation
B1,MK-NIAH,MK_NIAH_S089,42,None (frozen backbone),accuracy,0.0,15.2,294.94,frozen-checkpoint inference evaluation
B1,MK-NIAH,MK_NIAH_S089,42,None (frozen backbone),target_prob,0.4241,15.2,294.94,frozen-checkpoint inference evaluation
B1,MK-NIAH,MK_NIAH_S090,42,None (frozen backbone),accuracy,0.0,15.2,294.94,frozen-checkpoint inference evaluation
B1,MK-NIAH,MK_NIAH_S090,42,None (frozen backbone),target_prob,0.3484,15.2,294.94,frozen-checkpoint inference evaluation
B1,MK-NIAH,MK_NIAH_S091,42,None (frozen backbone),accuracy,0.0,15.2,294.94,frozen-checkpoint inference evaluation
B1,MK-NIAH,MK_NIAH_S091,42,None (frozen backbone),target_prob,0.3337,15.2,294.94,frozen-checkpoint inference evaluation
B1,MK-NIAH,MK_NIAH_S092,42,None (frozen backbone),accuracy,0.0,15.2,294.94,frozen-checkpoint inference evaluation
B1,MK-NIAH,MK_NIAH_S092,42,None (frozen backbone),target_prob,0.3835,15.2,294.94,frozen-checkpoint inference evaluation
B1,MK-NIAH,MK_NIAH_S093,42,None (frozen backbone),accuracy,0.0,15.2,294.94,frozen-checkpoint inference evaluation
B1,MK-NIAH,MK_NIAH_S093,42,None (frozen backbone),target_prob,0.4197,15.2,294.94,frozen-checkpoint inference evaluation
B1,MK-NIAH,MK_NIAH_S094,42,None (frozen backbone),accuracy,0.0,15.2,294.94,frozen-checkpoint inference evaluation
B1,MK-NIAH,MK_NIAH_S094,42,None (frozen backbone),target_prob,0.3796,15.2,294.94,frozen-checkpoint inference evaluation
B1,MK-NIAH,MK_NIAH_S095,42,None (frozen backbone),accuracy,0.0,15.2,294.94,frozen-checkpoint inference evaluation
B1,MK-NIAH,MK_NIAH_S095,42,None (frozen backbone),target_prob,0.4097,15.2,294.94,frozen-checkpoint inference evaluation
B1,MK-NIAH,MK_NIAH_S096,42,None (frozen backbone),accuracy,0.0,15.2,294.94,frozen-checkpoint inference evaluation
B1,MK-NIAH,MK_NIAH_S096,42,None (frozen backbone),target_prob,0.314,15.2,294.94,frozen-checkpoint inference evaluation
B1,MK-NIAH,MK_NIAH_S097,42,None (frozen backbone),accuracy,0.0,15.2,294.94,frozen-checkpoint inference evaluation
B1,MK-NIAH,MK_NIAH_S097,42,None (frozen backbone),target_prob,0.4202,15.2,294.94,frozen-checkpoint inference evaluation
B1,MK-NIAH,MK_NIAH_S098,42,None (frozen backbone),accuracy,0.0,15.2,294.94,frozen-checkpoint inference evaluation
B1,MK-NIAH,MK_NIAH_S098,42,None (frozen backbone),target_prob,0.3853,15.2,294.94,frozen-checkpoint inference evaluation
B1,MK-NIAH,MK_NIAH_S099,42,None (frozen backbone),accuracy,0.0,15.2,294.94,frozen-checkpoint inference evaluation
B1,MK-NIAH,MK_NIAH_S099,42,None (frozen backbone),target_prob,0.3665,15.2,294.94,frozen-checkpoint inference evaluation
B4,MK-NIAH,MK_NIAH_S000,42,checkpoints/phase4_1/cms_1lvl_seed_42.pt,accuracy,0.0,15.2,328.78,frozen-checkpoint inference evaluation
B4,MK-NIAH,MK_NIAH_S000,42,checkpoints/phase4_1/cms_1lvl_seed_42.pt,target_prob,0.049,15.2,328.78,frozen-checkpoint inference evaluation
B4,MK-NIAH,MK_NIAH_S001,42,checkpoints/phase4_1/cms_1lvl_seed_42.pt,accuracy,0.0,15.2,328.78,frozen-checkpoint inference evaluation
B4,MK-NIAH,MK_NIAH_S001,42,checkpoints/phase4_1/cms_1lvl_seed_42.pt,target_prob,0.0645,15.2,328.78,frozen-checkpoint inference evaluation
B4,MK-NIAH,MK_NIAH_S002,42,checkpoints/phase4_1/cms_1lvl_seed_42.pt,accuracy,0.0,15.2,328.78,frozen-checkpoint inference evaluation
B4,MK-NIAH,MK_NIAH_S002,42,checkpoints/phase4_1/cms_1lvl_seed_42.pt,target_prob,0.0254,15.2,328.78,frozen-checkpoint inference evaluation
B4,MK-NIAH,MK_NIAH_S003,42,checkpoints/phase4_1/cms_1lvl_seed_42.pt,accuracy,0.0,15.2,328.78,frozen-checkpoint inference evaluation
B4,MK-NIAH,MK_NIAH_S003,42,checkpoints/phase4_1/cms_1lvl_seed_42.pt,target_prob,0.09,15.2,328.78,frozen-checkpoint inference evaluation
B4,MK-NIAH,MK_NIAH_S004,42,checkpoints/phase4_1/cms_1lvl_seed_42.pt,accuracy,0.0,15.2,328.78,frozen-checkpoint inference evaluation
B4,MK-NIAH,MK_NIAH_S004,42,checkpoints/phase4_1/cms_1lvl_seed_42.pt,target_prob,0.0565,15.2,328.78,frozen-checkpoint inference evaluation
B4,MK-NIAH,MK_NIAH_S005,42,checkpoints/phase4_1/cms_1lvl_seed_42.pt,accuracy,0.0,15.2,328.78,frozen-checkpoint inference evaluation
B4,MK-NIAH,MK_NIAH_S005,42,checkpoints/phase4_1/cms_1lvl_seed_42.pt,target_prob,0.0395,15.2,328.78,frozen-checkpoint inference evaluation
B4,MK-NIAH,MK_NIAH_S006,42,checkpoints/phase4_1/cms_1lvl_seed_42.pt,accuracy,0.0,15.2,328.78,frozen-checkpoint inference evaluation
B4,MK-NIAH,MK_NIAH_S006,42,checkpoints/phase4_1/cms_1lvl_seed_42.pt,target_prob,0.0258,15.2,328.78,frozen-checkpoint inference evaluation
B4,MK-NIAH,MK_NIAH_S007,42,checkpoints/phase4_1/cms_1lvl_seed_42.pt,accuracy,0.0,15.2,328.78,frozen-checkpoint inference evaluation
B4,MK-NIAH,MK_NIAH_S007,42,checkpoints/phase4_1/cms_1lvl_seed_42.pt,target_prob,0.0912,15.2,328.78,frozen-checkpoint inference evaluation
B4,MK-NIAH,MK_NIAH_S008,42,checkpoints/phase4_1/cms_1lvl_seed_42.pt,accuracy,0.0,15.2,328.78,frozen-checkpoint inference evaluation
B4,MK-NIAH,MK_NIAH_S008,42,checkpoints/phase4_1/cms_1lvl_seed_42.pt,target_prob,0.0245,15.2,328.78,frozen-checkpoint inference evaluation
B4,MK-NIAH,MK_NIAH_S009,42,checkpoints/phase4_1/cms_1lvl_seed_42.pt,accuracy,0.0,15.2,328.78,frozen-checkpoint inference evaluation
B4,MK-NIAH,MK_NIAH_S009,42,checkpoints/phase4_1/cms_1lvl_seed_42.pt,target_prob,0.0609,15.2,328.78,frozen-checkpoint inference evaluation
B4,MK-NIAH,MK_NIAH_S010,42,checkpoints/phase4_1/cms_1lvl_seed_42.pt,accuracy,0.0,15.2,328.78,frozen-checkpoint inference evaluation
B4,MK-NIAH,MK_NIAH_S010,42,checkpoints/phase4_1/cms_1lvl_seed_42.pt,target_prob,0.039,15.2,328.78,frozen-checkpoint inference evaluation
B4,MK-NIAH,MK_NIAH_S011,42,checkpoints/phase4_1/cms_1lvl_seed_42.pt,accuracy,0.0,15.2,328.78,frozen-checkpoint inference evaluation
B4,MK-NIAH,MK_NIAH_S011,42,checkpoints/phase4_1/cms_1lvl_seed_42.pt,target_prob,0.0344,15.2,328.78,frozen-checkpoint inference evaluation
B4,MK-NIAH,MK_NIAH_S012,42,checkpoints/phase4_1/cms_1lvl_seed_42.pt,accuracy,0.0,15.2,328.78,frozen-checkpoint inference evaluation
B4,MK-NIAH,MK_NIAH_S012,42,checkpoints/phase4_1/cms_1lvl_seed_42.pt,target_prob,0.0327,15.2,328.78,frozen-checkpoint inference evaluation
B4,MK-NIAH,MK_NIAH_S013,42,checkpoints/phase4_1/cms_1lvl_seed_42.pt,accuracy,0.0,15.2,328.78,frozen-checkpoint inference evaluation
B4,MK-NIAH,MK_NIAH_S013,42,checkpoints/phase4_1/cms_1lvl_seed_42.pt,target_prob,0.0663,15.2,328.78,frozen-checkpoint inference evaluation
B4,MK-NIAH,MK_NIAH_S014,42,checkpoints/phase4_1/cms_1lvl_seed_42.pt,accuracy,0.0,15.2,328.78,frozen-checkpoint inference evaluation
B4,MK-NIAH,MK_NIAH_S014,42,checkpoints/phase4_1/cms_1lvl_seed_42.pt,target_prob,0.0268,15.2,328.78,frozen-checkpoint inference evaluation
B4,MK-NIAH,MK_NIAH_S015,42,checkpoints/phase4_1/cms_1lvl_seed_42.pt,accuracy,0.0,15.2,328.78,frozen-checkpoint inference evaluation
B4,MK-NIAH,MK_NIAH_S015,42,checkpoints/phase4_1/cms_1lvl_seed_42.pt,target_prob,0.0282,15.2,328.78,frozen-checkpoint inference evaluation
B4,MK-NIAH,MK_NIAH_S016,42,checkpoints/phase4_1/cms_1lvl_seed_42.pt,accuracy,0.0,15.2,328.78,frozen-checkpoint inference evaluation
B4,MK-NIAH,MK_NIAH_S016,42,checkpoints/phase4_1/cms_1lvl_seed_42.pt,target_prob,0.0639,15.2,328.78,frozen-checkpoint inference evaluation
B4,MK-NIAH,MK_NIAH_S017,42,checkpoints/phase4_1/cms_1lvl_seed_42.pt,accuracy,0.0,15.2,328.78,frozen-checkpoint inference evaluation
B4,MK-NIAH,MK_NIAH_S017,42,checkpoints/phase4_1/cms_1lvl_seed_42.pt,target_prob,0.0632,15.2,328.78,frozen-checkpoint inference evaluation
B4,MK-NIAH,MK_NIAH_S018,42,checkpoints/phase4_1/cms_1lvl_seed_42.pt,accuracy,0.0,15.2,328.78,frozen-checkpoint inference evaluation
B4,MK-NIAH,MK_NIAH_S018,42,checkpoints/phase4_1/cms_1lvl_seed_42.pt,target_prob,0.0394,15.2,328.78,frozen-checkpoint inference evaluation
B4,MK-NIAH,MK_NIAH_S019,42,checkpoints/phase4_1/cms_1lvl_seed_42.pt,accuracy,0.0,15.2,328.78,frozen-checkpoint inference evaluation
B4,MK-NIAH,MK_NIAH_S019,42,checkpoints/phase4_1/cms_1lvl_seed_42.pt,target_prob,0.0501,15.2,328.78,frozen-checkpoint inference evaluation
B4,MK-NIAH,MK_NIAH_S020,42,checkpoints/phase4_1/cms_1lvl_seed_42.pt,accuracy,0.0,15.2,328.78,frozen-checkpoint inference evaluation
B4,MK-NIAH,MK_NIAH_S020,42,checkpoints/phase4_1/cms_1lvl_seed_42.pt,target_prob,0.0364,15.2,328.78,frozen-checkpoint inference evaluation
B4,MK-NIAH,MK_NIAH_S021,42,checkpoints/phase4_1/cms_1lvl_seed_42.pt,accuracy,0.0,15.2,328.78,frozen-checkpoint inference evaluation
B4,MK-NIAH,MK_NIAH_S021,42,checkpoints/phase4_1/cms_1lvl_seed_42.pt,target_prob,0.0399,15.2,328.78,frozen-checkpoint inference evaluation
B4,MK-NIAH,MK_NIAH_S022,42,checkpoints/phase4_1/cms_1lvl_seed_42.pt,accuracy,0.0,15.2,328.78,frozen-checkpoint inference evaluation
B4,MK-NIAH,MK_NIAH_S022,42,checkpoints/phase4_1/cms_1lvl_seed_42.pt,target_prob,0.0381,15.2,328.78,frozen-checkpoint inference evaluation
B4,MK-NIAH,MK_NIAH_S023,42,checkpoints/phase4_1/cms_1lvl_seed_42.pt,accuracy,0.0,15.2,328.78,frozen-checkpoint inference evaluation
B4,MK-NIAH,MK_NIAH_S023,42,checkpoints/phase4_1/cms_1lvl_seed_42.pt,target_prob,0.0246,15.2,328.78,frozen-checkpoint inference evaluation
B4,MK-NIAH,MK_NIAH_S024,42,checkpoints/phase4_1/cms_1lvl_seed_42.pt,accuracy,0.0,15.2,328.78,frozen-checkpoint inference evaluation
B4,MK-NIAH,MK_NIAH_S024,42,checkpoints/phase4_1/cms_1lvl_seed_42.pt,target_prob,0.062,15.2,328.78,frozen-checkpoint inference evaluation
B4,MK-NIAH,MK_NIAH_S025,42,checkpoints/phase4_1/cms_1lvl_seed_42.pt,accuracy,0.0,15.2,328.78,frozen-checkpoint inference evaluation
B4,MK-NIAH,MK_NIAH_S025,42,checkpoints/phase4_1/cms_1lvl_seed_42.pt,target_prob,0.0187,15.2,328.78,frozen-checkpoint inference evaluation
B4,MK-NIAH,MK_NIAH_S026,42,checkpoints/phase4_1/cms_1lvl_seed_42.pt,accuracy,0.0,15.2,328.78,frozen-checkpoint inference evaluation
B4,MK-NIAH,MK_NIAH_S026,42,checkpoints/phase4_1/cms_1lvl_seed_42.pt,target_prob,0.0443,15.2,328.78,frozen-checkpoint inference evaluation
B4,MK-NIAH,MK_NIAH_S027,42,checkpoints/phase4_1/cms_1lvl_seed_42.pt,accuracy,0.0,15.2,328.78,frozen-checkpoint inference evaluation
B4,MK-NIAH,MK_NIAH_S027,42,checkpoints/phase4_1/cms_1lvl_seed_42.pt,target_prob,0.0181,15.2,328.78,frozen-checkpoint inference evaluation
B4,MK-NIAH,MK_NIAH_S028,42,checkpoints/phase4_1/cms_1lvl_seed_42.pt,accuracy,0.0,15.2,328.78,frozen-checkpoint inference evaluation
B4,MK-NIAH,MK_NIAH_S028,42,checkpoints/phase4_1/cms_1lvl_seed_42.pt,target_prob,0.0408,15.2,328.78,frozen-checkpoint inference evaluation
B4,MK-NIAH,MK_NIAH_S029,42,checkpoints/phase4_1/cms_1lvl_seed_42.pt,accuracy,0.0,15.2,328.78,frozen-checkpoint inference evaluation
B4,MK-NIAH,MK_NIAH_S029,42,checkpoints/phase4_1/cms_1lvl_seed_42.pt,target_prob,0.0598,15.2,328.78,frozen-checkpoint inference evaluation
B4,MK-NIAH,MK_NIAH_S030,42,checkpoints/phase4_1/cms_1lvl_seed_42.pt,accuracy,0.0,15.2,328.78,frozen-checkpoint inference evaluation
B4,MK-NIAH,MK_NIAH_S030,42,checkpoints/phase4_1/cms_1lvl_seed_42.pt,target_prob,0.0597,15.2,328.78,frozen-checkpoint inference evaluation
B4,MK-NIAH,MK_NIAH_S031,42,checkpoints/phase4_1/cms_1lvl_seed_42.pt,accuracy,0.0,15.2,328.78,frozen-checkpoint inference evaluation
B4,MK-NIAH,MK_NIAH_S031,42,checkpoints/phase4_1/cms_1lvl_seed_42.pt,target_prob,0.0643,15.2,328.78,frozen-checkpoint inference evaluation
B4,MK-NIAH,MK_NIAH_S032,42,checkpoints/phase4_1/cms_1lvl_seed_42.pt,accuracy,0.0,15.2,328.78,frozen-checkpoint inference evaluation
B4,MK-NIAH,MK_NIAH_S032,42,checkpoints/phase4_1/cms_1lvl_seed_42.pt,target_prob,0.0614,15.2,328.78,frozen-checkpoint inference evaluation
B4,MK-NIAH,MK_NIAH_S033,42,checkpoints/phase4_1/cms_1lvl_seed_42.pt,accuracy,0.0,15.2,328.78,frozen-checkpoint inference evaluation
B4,MK-NIAH,MK_NIAH_S033,42,checkpoints/phase4_1/cms_1lvl_seed_42.pt,target_prob,0.0616,15.2,328.78,frozen-checkpoint inference evaluation
B4,MK-NIAH,MK_NIAH_S034,42,checkpoints/phase4_1/cms_1lvl_seed_42.pt,accuracy,0.0,15.2,328.78,frozen-checkpoint inference evaluation
B4,MK-NIAH,MK_NIAH_S034,42,checkpoints/phase4_1/cms_1lvl_seed_42.pt,target_prob,0.0291,15.2,328.78,frozen-checkpoint inference evaluation
B4,MK-NIAH,MK_NIAH_S035,42,checkpoints/phase4_1/cms_1lvl_seed_42.pt,accuracy,0.0,15.2,328.78,frozen-checkpoint inference evaluation
B4,MK-NIAH,MK_NIAH_S035,42,checkpoints/phase4_1/cms_1lvl_seed_42.pt,target_prob,0.0363,15.2,328.78,frozen-checkpoint inference evaluation
B4,MK-NIAH,MK_NIAH_S036,42,checkpoints/phase4_1/cms_1lvl_seed_42.pt,accuracy,0.0,15.2,328.78,frozen-checkpoint inference evaluation
B4,MK-NIAH,MK_NIAH_S036,42,checkpoints/phase4_1/cms_1lvl_seed_42.pt,target_prob,0.058,15.2,328.78,frozen-checkpoint inference evaluation
B4,MK-NIAH,MK_NIAH_S037,42,checkpoints/phase4_1/cms_1lvl_seed_42.pt,accuracy,0.0,15.2,328.78,frozen-checkpoint inference evaluation
B4,MK-NIAH,MK_NIAH_S037,42,checkpoints/phase4_1/cms_1lvl_seed_42.pt,target_prob,0.0589,15.2,328.78,frozen-checkpoint inference evaluation
B4,MK-NIAH,MK_NIAH_S038,42,checkpoints/phase4_1/cms_1lvl_seed_42.pt,accuracy,0.0,15.2,328.78,frozen-checkpoint inference evaluation
B4,MK-NIAH,MK_NIAH_S038,42,checkpoints/phase4_1/cms_1lvl_seed_42.pt,target_prob,0.0183,15.2,328.78,frozen-checkpoint inference evaluation
B4,MK-NIAH,MK_NIAH_S039,42,checkpoints/phase4_1/cms_1lvl_seed_42.pt,accuracy,0.0,15.2,328.78,frozen-checkpoint inference evaluation
B4,MK-NIAH,MK_NIAH_S039,42,checkpoints/phase4_1/cms_1lvl_seed_42.pt,target_prob,0.0165,15.2,328.78,frozen-checkpoint inference evaluation
B4,MK-NIAH,MK_NIAH_S040,42,checkpoints/phase4_1/cms_1lvl_seed_42.pt,accuracy,0.0,15.2,328.78,frozen-checkpoint inference evaluation
B4,MK-NIAH,MK_NIAH_S040,42,checkpoints/phase4_1/cms_1lvl_seed_42.pt,target_prob,0.0342,15.2,328.78,frozen-checkpoint inference evaluation
B4,MK-NIAH,MK_NIAH_S041,42,checkpoints/phase4_1/cms_1lvl_seed_42.pt,accuracy,0.0,15.2,328.78,frozen-checkpoint inference evaluation
B4,MK-NIAH,MK_NIAH_S041,42,checkpoints/phase4_1/cms_1lvl_seed_42.pt,target_prob,0.0663,15.2,328.78,frozen-checkpoint inference evaluation
B4,MK-NIAH,MK_NIAH_S042,42,checkpoints/phase4_1/cms_1lvl_seed_42.pt,accuracy,0.0,15.2,328.78,frozen-checkpoint inference evaluation
B4,MK-NIAH,MK_NIAH_S042,42,checkpoints/phase4_1/cms_1lvl_seed_42.pt,target_prob,0.0179,15.2,328.78,frozen-checkpoint inference evaluation
B4,MK-NIAH,MK_NIAH_S043,42,checkpoints/phase4_1/cms_1lvl_seed_42.pt,accuracy,0.0,15.2,328.78,frozen-checkpoint inference evaluation
B4,MK-NIAH,MK_NIAH_S043,42,checkpoints/phase4_1/cms_1lvl_seed_42.pt,target_prob,0.0262,15.2,328.78,frozen-checkpoint inference evaluation
B4,MK-NIAH,MK_NIAH_S044,42,checkpoints/phase4_1/cms_1lvl_seed_42.pt,accuracy,0.0,15.2,328.78,frozen-checkpoint inference evaluation
B4,MK-NIAH,MK_NIAH_S044,42,checkpoints/phase4_1/cms_1lvl_seed_42.pt,target_prob,0.0167,15.2,328.78,frozen-checkpoint inference evaluation
B4,MK-NIAH,MK_NIAH_S045,42,checkpoints/phase4_1/cms_1lvl_seed_42.pt,accuracy,0.0,15.2,328.78,frozen-checkpoint inference evaluation
B4,MK-NIAH,MK_NIAH_S045,42,checkpoints/phase4_1/cms_1lvl_seed_42.pt,target_prob,0.0401,15.2,328.78,frozen-checkpoint inference evaluation
B4,MK-NIAH,MK_NIAH_S046,42,checkpoints/phase4_1/cms_1lvl_seed_42.pt,accuracy,0.0,15.2,328.78,frozen-checkpoint inference evaluation
B4,MK-NIAH,MK_NIAH_S046,42,checkpoints/phase4_1/cms_1lvl_seed_42.pt,target_prob,0.0524,15.2,328.78,frozen-checkpoint inference evaluation
B4,MK-NIAH,MK_NIAH_S047,42,checkpoints/phase4_1/cms_1lvl_seed_42.pt,accuracy,0.0,15.2,328.78,frozen-checkpoint inference evaluation
B4,MK-NIAH,MK_NIAH_S047,42,checkpoints/phase4_1/cms_1lvl_seed_42.pt,target_prob,0.0367,15.2,328.78,frozen-checkpoint inference evaluation
B4,MK-NIAH,MK_NIAH_S048,42,checkpoints/phase4_1/cms_1lvl_seed_42.pt,accuracy,0.0,15.2,328.78,frozen-checkpoint inference evaluation
B4,MK-NIAH,MK_NIAH_S048,42,checkpoints/phase4_1/cms_1lvl_seed_42.pt,target_prob,0.0688,15.2,328.78,frozen-checkpoint inference evaluation
B4,MK-NIAH,MK_NIAH_S049,42,checkpoints/phase4_1/cms_1lvl_seed_42.pt,accuracy,0.0,15.2,328.78,frozen-checkpoint inference evaluation
B4,MK-NIAH,MK_NIAH_S049,42,checkpoints/phase4_1/cms_1lvl_seed_42.pt,target_prob,0.0288,15.2,328.78,frozen-checkpoint inference evaluation
B4,MK-NIAH,MK_NIAH_S050,42,checkpoints/phase4_1/cms_1lvl_seed_42.pt,accuracy,0.0,15.2,328.78,frozen-checkpoint inference evaluation
B4,MK-NIAH,MK_NIAH_S050,42,checkpoints/phase4_1/cms_1lvl_seed_42.pt,target_prob,0.0175,15.2,328.78,frozen-checkpoint inference evaluation
B4,MK-NIAH,MK_NIAH_S051,42,checkpoints/phase4_1/cms_1lvl_seed_42.pt,accuracy,0.0,15.2,328.78,frozen-checkpoint inference evaluation
B4,MK-NIAH,MK_NIAH_S051,42,checkpoints/phase4_1/cms_1lvl_seed_42.pt,target_prob,0.034,15.2,328.78,frozen-checkpoint inference evaluation
B4,MK-NIAH,MK_NIAH_S052,42,checkpoints/phase4_1/cms_1lvl_seed_42.pt,accuracy,0.0,15.2,328.78,frozen-checkpoint inference evaluation
B4,MK-NIAH,MK_NIAH_S052,42,checkpoints/phase4_1/cms_1lvl_seed_42.pt,target_prob,0.0403,15.2,328.78,frozen-checkpoint inference evaluation
B4,MK-NIAH,MK_NIAH_S053,42,checkpoints/phase4_1/cms_1lvl_seed_42.pt,accuracy,0.0,15.2,328.78,frozen-checkpoint inference evaluation
B4,MK-NIAH,MK_NIAH_S053,42,checkpoints/phase4_1/cms_1lvl_seed_42.pt,target_prob,0.0394,15.2,328.78,frozen-checkpoint inference evaluation
B4,MK-NIAH,MK_NIAH_S054,42,checkpoints/phase4_1/cms_1lvl_seed_42.pt,accuracy,0.0,15.2,328.78,frozen-checkpoint inference evaluation
B4,MK-NIAH,MK_NIAH_S054,42,checkpoints/phase4_1/cms_1lvl_seed_42.pt,target_prob,0.0358,15.2,328.78,frozen-checkpoint inference evaluation
B4,MK-NIAH,MK_NIAH_S055,42,checkpoints/phase4_1/cms_1lvl_seed_42.pt,accuracy,0.0,15.2,328.78,frozen-checkpoint inference evaluation
B4,MK-NIAH,MK_NIAH_S055,42,checkpoints/phase4_1/cms_1lvl_seed_42.pt,target_prob,0.0646,15.2,328.78,frozen-checkpoint inference evaluation
B4,MK-NIAH,MK_NIAH_S056,42,checkpoints/phase4_1/cms_1lvl_seed_42.pt,accuracy,0.0,15.2,328.78,frozen-checkpoint inference evaluation
B4,MK-NIAH,MK_NIAH_S056,42,checkpoints/phase4_1/cms_1lvl_seed_42.pt,target_prob,0.0368,15.2,328.78,frozen-checkpoint inference evaluation
B4,MK-NIAH,MK_NIAH_S057,42,checkpoints/phase4_1/cms_1lvl_seed_42.pt,accuracy,0.0,15.2,328.78,frozen-checkpoint inference evaluation
B4,MK-NIAH,MK_NIAH_S057,42,checkpoints/phase4_1/cms_1lvl_seed_42.pt,target_prob,0.0166,15.2,328.78,frozen-checkpoint inference evaluation
B4,MK-NIAH,MK_NIAH_S058,42,checkpoints/phase4_1/cms_1lvl_seed_42.pt,accuracy,0.0,15.2,328.78,frozen-checkpoint inference evaluation
B4,MK-NIAH,MK_NIAH_S058,42,checkpoints/phase4_1/cms_1lvl_seed_42.pt,target_prob,0.0653,15.2,328.78,frozen-checkpoint inference evaluation
B4,MK-NIAH,MK_NIAH_S059,42,checkpoints/phase4_1/cms_1lvl_seed_42.pt,accuracy,0.0,15.2,328.78,frozen-checkpoint inference evaluation
B4,MK-NIAH,MK_NIAH_S059,42,checkpoints/phase4_1/cms_1lvl_seed_42.pt,target_prob,0.0509,15.2,328.78,frozen-checkpoint inference evaluation
B4,MK-NIAH,MK_NIAH_S060,42,checkpoints/phase4_1/cms_1lvl_seed_42.pt,accuracy,0.0,15.2,328.78,frozen-checkpoint inference evaluation
B4,MK-NIAH,MK_NIAH_S060,42,checkpoints/phase4_1/cms_1lvl_seed_42.pt,target_prob,0.0592,15.2,328.78,frozen-checkpoint inference evaluation
B4,MK-NIAH,MK_NIAH_S061,42,checkpoints/phase4_1/cms_1lvl_seed_42.pt,accuracy,0.0,15.2,328.78,frozen-checkpoint inference evaluation
B4,MK-NIAH,MK_NIAH_S061,42,checkpoints/phase4_1/cms_1lvl_seed_42.pt,target_prob,0.0257,15.2,328.78,frozen-checkpoint inference evaluation
B4,MK-NIAH,MK_NIAH_S062,42,checkpoints/phase4_1/cms_1lvl_seed_42.pt,accuracy,0.0,15.2,328.78,frozen-checkpoint inference evaluation
B4,MK-NIAH,MK_NIAH_S062,42,checkpoints/phase4_1/cms_1lvl_seed_42.pt,target_prob,0.0499,15.2,328.78,frozen-checkpoint inference evaluation
B4,MK-NIAH,MK_NIAH_S063,42,checkpoints/phase4_1/cms_1lvl_seed_42.pt,accuracy,0.0,15.2,328.78,frozen-checkpoint inference evaluation
B4,MK-NIAH,MK_NIAH_S063,42,checkpoints/phase4_1/cms_1lvl_seed_42.pt,target_prob,0.0421,15.2,328.78,frozen-checkpoint inference evaluation
B4,MK-NIAH,MK_NIAH_S064,42,checkpoints/phase4_1/cms_1lvl_seed_42.pt,accuracy,0.0,15.2,328.78,frozen-checkpoint inference evaluation
B4,MK-NIAH,MK_NIAH_S064,42,checkpoints/phase4_1/cms_1lvl_seed_42.pt,target_prob,0.0379,15.2,328.78,frozen-checkpoint inference evaluation
B4,MK-NIAH,MK_NIAH_S065,42,checkpoints/phase4_1/cms_1lvl_seed_42.pt,accuracy,0.0,15.2,328.78,frozen-checkpoint inference evaluation
B4,MK-NIAH,MK_NIAH_S065,42,checkpoints/phase4_1/cms_1lvl_seed_42.pt,target_prob,0.089,15.2,328.78,frozen-checkpoint inference evaluation
B4,MK-NIAH,MK_NIAH_S066,42,checkpoints/phase4_1/cms_1lvl_seed_42.pt,accuracy,0.0,15.2,328.78,frozen-checkpoint inference evaluation
B4,MK-NIAH,MK_NIAH_S066,42,checkpoints/phase4_1/cms_1lvl_seed_42.pt,target_prob,0.0383,15.2,328.78,frozen-checkpoint inference evaluation
B4,MK-NIAH,MK_NIAH_S067,42,checkpoints/phase4_1/cms_1lvl_seed_42.pt,accuracy,0.0,15.2,328.78,frozen-checkpoint inference evaluation
B4,MK-NIAH,MK_NIAH_S067,42,checkpoints/phase4_1/cms_1lvl_seed_42.pt,target_prob,0.042,15.2,328.78,frozen-checkpoint inference evaluation
B4,MK-NIAH,MK_NIAH_S068,42,checkpoints/phase4_1/cms_1lvl_seed_42.pt,accuracy,0.0,15.2,328.78,frozen-checkpoint inference evaluation
B4,MK-NIAH,MK_NIAH_S068,42,checkpoints/phase4_1/cms_1lvl_seed_42.pt,target_prob,0.0603,15.2,328.78,frozen-checkpoint inference evaluation
B4,MK-NIAH,MK_NIAH_S069,42,checkpoints/phase4_1/cms_1lvl_seed_42.pt,accuracy,0.0,15.2,328.78,frozen-checkpoint inference evaluation
B4,MK-NIAH,MK_NIAH_S069,42,checkpoints/phase4_1/cms_1lvl_seed_42.pt,target_prob,0.0536,15.2,328.78,frozen-checkpoint inference evaluation
B4,MK-NIAH,MK_NIAH_S070,42,checkpoints/phase4_1/cms_1lvl_seed_42.pt,accuracy,0.0,15.2,328.78,frozen-checkpoint inference evaluation
B4,MK-NIAH,MK_NIAH_S070,42,checkpoints/phase4_1/cms_1lvl_seed_42.pt,target_prob,0.0622,15.2,328.78,frozen-checkpoint inference evaluation
B4,MK-NIAH,MK_NIAH_S071,42,checkpoints/phase4_1/cms_1lvl_seed_42.pt,accuracy,0.0,15.2,328.78,frozen-checkpoint inference evaluation
B4,MK-NIAH,MK_NIAH_S071,42,checkpoints/phase4_1/cms_1lvl_seed_42.pt,target_prob,0.0355,15.2,328.78,frozen-checkpoint inference evaluation
B4,MK-NIAH,MK_NIAH_S072,42,checkpoints/phase4_1/cms_1lvl_seed_42.pt,accuracy,0.0,15.2,328.78,frozen-checkpoint inference evaluation
B4,MK-NIAH,MK_NIAH_S072,42,checkpoints/phase4_1/cms_1lvl_seed_42.pt,target_prob,0.0916,15.2,328.78,frozen-checkpoint inference evaluation
B4,MK-NIAH,MK_NIAH_S073,42,checkpoints/phase4_1/cms_1lvl_seed_42.pt,accuracy,0.0,15.2,328.78,frozen-checkpoint inference evaluation
B4,MK-NIAH,MK_NIAH_S073,42,checkpoints/phase4_1/cms_1lvl_seed_42.pt,target_prob,0.0402,15.2,328.78,frozen-checkpoint inference evaluation
B4,MK-NIAH,MK_NIAH_S074,42,checkpoints/phase4_1/cms_1lvl_seed_42.pt,accuracy,0.0,15.2,328.78,frozen-checkpoint inference evaluation
B4,MK-NIAH,MK_NIAH_S074,42,checkpoints/phase4_1/cms_1lvl_seed_42.pt,target_prob,0.045,15.2,328.78,frozen-checkpoint inference evaluation
B4,MK-NIAH,MK_NIAH_S075,42,checkpoints/phase4_1/cms_1lvl_seed_42.pt,accuracy,0.0,15.2,328.78,frozen-checkpoint inference evaluation
B4,MK-NIAH,MK_NIAH_S075,42,checkpoints/phase4_1/cms_1lvl_seed_42.pt,target_prob,0.0441,15.2,328.78,frozen-checkpoint inference evaluation
B4,MK-NIAH,MK_NIAH_S076,42,checkpoints/phase4_1/cms_1lvl_seed_42.pt,accuracy,0.0,15.2,328.78,frozen-checkpoint inference evaluation
B4,MK-NIAH,MK_NIAH_S076,42,checkpoints/phase4_1/cms_1lvl_seed_42.pt,target_prob,0.0543,15.2,328.78,frozen-checkpoint inference evaluation
B4,MK-NIAH,MK_NIAH_S077,42,checkpoints/phase4_1/cms_1lvl_seed_42.pt,accuracy,0.0,15.2,328.78,frozen-checkpoint inference evaluation
B4,MK-NIAH,MK_NIAH_S077,42,checkpoints/phase4_1/cms_1lvl_seed_42.pt,target_prob,0.0626,15.2,328.78,frozen-checkpoint inference evaluation
B4,MK-NIAH,MK_NIAH_S078,42,checkpoints/phase4_1/cms_1lvl_seed_42.pt,accuracy,0.0,15.2,328.78,frozen-checkpoint inference evaluation
B4,MK-NIAH,MK_NIAH_S078,42,checkpoints/phase4_1/cms_1lvl_seed_42.pt,target_prob,0.0638,15.2,328.78,frozen-checkpoint inference evaluation
B4,MK-NIAH,MK_NIAH_S079,42,checkpoints/phase4_1/cms_1lvl_seed_42.pt,accuracy,0.0,15.2,328.78,frozen-checkpoint inference evaluation
B4,MK-NIAH,MK_NIAH_S079,42,checkpoints/phase4_1/cms_1lvl_seed_42.pt,target_prob,0.0321,15.2,328.78,frozen-checkpoint inference evaluation
B4,MK-NIAH,MK_NIAH_S080,42,checkpoints/phase4_1/cms_1lvl_seed_42.pt,accuracy,0.0,15.2,328.78,frozen-checkpoint inference evaluation
B4,MK-NIAH,MK_NIAH_S080,42,checkpoints/phase4_1/cms_1lvl_seed_42.pt,target_prob,0.0416,15.2,328.78,frozen-checkpoint inference evaluation
B4,MK-NIAH,MK_NIAH_S081,42,checkpoints/phase4_1/cms_1lvl_seed_42.pt,accuracy,0.0,15.2,328.78,frozen-checkpoint inference evaluation
B4,MK-NIAH,MK_NIAH_S081,42,checkpoints/phase4_1/cms_1lvl_seed_42.pt,target_prob,0.0602,15.2,328.78,frozen-checkpoint inference evaluation
B4,MK-NIAH,MK_NIAH_S082,42,checkpoints/phase4_1/cms_1lvl_seed_42.pt,accuracy,0.0,15.2,328.78,frozen-checkpoint inference evaluation
B4,MK-NIAH,MK_NIAH_S082,42,checkpoints/phase4_1/cms_1lvl_seed_42.pt,target_prob,0.0281,15.2,328.78,frozen-checkpoint inference evaluation
B4,MK-NIAH,MK_NIAH_S083,42,checkpoints/phase4_1/cms_1lvl_seed_42.pt,accuracy,0.0,15.2,328.78,frozen-checkpoint inference evaluation
B4,MK-NIAH,MK_NIAH_S083,42,checkpoints/phase4_1/cms_1lvl_seed_42.pt,target_prob,0.0171,15.2,328.78,frozen-checkpoint inference evaluation
B4,MK-NIAH,MK_NIAH_S084,42,checkpoints/phase4_1/cms_1lvl_seed_42.pt,accuracy,0.0,15.2,328.78,frozen-checkpoint inference evaluation
B4,MK-NIAH,MK_NIAH_S084,42,checkpoints/phase4_1/cms_1lvl_seed_42.pt,target_prob,0.0516,15.2,328.78,frozen-checkpoint inference evaluation
B4,MK-NIAH,MK_NIAH_S085,42,checkpoints/phase4_1/cms_1lvl_seed_42.pt,accuracy,0.0,15.2,328.78,frozen-checkpoint inference evaluation
B4,MK-NIAH,MK_NIAH_S085,42,checkpoints/phase4_1/cms_1lvl_seed_42.pt,target_prob,0.0643,15.2,328.78,frozen-checkpoint inference evaluation
B4,MK-NIAH,MK_NIAH_S086,42,checkpoints/phase4_1/cms_1lvl_seed_42.pt,accuracy,0.0,15.2,328.78,frozen-checkpoint inference evaluation
B4,MK-NIAH,MK_NIAH_S086,42,checkpoints/phase4_1/cms_1lvl_seed_42.pt,target_prob,0.0302,15.2,328.78,frozen-checkpoint inference evaluation
B4,MK-NIAH,MK_NIAH_S087,42,checkpoints/phase4_1/cms_1lvl_seed_42.pt,accuracy,0.0,15.2,328.78,frozen-checkpoint inference evaluation
B4,MK-NIAH,MK_NIAH_S087,42,checkpoints/phase4_1/cms_1lvl_seed_42.pt,target_prob,0.0394,15.2,328.78,frozen-checkpoint inference evaluation
B4,MK-NIAH,MK_NIAH_S088,42,checkpoints/phase4_1/cms_1lvl_seed_42.pt,accuracy,0.0,15.2,328.78,frozen-checkpoint inference evaluation
B4,MK-NIAH,MK_NIAH_S088,42,checkpoints/phase4_1/cms_1lvl_seed_42.pt,target_prob,0.0164,15.2,328.78,frozen-checkpoint inference evaluation
B4,MK-NIAH,MK_NIAH_S089,42,checkpoints/phase4_1/cms_1lvl_seed_42.pt,accuracy,0.0,15.2,328.78,frozen-checkpoint inference evaluation
B4,MK-NIAH,MK_NIAH_S089,42,checkpoints/phase4_1/cms_1lvl_seed_42.pt,target_prob,0.0404,15.2,328.78,frozen-checkpoint inference evaluation
B4,MK-NIAH,MK_NIAH_S090,42,checkpoints/phase4_1/cms_1lvl_seed_42.pt,accuracy,0.0,15.2,328.78,frozen-checkpoint inference evaluation
B4,MK-NIAH,MK_NIAH_S090,42,checkpoints/phase4_1/cms_1lvl_seed_42.pt,target_prob,0.054,15.2,328.78,frozen-checkpoint inference evaluation
B4,MK-NIAH,MK_NIAH_S091,42,checkpoints/phase4_1/cms_1lvl_seed_42.pt,accuracy,0.0,15.2,328.78,frozen-checkpoint inference evaluation
B4,MK-NIAH,MK_NIAH_S091,42,checkpoints/phase4_1/cms_1lvl_seed_42.pt,target_prob,0.0365,15.2,328.78,frozen-checkpoint inference evaluation
B4,MK-NIAH,MK_NIAH_S092,42,checkpoints/phase4_1/cms_1lvl_seed_42.pt,accuracy,0.0,15.2,328.78,frozen-checkpoint inference evaluation
B4,MK-NIAH,MK_NIAH_S092,42,checkpoints/phase4_1/cms_1lvl_seed_42.pt,target_prob,0.0316,15.2,328.78,frozen-checkpoint inference evaluation
B4,MK-NIAH,MK_NIAH_S093,42,checkpoints/phase4_1/cms_1lvl_seed_42.pt,accuracy,0.0,15.2,328.78,frozen-checkpoint inference evaluation
B4,MK-NIAH,MK_NIAH_S093,42,checkpoints/phase4_1/cms_1lvl_seed_42.pt,target_prob,0.0359,15.2,328.78,frozen-checkpoint inference evaluation
B4,MK-NIAH,MK_NIAH_S094,42,checkpoints/phase4_1/cms_1lvl_seed_42.pt,accuracy,0.0,15.2,328.78,frozen-checkpoint inference evaluation
B4,MK-NIAH,MK_NIAH_S094,42,checkpoints/phase4_1/cms_1lvl_seed_42.pt,target_prob,0.0271,15.2,328.78,frozen-checkpoint inference evaluation
B4,MK-NIAH,MK_NIAH_S095,42,checkpoints/phase4_1/cms_1lvl_seed_42.pt,accuracy,0.0,15.2,328.78,frozen-checkpoint inference evaluation
B4,MK-NIAH,MK_NIAH_S095,42,checkpoints/phase4_1/cms_1lvl_seed_42.pt,target_prob,0.0246,15.2,328.78,frozen-checkpoint inference evaluation
B4,MK-NIAH,MK_NIAH_S096,42,checkpoints/phase4_1/cms_1lvl_seed_42.pt,accuracy,0.0,15.2,328.78,frozen-checkpoint inference evaluation
B4,MK-NIAH,MK_NIAH_S096,42,checkpoints/phase4_1/cms_1lvl_seed_42.pt,target_prob,0.0861,15.2,328.78,frozen-checkpoint inference evaluation
B4,MK-NIAH,MK_NIAH_S097,42,checkpoints/phase4_1/cms_1lvl_seed_42.pt,accuracy,0.0,15.2,328.78,frozen-checkpoint inference evaluation
B4,MK-NIAH,MK_NIAH_S097,42,checkpoints/phase4_1/cms_1lvl_seed_42.pt,target_prob,0.0262,15.2,328.78,frozen-checkpoint inference evaluation
B4,MK-NIAH,MK_NIAH_S098,42,checkpoints/phase4_1/cms_1lvl_seed_42.pt,accuracy,0.0,15.2,328.78,frozen-checkpoint inference evaluation
B4,MK-NIAH,MK_NIAH_S098,42,checkpoints/phase4_1/cms_1lvl_seed_42.pt,target_prob,0.044,15.2,328.78,frozen-checkpoint inference evaluation
B4,MK-NIAH,MK_NIAH_S099,42,checkpoints/phase4_1/cms_1lvl_seed_42.pt,accuracy,0.0,15.2,328.78,frozen-checkpoint inference evaluation
B4,MK-NIAH,MK_NIAH_S099,42,checkpoints/phase4_1/cms_1lvl_seed_42.pt,target_prob,0.0621,15.2,328.78,frozen-checkpoint inference evaluation
B5,MK-NIAH,MK_NIAH_S000,42,checkpoints/phase4_1/cms_3lvl_seed_42.pt,accuracy,0.0,15.2,361.22,frozen-checkpoint inference evaluation
B5,MK-NIAH,MK_NIAH_S000,42,checkpoints/phase4_1/cms_3lvl_seed_42.pt,target_prob,0.0165,15.2,361.22,frozen-checkpoint inference evaluation
B5,MK-NIAH,MK_NIAH_S001,42,checkpoints/phase4_1/cms_3lvl_seed_42.pt,accuracy,0.0,15.2,361.22,frozen-checkpoint inference evaluation
B5,MK-NIAH,MK_NIAH_S001,42,checkpoints/phase4_1/cms_3lvl_seed_42.pt,target_prob,0.0367,15.2,361.22,frozen-checkpoint inference evaluation
B5,MK-NIAH,MK_NIAH_S002,42,checkpoints/phase4_1/cms_3lvl_seed_42.pt,accuracy,0.0,15.2,361.22,frozen-checkpoint inference evaluation
B5,MK-NIAH,MK_NIAH_S002,42,checkpoints/phase4_1/cms_3lvl_seed_42.pt,target_prob,0.0279,15.2,361.22,frozen-checkpoint inference evaluation
B5,MK-NIAH,MK_NIAH_S003,42,checkpoints/phase4_1/cms_3lvl_seed_42.pt,accuracy,0.0,15.2,361.22,frozen-checkpoint inference evaluation
B5,MK-NIAH,MK_NIAH_S003,42,checkpoints/phase4_1/cms_3lvl_seed_42.pt,target_prob,0.0325,15.2,361.22,frozen-checkpoint inference evaluation
B5,MK-NIAH,MK_NIAH_S004,42,checkpoints/phase4_1/cms_3lvl_seed_42.pt,accuracy,0.0,15.2,361.22,frozen-checkpoint inference evaluation
B5,MK-NIAH,MK_NIAH_S004,42,checkpoints/phase4_1/cms_3lvl_seed_42.pt,target_prob,0.0173,15.2,361.22,frozen-checkpoint inference evaluation
B5,MK-NIAH,MK_NIAH_S005,42,checkpoints/phase4_1/cms_3lvl_seed_42.pt,accuracy,0.0,15.2,361.22,frozen-checkpoint inference evaluation
B5,MK-NIAH,MK_NIAH_S005,42,checkpoints/phase4_1/cms_3lvl_seed_42.pt,target_prob,0.0229,15.2,361.22,frozen-checkpoint inference evaluation
B5,MK-NIAH,MK_NIAH_S006,42,checkpoints/phase4_1/cms_3lvl_seed_42.pt,accuracy,0.0,15.2,361.22,frozen-checkpoint inference evaluation
B5,MK-NIAH,MK_NIAH_S006,42,checkpoints/phase4_1/cms_3lvl_seed_42.pt,target_prob,0.0258,15.2,361.22,frozen-checkpoint inference evaluation
B5,MK-NIAH,MK_NIAH_S007,42,checkpoints/phase4_1/cms_3lvl_seed_42.pt,accuracy,0.0,15.2,361.22,frozen-checkpoint inference evaluation
B5,MK-NIAH,MK_NIAH_S007,42,checkpoints/phase4_1/cms_3lvl_seed_42.pt,target_prob,0.0356,15.2,361.22,frozen-checkpoint inference evaluation
B5,MK-NIAH,MK_NIAH_S008,42,checkpoints/phase4_1/cms_3lvl_seed_42.pt,accuracy,0.0,15.2,361.22,frozen-checkpoint inference evaluation
B5,MK-NIAH,MK_NIAH_S008,42,checkpoints/phase4_1/cms_3lvl_seed_42.pt,target_prob,0.0247,15.2,361.22,frozen-checkpoint inference evaluation
B5,MK-NIAH,MK_NIAH_S009,42,checkpoints/phase4_1/cms_3lvl_seed_42.pt,accuracy,0.0,15.2,361.22,frozen-checkpoint inference evaluation
B5,MK-NIAH,MK_NIAH_S009,42,checkpoints/phase4_1/cms_3lvl_seed_42.pt,target_prob,0.0308,15.2,361.22,frozen-checkpoint inference evaluation
B5,MK-NIAH,MK_NIAH_S010,42,checkpoints/phase4_1/cms_3lvl_seed_42.pt,accuracy,0.0,15.2,361.22,frozen-checkpoint inference evaluation
B5,MK-NIAH,MK_NIAH_S010,42,checkpoints/phase4_1/cms_3lvl_seed_42.pt,target_prob,0.0229,15.2,361.22,frozen-checkpoint inference evaluation
B5,MK-NIAH,MK_NIAH_S011,42,checkpoints/phase4_1/cms_3lvl_seed_42.pt,accuracy,0.0,15.2,361.22,frozen-checkpoint inference evaluation
B5,MK-NIAH,MK_NIAH_S011,42,checkpoints/phase4_1/cms_3lvl_seed_42.pt,target_prob,0.0255,15.2,361.22,frozen-checkpoint inference evaluation
B5,MK-NIAH,MK_NIAH_S012,42,checkpoints/phase4_1/cms_3lvl_seed_42.pt,accuracy,0.0,15.2,361.22,frozen-checkpoint inference evaluation
B5,MK-NIAH,MK_NIAH_S012,42,checkpoints/phase4_1/cms_3lvl_seed_42.pt,target_prob,0.0187,15.2,361.22,frozen-checkpoint inference evaluation
B5,MK-NIAH,MK_NIAH_S013,42,checkpoints/phase4_1/cms_3lvl_seed_42.pt,accuracy,0.0,15.2,361.22,frozen-checkpoint inference evaluation
B5,MK-NIAH,MK_NIAH_S013,42,checkpoints/phase4_1/cms_3lvl_seed_42.pt,target_prob,0.0246,15.2,361.22,frozen-checkpoint inference evaluation
B5,MK-NIAH,MK_NIAH_S014,42,checkpoints/phase4_1/cms_3lvl_seed_42.pt,accuracy,0.0,15.2,361.22,frozen-checkpoint inference evaluation
B5,MK-NIAH,MK_NIAH_S014,42,checkpoints/phase4_1/cms_3lvl_seed_42.pt,target_prob,0.0292,15.2,361.22,frozen-checkpoint inference evaluation
B5,MK-NIAH,MK_NIAH_S015,42,checkpoints/phase4_1/cms_3lvl_seed_42.pt,accuracy,0.0,15.2,361.22,frozen-checkpoint inference evaluation
B5,MK-NIAH,MK_NIAH_S015,42,checkpoints/phase4_1/cms_3lvl_seed_42.pt,target_prob,0.0142,15.2,361.22,frozen-checkpoint inference evaluation
B5,MK-NIAH,MK_NIAH_S016,42,checkpoints/phase4_1/cms_3lvl_seed_42.pt,accuracy,0.0,15.2,361.22,frozen-checkpoint inference evaluation
B5,MK-NIAH,MK_NIAH_S016,42,checkpoints/phase4_1/cms_3lvl_seed_42.pt,target_prob,0.0343,15.2,361.22,frozen-checkpoint inference evaluation
B5,MK-NIAH,MK_NIAH_S017,42,checkpoints/phase4_1/cms_3lvl_seed_42.pt,accuracy,0.0,15.2,361.22,frozen-checkpoint inference evaluation
B5,MK-NIAH,MK_NIAH_S017,42,checkpoints/phase4_1/cms_3lvl_seed_42.pt,target_prob,0.022,15.2,361.22,frozen-checkpoint inference evaluation
B5,MK-NIAH,MK_NIAH_S018,42,checkpoints/phase4_1/cms_3lvl_seed_42.pt,accuracy,0.0,15.2,361.22,frozen-checkpoint inference evaluation
B5,MK-NIAH,MK_NIAH_S018,42,checkpoints/phase4_1/cms_3lvl_seed_42.pt,target_prob,0.0067,15.2,361.22,frozen-checkpoint inference evaluation
B5,MK-NIAH,MK_NIAH_S019,42,checkpoints/phase4_1/cms_3lvl_seed_42.pt,accuracy,0.0,15.2,361.22,frozen-checkpoint inference evaluation
B5,MK-NIAH,MK_NIAH_S019,42,checkpoints/phase4_1/cms_3lvl_seed_42.pt,target_prob,0.0157,15.2,361.22,frozen-checkpoint inference evaluation
B5,MK-NIAH,MK_NIAH_S020,42,checkpoints/phase4_1/cms_3lvl_seed_42.pt,accuracy,0.0,15.2,361.22,frozen-checkpoint inference evaluation
B5,MK-NIAH,MK_NIAH_S020,42,checkpoints/phase4_1/cms_3lvl_seed_42.pt,target_prob,0.021,15.2,361.22,frozen-checkpoint inference evaluation
B5,MK-NIAH,MK_NIAH_S021,42,checkpoints/phase4_1/cms_3lvl_seed_42.pt,accuracy,0.0,15.2,361.22,frozen-checkpoint inference evaluation
B5,MK-NIAH,MK_NIAH_S021,42,checkpoints/phase4_1/cms_3lvl_seed_42.pt,target_prob,0.0228,15.2,361.22,frozen-checkpoint inference evaluation
B5,MK-NIAH,MK_NIAH_S022,42,checkpoints/phase4_1/cms_3lvl_seed_42.pt,accuracy,0.0,15.2,361.22,frozen-checkpoint inference evaluation
B5,MK-NIAH,MK_NIAH_S022,42,checkpoints/phase4_1/cms_3lvl_seed_42.pt,target_prob,0.0217,15.2,361.22,frozen-checkpoint inference evaluation
B5,MK-NIAH,MK_NIAH_S023,42,checkpoints/phase4_1/cms_3lvl_seed_42.pt,accuracy,0.0,15.2,361.22,frozen-checkpoint inference evaluation
B5,MK-NIAH,MK_NIAH_S023,42,checkpoints/phase4_1/cms_3lvl_seed_42.pt,target_prob,0.0239,15.2,361.22,frozen-checkpoint inference evaluation
B5,MK-NIAH,MK_NIAH_S024,42,checkpoints/phase4_1/cms_3lvl_seed_42.pt,accuracy,0.0,15.2,361.22,frozen-checkpoint inference evaluation
B5,MK-NIAH,MK_NIAH_S024,42,checkpoints/phase4_1/cms_3lvl_seed_42.pt,target_prob,0.0336,15.2,361.22,frozen-checkpoint inference evaluation
B5,MK-NIAH,MK_NIAH_S025,42,checkpoints/phase4_1/cms_3lvl_seed_42.pt,accuracy,0.0,15.2,361.22,frozen-checkpoint inference evaluation
B5,MK-NIAH,MK_NIAH_S025,42,checkpoints/phase4_1/cms_3lvl_seed_42.pt,target_prob,0.0164,15.2,361.22,frozen-checkpoint inference evaluation
B5,MK-NIAH,MK_NIAH_S026,42,checkpoints/phase4_1/cms_3lvl_seed_42.pt,accuracy,0.0,15.2,361.22,frozen-checkpoint inference evaluation
B5,MK-NIAH,MK_NIAH_S026,42,checkpoints/phase4_1/cms_3lvl_seed_42.pt,target_prob,0.0251,15.2,361.22,frozen-checkpoint inference evaluation
B5,MK-NIAH,MK_NIAH_S027,42,checkpoints/phase4_1/cms_3lvl_seed_42.pt,accuracy,0.0,15.2,361.22,frozen-checkpoint inference evaluation
B5,MK-NIAH,MK_NIAH_S027,42,checkpoints/phase4_1/cms_3lvl_seed_42.pt,target_prob,0.0149,15.2,361.22,frozen-checkpoint inference evaluation
B5,MK-NIAH,MK_NIAH_S028,42,checkpoints/phase4_1/cms_3lvl_seed_42.pt,accuracy,0.0,15.2,361.22,frozen-checkpoint inference evaluation
B5,MK-NIAH,MK_NIAH_S028,42,checkpoints/phase4_1/cms_3lvl_seed_42.pt,target_prob,0.007,15.2,361.22,frozen-checkpoint inference evaluation
B5,MK-NIAH,MK_NIAH_S029,42,checkpoints/phase4_1/cms_3lvl_seed_42.pt,accuracy,0.0,15.2,361.22,frozen-checkpoint inference evaluation
B5,MK-NIAH,MK_NIAH_S029,42,checkpoints/phase4_1/cms_3lvl_seed_42.pt,target_prob,0.0204,15.2,361.22,frozen-checkpoint inference evaluation
B5,MK-NIAH,MK_NIAH_S030,42,checkpoints/phase4_1/cms_3lvl_seed_42.pt,accuracy,0.0,15.2,361.22,frozen-checkpoint inference evaluation
B5,MK-NIAH,MK_NIAH_S030,42,checkpoints/phase4_1/cms_3lvl_seed_42.pt,target_prob,0.0328,15.2,361.22,frozen-checkpoint inference evaluation
B5,MK-NIAH,MK_NIAH_S031,42,checkpoints/phase4_1/cms_3lvl_seed_42.pt,accuracy,0.0,15.2,361.22,frozen-checkpoint inference evaluation
B5,MK-NIAH,MK_NIAH_S031,42,checkpoints/phase4_1/cms_3lvl_seed_42.pt,target_prob,0.0215,15.2,361.22,frozen-checkpoint inference evaluation
B5,MK-NIAH,MK_NIAH_S032,42,checkpoints/phase4_1/cms_3lvl_seed_42.pt,accuracy,0.0,15.2,361.22,frozen-checkpoint inference evaluation
B5,MK-NIAH,MK_NIAH_S032,42,checkpoints/phase4_1/cms_3lvl_seed_42.pt,target_prob,0.0348,15.2,361.22,frozen-checkpoint inference evaluation
B5,MK-NIAH,MK_NIAH_S033,42,checkpoints/phase4_1/cms_3lvl_seed_42.pt,accuracy,0.0,15.2,361.22,frozen-checkpoint inference evaluation
B5,MK-NIAH,MK_NIAH_S033,42,checkpoints/phase4_1/cms_3lvl_seed_42.pt,target_prob,0.0335,15.2,361.22,frozen-checkpoint inference evaluation
B5,MK-NIAH,MK_NIAH_S034,42,checkpoints/phase4_1/cms_3lvl_seed_42.pt,accuracy,0.0,15.2,361.22,frozen-checkpoint inference evaluation
B5,MK-NIAH,MK_NIAH_S034,42,checkpoints/phase4_1/cms_3lvl_seed_42.pt,target_prob,0.0156,15.2,361.22,frozen-checkpoint inference evaluation
B5,MK-NIAH,MK_NIAH_S035,42,checkpoints/phase4_1/cms_3lvl_seed_42.pt,accuracy,0.0,15.2,361.22,frozen-checkpoint inference evaluation
B5,MK-NIAH,MK_NIAH_S035,42,checkpoints/phase4_1/cms_3lvl_seed_42.pt,target_prob,0.0287,15.2,361.22,frozen-checkpoint inference evaluation
B5,MK-NIAH,MK_NIAH_S036,42,checkpoints/phase4_1/cms_3lvl_seed_42.pt,accuracy,0.0,15.2,361.22,frozen-checkpoint inference evaluation
B5,MK-NIAH,MK_NIAH_S036,42,checkpoints/phase4_1/cms_3lvl_seed_42.pt,target_prob,0.0204,15.2,361.22,frozen-checkpoint inference evaluation
B5,MK-NIAH,MK_NIAH_S037,42,checkpoints/phase4_1/cms_3lvl_seed_42.pt,accuracy,0.0,15.2,361.22,frozen-checkpoint inference evaluation
B5,MK-NIAH,MK_NIAH_S037,42,checkpoints/phase4_1/cms_3lvl_seed_42.pt,target_prob,0.0304,15.2,361.22,frozen-checkpoint inference evaluation
B5,MK-NIAH,MK_NIAH_S038,42,checkpoints/phase4_1/cms_3lvl_seed_42.pt,accuracy,0.0,15.2,361.22,frozen-checkpoint inference evaluation
B5,MK-NIAH,MK_NIAH_S038,42,checkpoints/phase4_1/cms_3lvl_seed_42.pt,target_prob,0.0155,15.2,361.22,frozen-checkpoint inference evaluation
B5,MK-NIAH,MK_NIAH_S039,42,checkpoints/phase4_1/cms_3lvl_seed_42.pt,accuracy,0.0,15.2,361.22,frozen-checkpoint inference evaluation
B5,MK-NIAH,MK_NIAH_S039,42,checkpoints/phase4_1/cms_3lvl_seed_42.pt,target_prob,0.0123,15.2,361.22,frozen-checkpoint inference evaluation
B5,MK-NIAH,MK_NIAH_S040,42,checkpoints/phase4_1/cms_3lvl_seed_42.pt,accuracy,0.0,15.2,361.22,frozen-checkpoint inference evaluation
B5,MK-NIAH,MK_NIAH_S040,42,checkpoints/phase4_1/cms_3lvl_seed_42.pt,target_prob,0.0149,15.2,361.22,frozen-checkpoint inference evaluation
B5,MK-NIAH,MK_NIAH_S041,42,checkpoints/phase4_1/cms_3lvl_seed_42.pt,accuracy,0.0,15.2,361.22,frozen-checkpoint inference evaluation
B5,MK-NIAH,MK_NIAH_S041,42,checkpoints/phase4_1/cms_3lvl_seed_42.pt,target_prob,0.0245,15.2,361.22,frozen-checkpoint inference evaluation
B5,MK-NIAH,MK_NIAH_S042,42,checkpoints/phase4_1/cms_3lvl_seed_42.pt,accuracy,0.0,15.2,361.22,frozen-checkpoint inference evaluation
B5,MK-NIAH,MK_NIAH_S042,42,checkpoints/phase4_1/cms_3lvl_seed_42.pt,target_prob,0.0145,15.2,361.22,frozen-checkpoint inference evaluation
B5,MK-NIAH,MK_NIAH_S043,42,checkpoints/phase4_1/cms_3lvl_seed_42.pt,accuracy,0.0,15.2,361.22,frozen-checkpoint inference evaluation
B5,MK-NIAH,MK_NIAH_S043,42,checkpoints/phase4_1/cms_3lvl_seed_42.pt,target_prob,0.0287,15.2,361.22,frozen-checkpoint inference evaluation
B5,MK-NIAH,MK_NIAH_S044,42,checkpoints/phase4_1/cms_3lvl_seed_42.pt,accuracy,0.0,15.2,361.22,frozen-checkpoint inference evaluation
B5,MK-NIAH,MK_NIAH_S044,42,checkpoints/phase4_1/cms_3lvl_seed_42.pt,target_prob,0.0138,15.2,361.22,frozen-checkpoint inference evaluation
B5,MK-NIAH,MK_NIAH_S045,42,checkpoints/phase4_1/cms_3lvl_seed_42.pt,accuracy,0.0,15.2,361.22,frozen-checkpoint inference evaluation
B5,MK-NIAH,MK_NIAH_S045,42,checkpoints/phase4_1/cms_3lvl_seed_42.pt,target_prob,0.007,15.2,361.22,frozen-checkpoint inference evaluation
B5,MK-NIAH,MK_NIAH_S046,42,checkpoints/phase4_1/cms_3lvl_seed_42.pt,accuracy,0.0,15.2,361.22,frozen-checkpoint inference evaluation
B5,MK-NIAH,MK_NIAH_S046,42,checkpoints/phase4_1/cms_3lvl_seed_42.pt,target_prob,0.0175,15.2,361.22,frozen-checkpoint inference evaluation
B5,MK-NIAH,MK_NIAH_S047,42,checkpoints/phase4_1/cms_3lvl_seed_42.pt,accuracy,0.0,15.2,361.22,frozen-checkpoint inference evaluation
B5,MK-NIAH,MK_NIAH_S047,42,checkpoints/phase4_1/cms_3lvl_seed_42.pt,target_prob,0.0167,15.2,361.22,frozen-checkpoint inference evaluation
B5,MK-NIAH,MK_NIAH_S048,42,checkpoints/phase4_1/cms_3lvl_seed_42.pt,accuracy,0.0,15.2,361.22,frozen-checkpoint inference evaluation
B5,MK-NIAH,MK_NIAH_S048,42,checkpoints/phase4_1/cms_3lvl_seed_42.pt,target_prob,0.0421,15.2,361.22,frozen-checkpoint inference evaluation
B5,MK-NIAH,MK_NIAH_S049,42,checkpoints/phase4_1/cms_3lvl_seed_42.pt,accuracy,0.0,15.2,361.22,frozen-checkpoint inference evaluation
B5,MK-NIAH,MK_NIAH_S049,42,checkpoints/phase4_1/cms_3lvl_seed_42.pt,target_prob,0.0139,15.2,361.22,frozen-checkpoint inference evaluation
B5,MK-NIAH,MK_NIAH_S050,42,checkpoints/phase4_1/cms_3lvl_seed_42.pt,accuracy,0.0,15.2,361.22,frozen-checkpoint inference evaluation
B5,MK-NIAH,MK_NIAH_S050,42,checkpoints/phase4_1/cms_3lvl_seed_42.pt,target_prob,0.0148,15.2,361.22,frozen-checkpoint inference evaluation
B5,MK-NIAH,MK_NIAH_S051,42,checkpoints/phase4_1/cms_3lvl_seed_42.pt,accuracy,0.0,15.2,361.22,frozen-checkpoint inference evaluation
B5,MK-NIAH,MK_NIAH_S051,42,checkpoints/phase4_1/cms_3lvl_seed_42.pt,target_prob,0.0278,15.2,361.22,frozen-checkpoint inference evaluation
B5,MK-NIAH,MK_NIAH_S052,42,checkpoints/phase4_1/cms_3lvl_seed_42.pt,accuracy,0.0,15.2,361.22,frozen-checkpoint inference evaluation
B5,MK-NIAH,MK_NIAH_S052,42,checkpoints/phase4_1/cms_3lvl_seed_42.pt,target_prob,0.0243,15.2,361.22,frozen-checkpoint inference evaluation
B5,MK-NIAH,MK_NIAH_S053,42,checkpoints/phase4_1/cms_3lvl_seed_42.pt,accuracy,0.0,15.2,361.22,frozen-checkpoint inference evaluation
B5,MK-NIAH,MK_NIAH_S053,42,checkpoints/phase4_1/cms_3lvl_seed_42.pt,target_prob,0.034,15.2,361.22,frozen-checkpoint inference evaluation
B5,MK-NIAH,MK_NIAH_S054,42,checkpoints/phase4_1/cms_3lvl_seed_42.pt,accuracy,0.0,15.2,361.22,frozen-checkpoint inference evaluation
B5,MK-NIAH,MK_NIAH_S054,42,checkpoints/phase4_1/cms_3lvl_seed_42.pt,target_prob,0.018,15.2,361.22,frozen-checkpoint inference evaluation
B5,MK-NIAH,MK_NIAH_S055,42,checkpoints/phase4_1/cms_3lvl_seed_42.pt,accuracy,0.0,15.2,361.22,frozen-checkpoint inference evaluation
B5,MK-NIAH,MK_NIAH_S055,42,checkpoints/phase4_1/cms_3lvl_seed_42.pt,target_prob,0.0282,15.2,361.22,frozen-checkpoint inference evaluation
B5,MK-NIAH,MK_NIAH_S056,42,checkpoints/phase4_1/cms_3lvl_seed_42.pt,accuracy,0.0,15.2,361.22,frozen-checkpoint inference evaluation
B5,MK-NIAH,MK_NIAH_S056,42,checkpoints/phase4_1/cms_3lvl_seed_42.pt,target_prob,0.018,15.2,361.22,frozen-checkpoint inference evaluation
B5,MK-NIAH,MK_NIAH_S057,42,checkpoints/phase4_1/cms_3lvl_seed_42.pt,accuracy,0.0,15.2,361.22,frozen-checkpoint inference evaluation
B5,MK-NIAH,MK_NIAH_S057,42,checkpoints/phase4_1/cms_3lvl_seed_42.pt,target_prob,0.0128,15.2,361.22,frozen-checkpoint inference evaluation
B5,MK-NIAH,MK_NIAH_S058,42,checkpoints/phase4_1/cms_3lvl_seed_42.pt,accuracy,0.0,15.2,361.22,frozen-checkpoint inference evaluation
B5,MK-NIAH,MK_NIAH_S058,42,checkpoints/phase4_1/cms_3lvl_seed_42.pt,target_prob,0.0398,15.2,361.22,frozen-checkpoint inference evaluation
B5,MK-NIAH,MK_NIAH_S059,42,checkpoints/phase4_1/cms_3lvl_seed_42.pt,accuracy,0.0,15.2,361.22,frozen-checkpoint inference evaluation
B5,MK-NIAH,MK_NIAH_S059,42,checkpoints/phase4_1/cms_3lvl_seed_42.pt,target_prob,0.0163,15.2,361.22,frozen-checkpoint inference evaluation
B5,MK-NIAH,MK_NIAH_S060,42,checkpoints/phase4_1/cms_3lvl_seed_42.pt,accuracy,0.0,15.2,361.22,frozen-checkpoint inference evaluation
B5,MK-NIAH,MK_NIAH_S060,42,checkpoints/phase4_1/cms_3lvl_seed_42.pt,target_prob,0.032,15.2,361.22,frozen-checkpoint inference evaluation
B5,MK-NIAH,MK_NIAH_S061,42,checkpoints/phase4_1/cms_3lvl_seed_42.pt,accuracy,0.0,15.2,361.22,frozen-checkpoint inference evaluation
B5,MK-NIAH,MK_NIAH_S061,42,checkpoints/phase4_1/cms_3lvl_seed_42.pt,target_prob,0.026,15.2,361.22,frozen-checkpoint inference evaluation
B5,MK-NIAH,MK_NIAH_S062,42,checkpoints/phase4_1/cms_3lvl_seed_42.pt,accuracy,0.0,15.2,361.22,frozen-checkpoint inference evaluation
B5,MK-NIAH,MK_NIAH_S062,42,checkpoints/phase4_1/cms_3lvl_seed_42.pt,target_prob,0.0178,15.2,361.22,frozen-checkpoint inference evaluation
B5,MK-NIAH,MK_NIAH_S063,42,checkpoints/phase4_1/cms_3lvl_seed_42.pt,accuracy,0.0,15.2,361.22,frozen-checkpoint inference evaluation
B5,MK-NIAH,MK_NIAH_S063,42,checkpoints/phase4_1/cms_3lvl_seed_42.pt,target_prob,0.0276,15.2,361.22,frozen-checkpoint inference evaluation
B5,MK-NIAH,MK_NIAH_S064,42,checkpoints/phase4_1/cms_3lvl_seed_42.pt,accuracy,0.0,15.2,361.22,frozen-checkpoint inference evaluation
B5,MK-NIAH,MK_NIAH_S064,42,checkpoints/phase4_1/cms_3lvl_seed_42.pt,target_prob,0.006,15.2,361.22,frozen-checkpoint inference evaluation
B5,MK-NIAH,MK_NIAH_S065,42,checkpoints/phase4_1/cms_3lvl_seed_42.pt,accuracy,0.0,15.2,361.22,frozen-checkpoint inference evaluation
B5,MK-NIAH,MK_NIAH_S065,42,checkpoints/phase4_1/cms_3lvl_seed_42.pt,target_prob,0.0309,15.2,361.22,frozen-checkpoint inference evaluation
B5,MK-NIAH,MK_NIAH_S066,42,checkpoints/phase4_1/cms_3lvl_seed_42.pt,accuracy,0.0,15.2,361.22,frozen-checkpoint inference evaluation
B5,MK-NIAH,MK_NIAH_S066,42,checkpoints/phase4_1/cms_3lvl_seed_42.pt,target_prob,0.0201,15.2,361.22,frozen-checkpoint inference evaluation
B5,MK-NIAH,MK_NIAH_S067,42,checkpoints/phase4_1/cms_3lvl_seed_42.pt,accuracy,0.0,15.2,361.22,frozen-checkpoint inference evaluation
B5,MK-NIAH,MK_NIAH_S067,42,checkpoints/phase4_1/cms_3lvl_seed_42.pt,target_prob,0.0078,15.2,361.22,frozen-checkpoint inference evaluation
B5,MK-NIAH,MK_NIAH_S068,42,checkpoints/phase4_1/cms_3lvl_seed_42.pt,accuracy,0.0,15.2,361.22,frozen-checkpoint inference evaluation
B5,MK-NIAH,MK_NIAH_S068,42,checkpoints/phase4_1/cms_3lvl_seed_42.pt,target_prob,0.0374,15.2,361.22,frozen-checkpoint inference evaluation
B5,MK-NIAH,MK_NIAH_S069,42,checkpoints/phase4_1/cms_3lvl_seed_42.pt,accuracy,0.0,15.2,361.22,frozen-checkpoint inference evaluation
B5,MK-NIAH,MK_NIAH_S069,42,checkpoints/phase4_1/cms_3lvl_seed_42.pt,target_prob,0.0177,15.2,361.22,frozen-checkpoint inference evaluation
B5,MK-NIAH,MK_NIAH_S070,42,checkpoints/phase4_1/cms_3lvl_seed_42.pt,accuracy,0.0,15.2,361.22,frozen-checkpoint inference evaluation
B5,MK-NIAH,MK_NIAH_S070,42,checkpoints/phase4_1/cms_3lvl_seed_42.pt,target_prob,0.0314,15.2,361.22,frozen-checkpoint inference evaluation
B5,MK-NIAH,MK_NIAH_S071,42,checkpoints/phase4_1/cms_3lvl_seed_42.pt,accuracy,0.0,15.2,361.22,frozen-checkpoint inference evaluation
B5,MK-NIAH,MK_NIAH_S071,42,checkpoints/phase4_1/cms_3lvl_seed_42.pt,target_prob,0.0292,15.2,361.22,frozen-checkpoint inference evaluation
B5,MK-NIAH,MK_NIAH_S072,42,checkpoints/phase4_1/cms_3lvl_seed_42.pt,accuracy,0.0,15.2,361.22,frozen-checkpoint inference evaluation
B5,MK-NIAH,MK_NIAH_S072,42,checkpoints/phase4_1/cms_3lvl_seed_42.pt,target_prob,0.0372,15.2,361.22,frozen-checkpoint inference evaluation
B5,MK-NIAH,MK_NIAH_S073,42,checkpoints/phase4_1/cms_3lvl_seed_42.pt,accuracy,0.0,15.2,361.22,frozen-checkpoint inference evaluation
B5,MK-NIAH,MK_NIAH_S073,42,checkpoints/phase4_1/cms_3lvl_seed_42.pt,target_prob,0.0077,15.2,361.22,frozen-checkpoint inference evaluation
B5,MK-NIAH,MK_NIAH_S074,42,checkpoints/phase4_1/cms_3lvl_seed_42.pt,accuracy,0.0,15.2,361.22,frozen-checkpoint inference evaluation
B5,MK-NIAH,MK_NIAH_S074,42,checkpoints/phase4_1/cms_3lvl_seed_42.pt,target_prob,0.0102,15.2,361.22,frozen-checkpoint inference evaluation
B5,MK-NIAH,MK_NIAH_S075,42,checkpoints/phase4_1/cms_3lvl_seed_42.pt,accuracy,0.0,15.2,361.22,frozen-checkpoint inference evaluation
B5,MK-NIAH,MK_NIAH_S075,42,checkpoints/phase4_1/cms_3lvl_seed_42.pt,target_prob,0.0075,15.2,361.22,frozen-checkpoint inference evaluation
B5,MK-NIAH,MK_NIAH_S076,42,checkpoints/phase4_1/cms_3lvl_seed_42.pt,accuracy,0.0,15.2,361.22,frozen-checkpoint inference evaluation
B5,MK-NIAH,MK_NIAH_S076,42,checkpoints/phase4_1/cms_3lvl_seed_42.pt,target_prob,0.0182,15.2,361.22,frozen-checkpoint inference evaluation
B5,MK-NIAH,MK_NIAH_S077,42,checkpoints/phase4_1/cms_3lvl_seed_42.pt,accuracy,0.0,15.2,361.22,frozen-checkpoint inference evaluation
B5,MK-NIAH,MK_NIAH_S077,42,checkpoints/phase4_1/cms_3lvl_seed_42.pt,target_prob,0.0353,15.2,361.22,frozen-checkpoint inference evaluation
B5,MK-NIAH,MK_NIAH_S078,42,checkpoints/phase4_1/cms_3lvl_seed_42.pt,accuracy,0.0,15.2,361.22,frozen-checkpoint inference evaluation
B5,MK-NIAH,MK_NIAH_S078,42,checkpoints/phase4_1/cms_3lvl_seed_42.pt,target_prob,0.0343,15.2,361.22,frozen-checkpoint inference evaluation
B5,MK-NIAH,MK_NIAH_S079,42,checkpoints/phase4_1/cms_3lvl_seed_42.pt,accuracy,0.0,15.2,361.22,frozen-checkpoint inference evaluation
B5,MK-NIAH,MK_NIAH_S079,42,checkpoints/phase4_1/cms_3lvl_seed_42.pt,target_prob,0.0247,15.2,361.22,frozen-checkpoint inference evaluation
B5,MK-NIAH,MK_NIAH_S080,42,checkpoints/phase4_1/cms_3lvl_seed_42.pt,accuracy,0.0,15.2,361.22,frozen-checkpoint inference evaluation
B5,MK-NIAH,MK_NIAH_S080,42,checkpoints/phase4_1/cms_3lvl_seed_42.pt,target_prob,0.0242,15.2,361.22,frozen-checkpoint inference evaluation
B5,MK-NIAH,MK_NIAH_S081,42,checkpoints/phase4_1/cms_3lvl_seed_42.pt,accuracy,0.0,15.2,361.22,frozen-checkpoint inference evaluation
B5,MK-NIAH,MK_NIAH_S081,42,checkpoints/phase4_1/cms_3lvl_seed_42.pt,target_prob,0.0321,15.2,361.22,frozen-checkpoint inference evaluation
B5,MK-NIAH,MK_NIAH_S082,42,checkpoints/phase4_1/cms_3lvl_seed_42.pt,accuracy,0.0,15.2,361.22,frozen-checkpoint inference evaluation
B5,MK-NIAH,MK_NIAH_S082,42,checkpoints/phase4_1/cms_3lvl_seed_42.pt,target_prob,0.0151,15.2,361.22,frozen-checkpoint inference evaluation
B5,MK-NIAH,MK_NIAH_S083,42,checkpoints/phase4_1/cms_3lvl_seed_42.pt,accuracy,0.0,15.2,361.22,frozen-checkpoint inference evaluation
B5,MK-NIAH,MK_NIAH_S083,42,checkpoints/phase4_1/cms_3lvl_seed_42.pt,target_prob,0.0142,15.2,361.22,frozen-checkpoint inference evaluation
B5,MK-NIAH,MK_NIAH_S084,42,checkpoints/phase4_1/cms_3lvl_seed_42.pt,accuracy,0.0,15.2,361.22,frozen-checkpoint inference evaluation
B5,MK-NIAH,MK_NIAH_S084,42,checkpoints/phase4_1/cms_3lvl_seed_42.pt,target_prob,0.0197,15.2,361.22,frozen-checkpoint inference evaluation
B5,MK-NIAH,MK_NIAH_S085,42,checkpoints/phase4_1/cms_3lvl_seed_42.pt,accuracy,0.0,15.2,361.22,frozen-checkpoint inference evaluation
B5,MK-NIAH,MK_NIAH_S085,42,checkpoints/phase4_1/cms_3lvl_seed_42.pt,target_prob,0.0214,15.2,361.22,frozen-checkpoint inference evaluation
B5,MK-NIAH,MK_NIAH_S086,42,checkpoints/phase4_1/cms_3lvl_seed_42.pt,accuracy,0.0,15.2,361.22,frozen-checkpoint inference evaluation
B5,MK-NIAH,MK_NIAH_S086,42,checkpoints/phase4_1/cms_3lvl_seed_42.pt,target_prob,0.0166,15.2,361.22,frozen-checkpoint inference evaluation
B5,MK-NIAH,MK_NIAH_S087,42,checkpoints/phase4_1/cms_3lvl_seed_42.pt,accuracy,0.0,15.2,361.22,frozen-checkpoint inference evaluation
B5,MK-NIAH,MK_NIAH_S087,42,checkpoints/phase4_1/cms_3lvl_seed_42.pt,target_prob,0.0071,15.2,361.22,frozen-checkpoint inference evaluation
B5,MK-NIAH,MK_NIAH_S088,42,checkpoints/phase4_1/cms_3lvl_seed_42.pt,accuracy,0.0,15.2,361.22,frozen-checkpoint inference evaluation
B5,MK-NIAH,MK_NIAH_S088,42,checkpoints/phase4_1/cms_3lvl_seed_42.pt,target_prob,0.0127,15.2,361.22,frozen-checkpoint inference evaluation
B5,MK-NIAH,MK_NIAH_S089,42,checkpoints/phase4_1/cms_3lvl_seed_42.pt,accuracy,0.0,15.2,361.22,frozen-checkpoint inference evaluation
B5,MK-NIAH,MK_NIAH_S089,42,checkpoints/phase4_1/cms_3lvl_seed_42.pt,target_prob,0.0071,15.2,361.22,frozen-checkpoint inference evaluation
B5,MK-NIAH,MK_NIAH_S090,42,checkpoints/phase4_1/cms_3lvl_seed_42.pt,accuracy,0.0,15.2,361.22,frozen-checkpoint inference evaluation
B5,MK-NIAH,MK_NIAH_S090,42,checkpoints/phase4_1/cms_3lvl_seed_42.pt,target_prob,0.0191,15.2,361.22,frozen-checkpoint inference evaluation
B5,MK-NIAH,MK_NIAH_S091,42,checkpoints/phase4_1/cms_3lvl_seed_42.pt,accuracy,0.0,15.2,361.22,frozen-checkpoint inference evaluation
B5,MK-NIAH,MK_NIAH_S091,42,checkpoints/phase4_1/cms_3lvl_seed_42.pt,target_prob,0.0211,15.2,361.22,frozen-checkpoint inference evaluation
B5,MK-NIAH,MK_NIAH_S092,42,checkpoints/phase4_1/cms_3lvl_seed_42.pt,accuracy,0.0,15.2,361.22,frozen-checkpoint inference evaluation
B5,MK-NIAH,MK_NIAH_S092,42,checkpoints/phase4_1/cms_3lvl_seed_42.pt,target_prob,0.0166,15.2,361.22,frozen-checkpoint inference evaluation
B5,MK-NIAH,MK_NIAH_S093,42,checkpoints/phase4_1/cms_3lvl_seed_42.pt,accuracy,0.0,15.2,361.22,frozen-checkpoint inference evaluation
B5,MK-NIAH,MK_NIAH_S093,42,checkpoints/phase4_1/cms_3lvl_seed_42.pt,target_prob,0.0158,15.2,361.22,frozen-checkpoint inference evaluation
B5,MK-NIAH,MK_NIAH_S094,42,checkpoints/phase4_1/cms_3lvl_seed_42.pt,accuracy,0.0,15.2,361.22,frozen-checkpoint inference evaluation
B5,MK-NIAH,MK_NIAH_S094,42,checkpoints/phase4_1/cms_3lvl_seed_42.pt,target_prob,0.0135,15.2,361.22,frozen-checkpoint inference evaluation
B5,MK-NIAH,MK_NIAH_S095,42,checkpoints/phase4_1/cms_3lvl_seed_42.pt,accuracy,0.0,15.2,361.22,frozen-checkpoint inference evaluation
B5,MK-NIAH,MK_NIAH_S095,42,checkpoints/phase4_1/cms_3lvl_seed_42.pt,target_prob,0.0223,15.2,361.22,frozen-checkpoint inference evaluation
B5,MK-NIAH,MK_NIAH_S096,42,checkpoints/phase4_1/cms_3lvl_seed_42.pt,accuracy,0.0,15.2,361.22,frozen-checkpoint inference evaluation
B5,MK-NIAH,MK_NIAH_S096,42,checkpoints/phase4_1/cms_3lvl_seed_42.pt,target_prob,0.0311,15.2,361.22,frozen-checkpoint inference evaluation
B5,MK-NIAH,MK_NIAH_S097,42,checkpoints/phase4_1/cms_3lvl_seed_42.pt,accuracy,0.0,15.2,361.22,frozen-checkpoint inference evaluation
B5,MK-NIAH,MK_NIAH_S097,42,checkpoints/phase4_1/cms_3lvl_seed_42.pt,target_prob,0.0246,15.2,361.22,frozen-checkpoint inference evaluation
B5,MK-NIAH,MK_NIAH_S098,42,checkpoints/phase4_1/cms_3lvl_seed_42.pt,accuracy,0.0,15.2,361.22,frozen-checkpoint inference evaluation
B5,MK-NIAH,MK_NIAH_S098,42,checkpoints/phase4_1/cms_3lvl_seed_42.pt,target_prob,0.008,15.2,361.22,frozen-checkpoint inference evaluation
B5,MK-NIAH,MK_NIAH_S099,42,checkpoints/phase4_1/cms_3lvl_seed_42.pt,accuracy,0.0,15.2,361.22,frozen-checkpoint inference evaluation
B5,MK-NIAH,MK_NIAH_S099,42,checkpoints/phase4_1/cms_3lvl_seed_42.pt,target_prob,0.0351,15.2,361.22,frozen-checkpoint inference evaluation
P1,MK-NIAH,MK_NIAH_S000,42,checkpoints/phase4_1/cms_3lvl_seed_42.pt,accuracy,0.0,15.2,361.22,frozen-checkpoint inference evaluation
P1,MK-NIAH,MK_NIAH_S000,42,checkpoints/phase4_1/cms_3lvl_seed_42.pt,target_prob,0.1224,15.2,361.22,frozen-checkpoint inference evaluation
P1,MK-NIAH,MK_NIAH_S001,42,checkpoints/phase4_1/cms_3lvl_seed_42.pt,accuracy,0.0,15.2,361.22,frozen-checkpoint inference evaluation
P1,MK-NIAH,MK_NIAH_S001,42,checkpoints/phase4_1/cms_3lvl_seed_42.pt,target_prob,0.2072,15.2,361.22,frozen-checkpoint inference evaluation
P1,MK-NIAH,MK_NIAH_S002,42,checkpoints/phase4_1/cms_3lvl_seed_42.pt,accuracy,0.0,15.2,361.22,frozen-checkpoint inference evaluation
P1,MK-NIAH,MK_NIAH_S002,42,checkpoints/phase4_1/cms_3lvl_seed_42.pt,target_prob,0.0909,15.2,361.22,frozen-checkpoint inference evaluation
P1,MK-NIAH,MK_NIAH_S003,42,checkpoints/phase4_1/cms_3lvl_seed_42.pt,accuracy,0.0,15.2,361.22,frozen-checkpoint inference evaluation
P1,MK-NIAH,MK_NIAH_S003,42,checkpoints/phase4_1/cms_3lvl_seed_42.pt,target_prob,0.1825,15.2,361.22,frozen-checkpoint inference evaluation
P1,MK-NIAH,MK_NIAH_S004,42,checkpoints/phase4_1/cms_3lvl_seed_42.pt,accuracy,0.0,15.2,361.22,frozen-checkpoint inference evaluation
P1,MK-NIAH,MK_NIAH_S004,42,checkpoints/phase4_1/cms_3lvl_seed_42.pt,target_prob,0.1667,15.2,361.22,frozen-checkpoint inference evaluation
P1,MK-NIAH,MK_NIAH_S005,42,checkpoints/phase4_1/cms_3lvl_seed_42.pt,accuracy,0.0,15.2,361.22,frozen-checkpoint inference evaluation
P1,MK-NIAH,MK_NIAH_S005,42,checkpoints/phase4_1/cms_3lvl_seed_42.pt,target_prob,0.129,15.2,361.22,frozen-checkpoint inference evaluation
P1,MK-NIAH,MK_NIAH_S006,42,checkpoints/phase4_1/cms_3lvl_seed_42.pt,accuracy,0.0,15.2,361.22,frozen-checkpoint inference evaluation
P1,MK-NIAH,MK_NIAH_S006,42,checkpoints/phase4_1/cms_3lvl_seed_42.pt,target_prob,0.1016,15.2,361.22,frozen-checkpoint inference evaluation
P1,MK-NIAH,MK_NIAH_S007,42,checkpoints/phase4_1/cms_3lvl_seed_42.pt,accuracy,0.0,15.2,361.22,frozen-checkpoint inference evaluation
P1,MK-NIAH,MK_NIAH_S007,42,checkpoints/phase4_1/cms_3lvl_seed_42.pt,target_prob,0.1689,15.2,361.22,frozen-checkpoint inference evaluation
P1,MK-NIAH,MK_NIAH_S008,42,checkpoints/phase4_1/cms_3lvl_seed_42.pt,accuracy,0.0,15.2,361.22,frozen-checkpoint inference evaluation
P1,MK-NIAH,MK_NIAH_S008,42,checkpoints/phase4_1/cms_3lvl_seed_42.pt,target_prob,0.1007,15.2,361.22,frozen-checkpoint inference evaluation
P1,MK-NIAH,MK_NIAH_S009,42,checkpoints/phase4_1/cms_3lvl_seed_42.pt,accuracy,0.0,15.2,361.22,frozen-checkpoint inference evaluation
P1,MK-NIAH,MK_NIAH_S009,42,checkpoints/phase4_1/cms_3lvl_seed_42.pt,target_prob,0.2013,15.2,361.22,frozen-checkpoint inference evaluation
P1,MK-NIAH,MK_NIAH_S010,42,checkpoints/phase4_1/cms_3lvl_seed_42.pt,accuracy,0.0,15.2,361.22,frozen-checkpoint inference evaluation
P1,MK-NIAH,MK_NIAH_S010,42,checkpoints/phase4_1/cms_3lvl_seed_42.pt,target_prob,0.1172,15.2,361.22,frozen-checkpoint inference evaluation
P1,MK-NIAH,MK_NIAH_S011,42,checkpoints/phase4_1/cms_3lvl_seed_42.pt,accuracy,0.0,15.2,361.22,frozen-checkpoint inference evaluation
P1,MK-NIAH,MK_NIAH_S011,42,checkpoints/phase4_1/cms_3lvl_seed_42.pt,target_prob,0.1697,15.2,361.22,frozen-checkpoint inference evaluation
P1,MK-NIAH,MK_NIAH_S012,42,checkpoints/phase4_1/cms_3lvl_seed_42.pt,accuracy,0.0,15.2,361.22,frozen-checkpoint inference evaluation
P1,MK-NIAH,MK_NIAH_S012,42,checkpoints/phase4_1/cms_3lvl_seed_42.pt,target_prob,0.1245,15.2,361.22,frozen-checkpoint inference evaluation
P1,MK-NIAH,MK_NIAH_S013,42,checkpoints/phase4_1/cms_3lvl_seed_42.pt,accuracy,0.0,15.2,361.22,frozen-checkpoint inference evaluation
P1,MK-NIAH,MK_NIAH_S013,42,checkpoints/phase4_1/cms_3lvl_seed_42.pt,target_prob,0.1571,15.2,361.22,frozen-checkpoint inference evaluation
P1,MK-NIAH,MK_NIAH_S014,42,checkpoints/phase4_1/cms_3lvl_seed_42.pt,accuracy,0.0,15.2,361.22,frozen-checkpoint inference evaluation
P1,MK-NIAH,MK_NIAH_S014,42,checkpoints/phase4_1/cms_3lvl_seed_42.pt,target_prob,0.0958,15.2,361.22,frozen-checkpoint inference evaluation
P1,MK-NIAH,MK_NIAH_S015,42,checkpoints/phase4_1/cms_3lvl_seed_42.pt,accuracy,0.0,15.2,361.22,frozen-checkpoint inference evaluation
P1,MK-NIAH,MK_NIAH_S015,42,checkpoints/phase4_1/cms_3lvl_seed_42.pt,target_prob,0.1182,15.2,361.22,frozen-checkpoint inference evaluation
P1,MK-NIAH,MK_NIAH_S016,42,checkpoints/phase4_1/cms_3lvl_seed_42.pt,accuracy,0.0,15.2,361.22,frozen-checkpoint inference evaluation
P1,MK-NIAH,MK_NIAH_S016,42,checkpoints/phase4_1/cms_3lvl_seed_42.pt,target_prob,0.2111,15.2,361.22,frozen-checkpoint inference evaluation
P1,MK-NIAH,MK_NIAH_S017,42,checkpoints/phase4_1/cms_3lvl_seed_42.pt,accuracy,0.0,15.2,361.22,frozen-checkpoint inference evaluation
P1,MK-NIAH,MK_NIAH_S017,42,checkpoints/phase4_1/cms_3lvl_seed_42.pt,target_prob,0.1348,15.2,361.22,frozen-checkpoint inference evaluation
P1,MK-NIAH,MK_NIAH_S018,42,checkpoints/phase4_1/cms_3lvl_seed_42.pt,accuracy,0.0,15.2,361.22,frozen-checkpoint inference evaluation
P1,MK-NIAH,MK_NIAH_S018,42,checkpoints/phase4_1/cms_3lvl_seed_42.pt,target_prob,0.1136,15.2,361.22,frozen-checkpoint inference evaluation
P1,MK-NIAH,MK_NIAH_S019,42,checkpoints/phase4_1/cms_3lvl_seed_42.pt,accuracy,0.0,15.2,361.22,frozen-checkpoint inference evaluation
P1,MK-NIAH,MK_NIAH_S019,42,checkpoints/phase4_1/cms_3lvl_seed_42.pt,target_prob,0.1279,15.2,361.22,frozen-checkpoint inference evaluation
P1,MK-NIAH,MK_NIAH_S020,42,checkpoints/phase4_1/cms_3lvl_seed_42.pt,accuracy,0.0,15.2,361.22,frozen-checkpoint inference evaluation
P1,MK-NIAH,MK_NIAH_S020,42,checkpoints/phase4_1/cms_3lvl_seed_42.pt,target_prob,0.1137,15.2,361.22,frozen-checkpoint inference evaluation
P1,MK-NIAH,MK_NIAH_S021,42,checkpoints/phase4_1/cms_3lvl_seed_42.pt,accuracy,0.0,15.2,361.22,frozen-checkpoint inference evaluation
P1,MK-NIAH,MK_NIAH_S021,42,checkpoints/phase4_1/cms_3lvl_seed_42.pt,target_prob,0.1261,15.2,361.22,frozen-checkpoint inference evaluation
P1,MK-NIAH,MK_NIAH_S022,42,checkpoints/phase4_1/cms_3lvl_seed_42.pt,accuracy,0.0,15.2,361.22,frozen-checkpoint inference evaluation
P1,MK-NIAH,MK_NIAH_S022,42,checkpoints/phase4_1/cms_3lvl_seed_42.pt,target_prob,0.1132,15.2,361.22,frozen-checkpoint inference evaluation
P1,MK-NIAH,MK_NIAH_S023,42,checkpoints/phase4_1/cms_3lvl_seed_42.pt,accuracy,0.0,15.2,361.22,frozen-checkpoint inference evaluation
P1,MK-NIAH,MK_NIAH_S023,42,checkpoints/phase4_1/cms_3lvl_seed_42.pt,target_prob,0.1013,15.2,361.22,frozen-checkpoint inference evaluation
P1,MK-NIAH,MK_NIAH_S024,42,checkpoints/phase4_1/cms_3lvl_seed_42.pt,accuracy,0.0,15.2,361.22,frozen-checkpoint inference evaluation
P1,MK-NIAH,MK_NIAH_S024,42,checkpoints/phase4_1/cms_3lvl_seed_42.pt,target_prob,0.2124,15.2,361.22,frozen-checkpoint inference evaluation
P1,MK-NIAH,MK_NIAH_S025,42,checkpoints/phase4_1/cms_3lvl_seed_42.pt,accuracy,0.0,15.2,361.22,frozen-checkpoint inference evaluation
P1,MK-NIAH,MK_NIAH_S025,42,checkpoints/phase4_1/cms_3lvl_seed_42.pt,target_prob,0.069,15.2,361.22,frozen-checkpoint inference evaluation
P1,MK-NIAH,MK_NIAH_S026,42,checkpoints/phase4_1/cms_3lvl_seed_42.pt,accuracy,0.0,15.2,361.22,frozen-checkpoint inference evaluation
P1,MK-NIAH,MK_NIAH_S026,42,checkpoints/phase4_1/cms_3lvl_seed_42.pt,target_prob,0.1942,15.2,361.22,frozen-checkpoint inference evaluation
P1,MK-NIAH,MK_NIAH_S027,42,checkpoints/phase4_1/cms_3lvl_seed_42.pt,accuracy,0.0,15.2,361.22,frozen-checkpoint inference evaluation
P1,MK-NIAH,MK_NIAH_S027,42,checkpoints/phase4_1/cms_3lvl_seed_42.pt,target_prob,0.0758,15.2,361.22,frozen-checkpoint inference evaluation
P1,MK-NIAH,MK_NIAH_S028,42,checkpoints/phase4_1/cms_3lvl_seed_42.pt,accuracy,0.0,15.2,361.22,frozen-checkpoint inference evaluation
P1,MK-NIAH,MK_NIAH_S028,42,checkpoints/phase4_1/cms_3lvl_seed_42.pt,target_prob,0.117,15.2,361.22,frozen-checkpoint inference evaluation
P1,MK-NIAH,MK_NIAH_S029,42,checkpoints/phase4_1/cms_3lvl_seed_42.pt,accuracy,0.0,15.2,361.22,frozen-checkpoint inference evaluation
P1,MK-NIAH,MK_NIAH_S029,42,checkpoints/phase4_1/cms_3lvl_seed_42.pt,target_prob,0.1279,15.2,361.22,frozen-checkpoint inference evaluation
P1,MK-NIAH,MK_NIAH_S030,42,checkpoints/phase4_1/cms_3lvl_seed_42.pt,accuracy,0.0,15.2,361.22,frozen-checkpoint inference evaluation
P1,MK-NIAH,MK_NIAH_S030,42,checkpoints/phase4_1/cms_3lvl_seed_42.pt,target_prob,0.1969,15.2,361.22,frozen-checkpoint inference evaluation
P1,MK-NIAH,MK_NIAH_S031,42,checkpoints/phase4_1/cms_3lvl_seed_42.pt,accuracy,0.0,15.2,361.22,frozen-checkpoint inference evaluation
P1,MK-NIAH,MK_NIAH_S031,42,checkpoints/phase4_1/cms_3lvl_seed_42.pt,target_prob,0.149,15.2,361.22,frozen-checkpoint inference evaluation
P1,MK-NIAH,MK_NIAH_S032,42,checkpoints/phase4_1/cms_3lvl_seed_42.pt,accuracy,0.0,15.2,361.22,frozen-checkpoint inference evaluation
P1,MK-NIAH,MK_NIAH_S032,42,checkpoints/phase4_1/cms_3lvl_seed_42.pt,target_prob,0.2072,15.2,361.22,frozen-checkpoint inference evaluation
P1,MK-NIAH,MK_NIAH_S033,42,checkpoints/phase4_1/cms_3lvl_seed_42.pt,accuracy,0.0,15.2,361.22,frozen-checkpoint inference evaluation
P1,MK-NIAH,MK_NIAH_S033,42,checkpoints/phase4_1/cms_3lvl_seed_42.pt,target_prob,0.2253,15.2,361.22,frozen-checkpoint inference evaluation
P1,MK-NIAH,MK_NIAH_S034,42,checkpoints/phase4_1/cms_3lvl_seed_42.pt,accuracy,0.0,15.2,361.22,frozen-checkpoint inference evaluation
P1,MK-NIAH,MK_NIAH_S034,42,checkpoints/phase4_1/cms_3lvl_seed_42.pt,target_prob,0.1198,15.2,361.22,frozen-checkpoint inference evaluation
P1,MK-NIAH,MK_NIAH_S035,42,checkpoints/phase4_1/cms_3lvl_seed_42.pt,accuracy,0.0,15.2,361.22,frozen-checkpoint inference evaluation
P1,MK-NIAH,MK_NIAH_S035,42,checkpoints/phase4_1/cms_3lvl_seed_42.pt,target_prob,0.1707,15.2,361.22,frozen-checkpoint inference evaluation
P1,MK-NIAH,MK_NIAH_S036,42,checkpoints/phase4_1/cms_3lvl_seed_42.pt,accuracy,0.0,15.2,361.22,frozen-checkpoint inference evaluation
P1,MK-NIAH,MK_NIAH_S036,42,checkpoints/phase4_1/cms_3lvl_seed_42.pt,target_prob,0.1451,15.2,361.22,frozen-checkpoint inference evaluation
P1,MK-NIAH,MK_NIAH_S037,42,checkpoints/phase4_1/cms_3lvl_seed_42.pt,accuracy,0.0,15.2,361.22,frozen-checkpoint inference evaluation
P1,MK-NIAH,MK_NIAH_S037,42,checkpoints/phase4_1/cms_3lvl_seed_42.pt,target_prob,0.2128,15.2,361.22,frozen-checkpoint inference evaluation
P1,MK-NIAH,MK_NIAH_S038,42,checkpoints/phase4_1/cms_3lvl_seed_42.pt,accuracy,0.0,15.2,361.22,frozen-checkpoint inference evaluation
P1,MK-NIAH,MK_NIAH_S038,42,checkpoints/phase4_1/cms_3lvl_seed_42.pt,target_prob,0.0761,15.2,361.22,frozen-checkpoint inference evaluation
P1,MK-NIAH,MK_NIAH_S039,42,checkpoints/phase4_1/cms_3lvl_seed_42.pt,accuracy,0.0,15.2,361.22,frozen-checkpoint inference evaluation
P1,MK-NIAH,MK_NIAH_S039,42,checkpoints/phase4_1/cms_3lvl_seed_42.pt,target_prob,0.0674,15.2,361.22,frozen-checkpoint inference evaluation
P1,MK-NIAH,MK_NIAH_S040,42,checkpoints/phase4_1/cms_3lvl_seed_42.pt,accuracy,0.0,15.2,361.22,frozen-checkpoint inference evaluation
P1,MK-NIAH,MK_NIAH_S040,42,checkpoints/phase4_1/cms_3lvl_seed_42.pt,target_prob,0.0412,15.2,361.22,frozen-checkpoint inference evaluation
P1,MK-NIAH,MK_NIAH_S041,42,checkpoints/phase4_1/cms_3lvl_seed_42.pt,accuracy,0.0,15.2,361.22,frozen-checkpoint inference evaluation
P1,MK-NIAH,MK_NIAH_S041,42,checkpoints/phase4_1/cms_3lvl_seed_42.pt,target_prob,0.151,15.2,361.22,frozen-checkpoint inference evaluation
P1,MK-NIAH,MK_NIAH_S042,42,checkpoints/phase4_1/cms_3lvl_seed_42.pt,accuracy,0.0,15.2,361.22,frozen-checkpoint inference evaluation
P1,MK-NIAH,MK_NIAH_S042,42,checkpoints/phase4_1/cms_3lvl_seed_42.pt,target_prob,0.0719,15.2,361.22,frozen-checkpoint inference evaluation
P1,MK-NIAH,MK_NIAH_S043,42,checkpoints/phase4_1/cms_3lvl_seed_42.pt,accuracy,0.0,15.2,361.22,frozen-checkpoint inference evaluation
P1,MK-NIAH,MK_NIAH_S043,42,checkpoints/phase4_1/cms_3lvl_seed_42.pt,target_prob,0.0945,15.2,361.22,frozen-checkpoint inference evaluation
P1,MK-NIAH,MK_NIAH_S044,42,checkpoints/phase4_1/cms_3lvl_seed_42.pt,accuracy,0.0,15.2,361.22,frozen-checkpoint inference evaluation
P1,MK-NIAH,MK_NIAH_S044,42,checkpoints/phase4_1/cms_3lvl_seed_42.pt,target_prob,0.0696,15.2,361.22,frozen-checkpoint inference evaluation
P1,MK-NIAH,MK_NIAH_S045,42,checkpoints/phase4_1/cms_3lvl_seed_42.pt,accuracy,0.0,15.2,361.22,frozen-checkpoint inference evaluation
P1,MK-NIAH,MK_NIAH_S045,42,checkpoints/phase4_1/cms_3lvl_seed_42.pt,target_prob,0.1035,15.2,361.22,frozen-checkpoint inference evaluation
P1,MK-NIAH,MK_NIAH_S046,42,checkpoints/phase4_1/cms_3lvl_seed_42.pt,accuracy,0.0,15.2,361.22,frozen-checkpoint inference evaluation
P1,MK-NIAH,MK_NIAH_S046,42,checkpoints/phase4_1/cms_3lvl_seed_42.pt,target_prob,0.1476,15.2,361.22,frozen-checkpoint inference evaluation
P1,MK-NIAH,MK_NIAH_S047,42,checkpoints/phase4_1/cms_3lvl_seed_42.pt,accuracy,0.0,15.2,361.22,frozen-checkpoint inference evaluation
P1,MK-NIAH,MK_NIAH_S047,42,checkpoints/phase4_1/cms_3lvl_seed_42.pt,target_prob,0.0491,15.2,361.22,frozen-checkpoint inference evaluation
P1,MK-NIAH,MK_NIAH_S048,42,checkpoints/phase4_1/cms_3lvl_seed_42.pt,accuracy,0.0,15.2,361.22,frozen-checkpoint inference evaluation
P1,MK-NIAH,MK_NIAH_S048,42,checkpoints/phase4_1/cms_3lvl_seed_42.pt,target_prob,0.2128,15.2,361.22,frozen-checkpoint inference evaluation
P1,MK-NIAH,MK_NIAH_S049,42,checkpoints/phase4_1/cms_3lvl_seed_42.pt,accuracy,0.0,15.2,361.22,frozen-checkpoint inference evaluation
P1,MK-NIAH,MK_NIAH_S049,42,checkpoints/phase4_1/cms_3lvl_seed_42.pt,target_prob,0.1158,15.2,361.22,frozen-checkpoint inference evaluation
P1,MK-NIAH,MK_NIAH_S050,42,checkpoints/phase4_1/cms_3lvl_seed_42.pt,accuracy,0.0,15.2,361.22,frozen-checkpoint inference evaluation
P1,MK-NIAH,MK_NIAH_S050,42,checkpoints/phase4_1/cms_3lvl_seed_42.pt,target_prob,0.072,15.2,361.22,frozen-checkpoint inference evaluation
P1,MK-NIAH,MK_NIAH_S051,42,checkpoints/phase4_1/cms_3lvl_seed_42.pt,accuracy,0.0,15.2,361.22,frozen-checkpoint inference evaluation
P1,MK-NIAH,MK_NIAH_S051,42,checkpoints/phase4_1/cms_3lvl_seed_42.pt,target_prob,0.1703,15.2,361.22,frozen-checkpoint inference evaluation
P1,MK-NIAH,MK_NIAH_S052,42,checkpoints/phase4_1/cms_3lvl_seed_42.pt,accuracy,0.0,15.2,361.22,frozen-checkpoint inference evaluation
P1,MK-NIAH,MK_NIAH_S052,42,checkpoints/phase4_1/cms_3lvl_seed_42.pt,target_prob,0.1704,15.2,361.22,frozen-checkpoint inference evaluation
P1,MK-NIAH,MK_NIAH_S053,42,checkpoints/phase4_1/cms_3lvl_seed_42.pt,accuracy,0.0,15.2,361.22,frozen-checkpoint inference evaluation
P1,MK-NIAH,MK_NIAH_S053,42,checkpoints/phase4_1/cms_3lvl_seed_42.pt,target_prob,0.199,15.2,361.22,frozen-checkpoint inference evaluation
P1,MK-NIAH,MK_NIAH_S054,42,checkpoints/phase4_1/cms_3lvl_seed_42.pt,accuracy,0.0,15.2,361.22,frozen-checkpoint inference evaluation
P1,MK-NIAH,MK_NIAH_S054,42,checkpoints/phase4_1/cms_3lvl_seed_42.pt,target_prob,0.1639,15.2,361.22,frozen-checkpoint inference evaluation
P1,MK-NIAH,MK_NIAH_S055,42,checkpoints/phase4_1/cms_3lvl_seed_42.pt,accuracy,0.0,15.2,361.22,frozen-checkpoint inference evaluation
P1,MK-NIAH,MK_NIAH_S055,42,checkpoints/phase4_1/cms_3lvl_seed_42.pt,target_prob,0.1058,15.2,361.22,frozen-checkpoint inference evaluation
P1,MK-NIAH,MK_NIAH_S056,42,checkpoints/phase4_1/cms_3lvl_seed_42.pt,accuracy,0.0,15.2,361.22,frozen-checkpoint inference evaluation
P1,MK-NIAH,MK_NIAH_S056,42,checkpoints/phase4_1/cms_3lvl_seed_42.pt,target_prob,0.176,15.2,361.22,frozen-checkpoint inference evaluation
P1,MK-NIAH,MK_NIAH_S057,42,checkpoints/phase4_1/cms_3lvl_seed_42.pt,accuracy,0.0,15.2,361.22,frozen-checkpoint inference evaluation
P1,MK-NIAH,MK_NIAH_S057,42,checkpoints/phase4_1/cms_3lvl_seed_42.pt,target_prob,0.0637,15.2,361.22,frozen-checkpoint inference evaluation
P1,MK-NIAH,MK_NIAH_S058,42,checkpoints/phase4_1/cms_3lvl_seed_42.pt,accuracy,0.0,15.2,361.22,frozen-checkpoint inference evaluation
P1,MK-NIAH,MK_NIAH_S058,42,checkpoints/phase4_1/cms_3lvl_seed_42.pt,target_prob,0.2102,15.2,361.22,frozen-checkpoint inference evaluation
P1,MK-NIAH,MK_NIAH_S059,42,checkpoints/phase4_1/cms_3lvl_seed_42.pt,accuracy,0.0,15.2,361.22,frozen-checkpoint inference evaluation
P1,MK-NIAH,MK_NIAH_S059,42,checkpoints/phase4_1/cms_3lvl_seed_42.pt,target_prob,0.1323,15.2,361.22,frozen-checkpoint inference evaluation
P1,MK-NIAH,MK_NIAH_S060,42,checkpoints/phase4_1/cms_3lvl_seed_42.pt,accuracy,0.0,15.2,361.22,frozen-checkpoint inference evaluation
P1,MK-NIAH,MK_NIAH_S060,42,checkpoints/phase4_1/cms_3lvl_seed_42.pt,target_prob,0.1874,15.2,361.22,frozen-checkpoint inference evaluation
P1,MK-NIAH,MK_NIAH_S061,42,checkpoints/phase4_1/cms_3lvl_seed_42.pt,accuracy,0.0,15.2,361.22,frozen-checkpoint inference evaluation
P1,MK-NIAH,MK_NIAH_S061,42,checkpoints/phase4_1/cms_3lvl_seed_42.pt,target_prob,0.1055,15.2,361.22,frozen-checkpoint inference evaluation
P1,MK-NIAH,MK_NIAH_S062,42,checkpoints/phase4_1/cms_3lvl_seed_42.pt,accuracy,0.0,15.2,361.22,frozen-checkpoint inference evaluation
P1,MK-NIAH,MK_NIAH_S062,42,checkpoints/phase4_1/cms_3lvl_seed_42.pt,target_prob,0.1274,15.2,361.22,frozen-checkpoint inference evaluation
P1,MK-NIAH,MK_NIAH_S063,42,checkpoints/phase4_1/cms_3lvl_seed_42.pt,accuracy,0.0,15.2,361.22,frozen-checkpoint inference evaluation
P1,MK-NIAH,MK_NIAH_S063,42,checkpoints/phase4_1/cms_3lvl_seed_42.pt,target_prob,0.1257,15.2,361.22,frozen-checkpoint inference evaluation
P1,MK-NIAH,MK_NIAH_S064,42,checkpoints/phase4_1/cms_3lvl_seed_42.pt,accuracy,0.0,15.2,361.22,frozen-checkpoint inference evaluation
P1,MK-NIAH,MK_NIAH_S064,42,checkpoints/phase4_1/cms_3lvl_seed_42.pt,target_prob,0.1105,15.2,361.22,frozen-checkpoint inference evaluation
P1,MK-NIAH,MK_NIAH_S065,42,checkpoints/phase4_1/cms_3lvl_seed_42.pt,accuracy,0.0,15.2,361.22,frozen-checkpoint inference evaluation
P1,MK-NIAH,MK_NIAH_S065,42,checkpoints/phase4_1/cms_3lvl_seed_42.pt,target_prob,0.1691,15.2,361.22,frozen-checkpoint inference evaluation
P1,MK-NIAH,MK_NIAH_S066,42,checkpoints/phase4_1/cms_3lvl_seed_42.pt,accuracy,0.0,15.2,361.22,frozen-checkpoint inference evaluation
P1,MK-NIAH,MK_NIAH_S066,42,checkpoints/phase4_1/cms_3lvl_seed_42.pt,target_prob,0.1847,15.2,361.22,frozen-checkpoint inference evaluation
P1,MK-NIAH,MK_NIAH_S067,42,checkpoints/phase4_1/cms_3lvl_seed_42.pt,accuracy,0.0,15.2,361.22,frozen-checkpoint inference evaluation
P1,MK-NIAH,MK_NIAH_S067,42,checkpoints/phase4_1/cms_3lvl_seed_42.pt,target_prob,0.1165,15.2,361.22,frozen-checkpoint inference evaluation
P1,MK-NIAH,MK_NIAH_S068,42,checkpoints/phase4_1/cms_3lvl_seed_42.pt,accuracy,0.0,15.2,361.22,frozen-checkpoint inference evaluation
P1,MK-NIAH,MK_NIAH_S068,42,checkpoints/phase4_1/cms_3lvl_seed_42.pt,target_prob,0.1981,15.2,361.22,frozen-checkpoint inference evaluation
P1,MK-NIAH,MK_NIAH_S069,42,checkpoints/phase4_1/cms_3lvl_seed_42.pt,accuracy,0.0,15.2,361.22,frozen-checkpoint inference evaluation
P1,MK-NIAH,MK_NIAH_S069,42,checkpoints/phase4_1/cms_3lvl_seed_42.pt,target_prob,0.1447,15.2,361.22,frozen-checkpoint inference evaluation
P1,MK-NIAH,MK_NIAH_S070,42,checkpoints/phase4_1/cms_3lvl_seed_42.pt,accuracy,0.0,15.2,361.22,frozen-checkpoint inference evaluation
P1,MK-NIAH,MK_NIAH_S070,42,checkpoints/phase4_1/cms_3lvl_seed_42.pt,target_prob,0.2136,15.2,361.22,frozen-checkpoint inference evaluation
P1,MK-NIAH,MK_NIAH_S071,42,checkpoints/phase4_1/cms_3lvl_seed_42.pt,accuracy,0.0,15.2,361.22,frozen-checkpoint inference evaluation
P1,MK-NIAH,MK_NIAH_S071,42,checkpoints/phase4_1/cms_3lvl_seed_42.pt,target_prob,0.1783,15.2,361.22,frozen-checkpoint inference evaluation
P1,MK-NIAH,MK_NIAH_S072,42,checkpoints/phase4_1/cms_3lvl_seed_42.pt,accuracy,0.0,15.2,361.22,frozen-checkpoint inference evaluation
P1,MK-NIAH,MK_NIAH_S072,42,checkpoints/phase4_1/cms_3lvl_seed_42.pt,target_prob,0.1753,15.2,361.22,frozen-checkpoint inference evaluation
P1,MK-NIAH,MK_NIAH_S073,42,checkpoints/phase4_1/cms_3lvl_seed_42.pt,accuracy,0.0,15.2,361.22,frozen-checkpoint inference evaluation
P1,MK-NIAH,MK_NIAH_S073,42,checkpoints/phase4_1/cms_3lvl_seed_42.pt,target_prob,0.1015,15.2,361.22,frozen-checkpoint inference evaluation
P1,MK-NIAH,MK_NIAH_S074,42,checkpoints/phase4_1/cms_3lvl_seed_42.pt,accuracy,0.0,15.2,361.22,frozen-checkpoint inference evaluation
P1,MK-NIAH,MK_NIAH_S074,42,checkpoints/phase4_1/cms_3lvl_seed_42.pt,target_prob,0.1028,15.2,361.22,frozen-checkpoint inference evaluation
P1,MK-NIAH,MK_NIAH_S075,42,checkpoints/phase4_1/cms_3lvl_seed_42.pt,accuracy,0.0,15.2,361.22,frozen-checkpoint inference evaluation
P1,MK-NIAH,MK_NIAH_S075,42,checkpoints/phase4_1/cms_3lvl_seed_42.pt,target_prob,0.1152,15.2,361.22,frozen-checkpoint inference evaluation
P1,MK-NIAH,MK_NIAH_S076,42,checkpoints/phase4_1/cms_3lvl_seed_42.pt,accuracy,0.0,15.2,361.22,frozen-checkpoint inference evaluation
P1,MK-NIAH,MK_NIAH_S076,42,checkpoints/phase4_1/cms_3lvl_seed_42.pt,target_prob,0.1473,15.2,361.22,frozen-checkpoint inference evaluation
P1,MK-NIAH,MK_NIAH_S077,42,checkpoints/phase4_1/cms_3lvl_seed_42.pt,accuracy,0.0,15.2,361.22,frozen-checkpoint inference evaluation
P1,MK-NIAH,MK_NIAH_S077,42,checkpoints/phase4_1/cms_3lvl_seed_42.pt,target_prob,0.2129,15.2,361.22,frozen-checkpoint inference evaluation
P1,MK-NIAH,MK_NIAH_S078,42,checkpoints/phase4_1/cms_3lvl_seed_42.pt,accuracy,0.0,15.2,361.22,frozen-checkpoint inference evaluation
P1,MK-NIAH,MK_NIAH_S078,42,checkpoints/phase4_1/cms_3lvl_seed_42.pt,target_prob,0.2296,15.2,361.22,frozen-checkpoint inference evaluation
P1,MK-NIAH,MK_NIAH_S079,42,checkpoints/phase4_1/cms_3lvl_seed_42.pt,accuracy,0.0,15.2,361.22,frozen-checkpoint inference evaluation
P1,MK-NIAH,MK_NIAH_S079,42,checkpoints/phase4_1/cms_3lvl_seed_42.pt,target_prob,0.1565,15.2,361.22,frozen-checkpoint inference evaluation
P1,MK-NIAH,MK_NIAH_S080,42,checkpoints/phase4_1/cms_3lvl_seed_42.pt,accuracy,0.0,15.2,361.22,frozen-checkpoint inference evaluation
P1,MK-NIAH,MK_NIAH_S080,42,checkpoints/phase4_1/cms_3lvl_seed_42.pt,target_prob,0.1207,15.2,361.22,frozen-checkpoint inference evaluation
P1,MK-NIAH,MK_NIAH_S081,42,checkpoints/phase4_1/cms_3lvl_seed_42.pt,accuracy,0.0,15.2,361.22,frozen-checkpoint inference evaluation
P1,MK-NIAH,MK_NIAH_S081,42,checkpoints/phase4_1/cms_3lvl_seed_42.pt,target_prob,0.2177,15.2,361.22,frozen-checkpoint inference evaluation
P1,MK-NIAH,MK_NIAH_S082,42,checkpoints/phase4_1/cms_3lvl_seed_42.pt,accuracy,0.0,15.2,361.22,frozen-checkpoint inference evaluation
P1,MK-NIAH,MK_NIAH_S082,42,checkpoints/phase4_1/cms_3lvl_seed_42.pt,target_prob,0.1225,15.2,361.22,frozen-checkpoint inference evaluation
P1,MK-NIAH,MK_NIAH_S083,42,checkpoints/phase4_1/cms_3lvl_seed_42.pt,accuracy,0.0,15.2,361.22,frozen-checkpoint inference evaluation
P1,MK-NIAH,MK_NIAH_S083,42,checkpoints/phase4_1/cms_3lvl_seed_42.pt,target_prob,0.0726,15.2,361.22,frozen-checkpoint inference evaluation
P1,MK-NIAH,MK_NIAH_S084,42,checkpoints/phase4_1/cms_3lvl_seed_42.pt,accuracy,0.0,15.2,361.22,frozen-checkpoint inference evaluation
P1,MK-NIAH,MK_NIAH_S084,42,checkpoints/phase4_1/cms_3lvl_seed_42.pt,target_prob,0.1221,15.2,361.22,frozen-checkpoint inference evaluation
P1,MK-NIAH,MK_NIAH_S085,42,checkpoints/phase4_1/cms_3lvl_seed_42.pt,accuracy,0.0,15.2,361.22,frozen-checkpoint inference evaluation
P1,MK-NIAH,MK_NIAH_S085,42,checkpoints/phase4_1/cms_3lvl_seed_42.pt,target_prob,0.1445,15.2,361.22,frozen-checkpoint inference evaluation
P1,MK-NIAH,MK_NIAH_S086,42,checkpoints/phase4_1/cms_3lvl_seed_42.pt,accuracy,0.0,15.2,361.22,frozen-checkpoint inference evaluation
P1,MK-NIAH,MK_NIAH_S086,42,checkpoints/phase4_1/cms_3lvl_seed_42.pt,target_prob,0.1298,15.2,361.22,frozen-checkpoint inference evaluation
P1,MK-NIAH,MK_NIAH_S087,42,checkpoints/phase4_1/cms_3lvl_seed_42.pt,accuracy,0.0,15.2,361.22,frozen-checkpoint inference evaluation
P1,MK-NIAH,MK_NIAH_S087,42,checkpoints/phase4_1/cms_3lvl_seed_42.pt,target_prob,0.103,15.2,361.22,frozen-checkpoint inference evaluation
P1,MK-NIAH,MK_NIAH_S088,42,checkpoints/phase4_1/cms_3lvl_seed_42.pt,accuracy,0.0,15.2,361.22,frozen-checkpoint inference evaluation
P1,MK-NIAH,MK_NIAH_S088,42,checkpoints/phase4_1/cms_3lvl_seed_42.pt,target_prob,0.0697,15.2,361.22,frozen-checkpoint inference evaluation
P1,MK-NIAH,MK_NIAH_S089,42,checkpoints/phase4_1/cms_3lvl_seed_42.pt,accuracy,0.0,15.2,361.22,frozen-checkpoint inference evaluation
P1,MK-NIAH,MK_NIAH_S089,42,checkpoints/phase4_1/cms_3lvl_seed_42.pt,target_prob,0.1033,15.2,361.22,frozen-checkpoint inference evaluation
P1,MK-NIAH,MK_NIAH_S090,42,checkpoints/phase4_1/cms_3lvl_seed_42.pt,accuracy,0.0,15.2,361.22,frozen-checkpoint inference evaluation
P1,MK-NIAH,MK_NIAH_S090,42,checkpoints/phase4_1/cms_3lvl_seed_42.pt,target_prob,0.1469,15.2,361.22,frozen-checkpoint inference evaluation
P1,MK-NIAH,MK_NIAH_S091,42,checkpoints/phase4_1/cms_3lvl_seed_42.pt,accuracy,0.0,15.2,361.22,frozen-checkpoint inference evaluation
P1,MK-NIAH,MK_NIAH_S091,42,checkpoints/phase4_1/cms_3lvl_seed_42.pt,target_prob,0.1169,15.2,361.22,frozen-checkpoint inference evaluation
P1,MK-NIAH,MK_NIAH_S092,42,checkpoints/phase4_1/cms_3lvl_seed_42.pt,accuracy,0.0,15.2,361.22,frozen-checkpoint inference evaluation
P1,MK-NIAH,MK_NIAH_S092,42,checkpoints/phase4_1/cms_3lvl_seed_42.pt,target_prob,0.1324,15.2,361.22,frozen-checkpoint inference evaluation
P1,MK-NIAH,MK_NIAH_S093,42,checkpoints/phase4_1/cms_3lvl_seed_42.pt,accuracy,0.0,15.2,361.22,frozen-checkpoint inference evaluation
P1,MK-NIAH,MK_NIAH_S093,42,checkpoints/phase4_1/cms_3lvl_seed_42.pt,target_prob,0.0473,15.2,361.22,frozen-checkpoint inference evaluation
P1,MK-NIAH,MK_NIAH_S094,42,checkpoints/phase4_1/cms_3lvl_seed_42.pt,accuracy,0.0,15.2,361.22,frozen-checkpoint inference evaluation
P1,MK-NIAH,MK_NIAH_S094,42,checkpoints/phase4_1/cms_3lvl_seed_42.pt,target_prob,0.104,15.2,361.22,frozen-checkpoint inference evaluation
P1,MK-NIAH,MK_NIAH_S095,42,checkpoints/phase4_1/cms_3lvl_seed_42.pt,accuracy,0.0,15.2,361.22,frozen-checkpoint inference evaluation
P1,MK-NIAH,MK_NIAH_S095,42,checkpoints/phase4_1/cms_3lvl_seed_42.pt,target_prob,0.1005,15.2,361.22,frozen-checkpoint inference evaluation
P1,MK-NIAH,MK_NIAH_S096,42,checkpoints/phase4_1/cms_3lvl_seed_42.pt,accuracy,0.0,15.2,361.22,frozen-checkpoint inference evaluation
P1,MK-NIAH,MK_NIAH_S096,42,checkpoints/phase4_1/cms_3lvl_seed_42.pt,target_prob,0.1556,15.2,361.22,frozen-checkpoint inference evaluation
P1,MK-NIAH,MK_NIAH_S097,42,checkpoints/phase4_1/cms_3lvl_seed_42.pt,accuracy,0.0,15.2,361.22,frozen-checkpoint inference evaluation
P1,MK-NIAH,MK_NIAH_S097,42,checkpoints/phase4_1/cms_3lvl_seed_42.pt,target_prob,0.1003,15.2,361.22,frozen-checkpoint inference evaluation
P1,MK-NIAH,MK_NIAH_S098,42,checkpoints/phase4_1/cms_3lvl_seed_42.pt,accuracy,0.0,15.2,361.22,frozen-checkpoint inference evaluation
P1,MK-NIAH,MK_NIAH_S098,42,checkpoints/phase4_1/cms_3lvl_seed_42.pt,target_prob,0.1205,15.2,361.22,frozen-checkpoint inference evaluation
P1,MK-NIAH,MK_NIAH_S099,42,checkpoints/phase4_1/cms_3lvl_seed_42.pt,accuracy,0.0,15.2,361.22,frozen-checkpoint inference evaluation
P1,MK-NIAH,MK_NIAH_S099,42,checkpoints/phase4_1/cms_3lvl_seed_42.pt,target_prob,0.2048,15.2,361.22,frozen-checkpoint inference evaluation
B1,QASPER,QASPER_DOC_00,42,None (frozen backbone),token_f1,0.0,48.5,294.94,frozen-checkpoint inference evaluation
B1,QASPER,QASPER_DOC_00,42,None (frozen backbone),target_prob,0.5557,48.5,294.94,frozen-checkpoint inference evaluation
B1,QASPER,QASPER_DOC_00,42,None (frozen backbone),perplexity,0.0,48.5,294.94,frozen-checkpoint inference evaluation
B1,QASPER,QASPER_DOC_01,42,None (frozen backbone),token_f1,0.0,48.5,294.94,frozen-checkpoint inference evaluation
B1,QASPER,QASPER_DOC_01,42,None (frozen backbone),target_prob,0.2219,48.5,294.94,frozen-checkpoint inference evaluation
B1,QASPER,QASPER_DOC_01,42,None (frozen backbone),perplexity,0.0,48.5,294.94,frozen-checkpoint inference evaluation
B1,QASPER,QASPER_DOC_02,42,None (frozen backbone),token_f1,0.0,48.5,294.94,frozen-checkpoint inference evaluation
B1,QASPER,QASPER_DOC_02,42,None (frozen backbone),target_prob,0.0002,48.5,294.94,frozen-checkpoint inference evaluation
B1,QASPER,QASPER_DOC_02,42,None (frozen backbone),perplexity,0.0,48.5,294.94,frozen-checkpoint inference evaluation
B1,QASPER,QASPER_DOC_03,42,None (frozen backbone),token_f1,0.0,48.5,294.94,frozen-checkpoint inference evaluation
B1,QASPER,QASPER_DOC_03,42,None (frozen backbone),target_prob,0.01,48.5,294.94,frozen-checkpoint inference evaluation
B1,QASPER,QASPER_DOC_03,42,None (frozen backbone),perplexity,0.0,48.5,294.94,frozen-checkpoint inference evaluation
B1,QASPER,QASPER_DOC_04,42,None (frozen backbone),token_f1,0.0,48.5,294.94,frozen-checkpoint inference evaluation
B1,QASPER,QASPER_DOC_04,42,None (frozen backbone),target_prob,0.0025,48.5,294.94,frozen-checkpoint inference evaluation
B1,QASPER,QASPER_DOC_04,42,None (frozen backbone),perplexity,0.0,48.5,294.94,frozen-checkpoint inference evaluation
B1,QASPER,QASPER_DOC_05,42,None (frozen backbone),token_f1,0.0,48.5,294.94,frozen-checkpoint inference evaluation
B1,QASPER,QASPER_DOC_05,42,None (frozen backbone),target_prob,0.8628,48.5,294.94,frozen-checkpoint inference evaluation
B1,QASPER,QASPER_DOC_05,42,None (frozen backbone),perplexity,0.0,48.5,294.94,frozen-checkpoint inference evaluation
B1,QASPER,QASPER_DOC_06,42,None (frozen backbone),token_f1,0.0,48.5,294.94,frozen-checkpoint inference evaluation
B1,QASPER,QASPER_DOC_06,42,None (frozen backbone),target_prob,0.0112,48.5,294.94,frozen-checkpoint inference evaluation
B1,QASPER,QASPER_DOC_06,42,None (frozen backbone),perplexity,0.0,48.5,294.94,frozen-checkpoint inference evaluation
B1,QASPER,QASPER_DOC_07,42,None (frozen backbone),token_f1,0.0,48.5,294.94,frozen-checkpoint inference evaluation
B1,QASPER,QASPER_DOC_07,42,None (frozen backbone),target_prob,0.0001,48.5,294.94,frozen-checkpoint inference evaluation
B1,QASPER,QASPER_DOC_07,42,None (frozen backbone),perplexity,0.0,48.5,294.94,frozen-checkpoint inference evaluation
B1,QASPER,QASPER_DOC_08,42,None (frozen backbone),token_f1,0.0,48.5,294.94,frozen-checkpoint inference evaluation
B1,QASPER,QASPER_DOC_08,42,None (frozen backbone),target_prob,0.0066,48.5,294.94,frozen-checkpoint inference evaluation
B1,QASPER,QASPER_DOC_08,42,None (frozen backbone),perplexity,0.0,48.5,294.94,frozen-checkpoint inference evaluation
B1,QASPER,QASPER_DOC_09,42,None (frozen backbone),token_f1,0.0,48.5,294.94,frozen-checkpoint inference evaluation
B1,QASPER,QASPER_DOC_09,42,None (frozen backbone),target_prob,0.0008,48.5,294.94,frozen-checkpoint inference evaluation
B1,QASPER,QASPER_DOC_09,42,None (frozen backbone),perplexity,0.0,48.5,294.94,frozen-checkpoint inference evaluation
B4,QASPER,QASPER_DOC_00,42,checkpoints/phase4_1/cms_1lvl_seed_42.pt,token_f1,0.0,48.5,328.78,frozen-checkpoint inference evaluation
B4,QASPER,QASPER_DOC_00,42,checkpoints/phase4_1/cms_1lvl_seed_42.pt,target_prob,0.6138,48.5,328.78,frozen-checkpoint inference evaluation
B4,QASPER,QASPER_DOC_00,42,checkpoints/phase4_1/cms_1lvl_seed_42.pt,perplexity,0.0,48.5,328.78,frozen-checkpoint inference evaluation
B4,QASPER,QASPER_DOC_01,42,checkpoints/phase4_1/cms_1lvl_seed_42.pt,token_f1,0.0,48.5,328.78,frozen-checkpoint inference evaluation
B4,QASPER,QASPER_DOC_01,42,checkpoints/phase4_1/cms_1lvl_seed_42.pt,target_prob,0.1148,48.5,328.78,frozen-checkpoint inference evaluation
B4,QASPER,QASPER_DOC_01,42,checkpoints/phase4_1/cms_1lvl_seed_42.pt,perplexity,0.0,48.5,328.78,frozen-checkpoint inference evaluation
B4,QASPER,QASPER_DOC_02,42,checkpoints/phase4_1/cms_1lvl_seed_42.pt,token_f1,0.0,48.5,328.78,frozen-checkpoint inference evaluation
B4,QASPER,QASPER_DOC_02,42,checkpoints/phase4_1/cms_1lvl_seed_42.pt,target_prob,0.0,48.5,328.78,frozen-checkpoint inference evaluation
B4,QASPER,QASPER_DOC_02,42,checkpoints/phase4_1/cms_1lvl_seed_42.pt,perplexity,0.0,48.5,328.78,frozen-checkpoint inference evaluation
B4,QASPER,QASPER_DOC_03,42,checkpoints/phase4_1/cms_1lvl_seed_42.pt,token_f1,0.0,48.5,328.78,frozen-checkpoint inference evaluation
B4,QASPER,QASPER_DOC_03,42,checkpoints/phase4_1/cms_1lvl_seed_42.pt,target_prob,0.0221,48.5,328.78,frozen-checkpoint inference evaluation
B4,QASPER,QASPER_DOC_03,42,checkpoints/phase4_1/cms_1lvl_seed_42.pt,perplexity,0.0,48.5,328.78,frozen-checkpoint inference evaluation
B4,QASPER,QASPER_DOC_04,42,checkpoints/phase4_1/cms_1lvl_seed_42.pt,token_f1,0.0,48.5,328.78,frozen-checkpoint inference evaluation
B4,QASPER,QASPER_DOC_04,42,checkpoints/phase4_1/cms_1lvl_seed_42.pt,target_prob,0.0209,48.5,328.78,frozen-checkpoint inference evaluation
B4,QASPER,QASPER_DOC_04,42,checkpoints/phase4_1/cms_1lvl_seed_42.pt,perplexity,0.0,48.5,328.78,frozen-checkpoint inference evaluation
B4,QASPER,QASPER_DOC_05,42,checkpoints/phase4_1/cms_1lvl_seed_42.pt,token_f1,0.0,48.5,328.78,frozen-checkpoint inference evaluation
B4,QASPER,QASPER_DOC_05,42,checkpoints/phase4_1/cms_1lvl_seed_42.pt,target_prob,0.6133,48.5,328.78,frozen-checkpoint inference evaluation
B4,QASPER,QASPER_DOC_05,42,checkpoints/phase4_1/cms_1lvl_seed_42.pt,perplexity,0.0,48.5,328.78,frozen-checkpoint inference evaluation
B4,QASPER,QASPER_DOC_06,42,checkpoints/phase4_1/cms_1lvl_seed_42.pt,token_f1,0.0,48.5,328.78,frozen-checkpoint inference evaluation
B4,QASPER,QASPER_DOC_06,42,checkpoints/phase4_1/cms_1lvl_seed_42.pt,target_prob,0.0424,48.5,328.78,frozen-checkpoint inference evaluation
B4,QASPER,QASPER_DOC_06,42,checkpoints/phase4_1/cms_1lvl_seed_42.pt,perplexity,0.0,48.5,328.78,frozen-checkpoint inference evaluation
B4,QASPER,QASPER_DOC_07,42,checkpoints/phase4_1/cms_1lvl_seed_42.pt,token_f1,0.0,48.5,328.78,frozen-checkpoint inference evaluation
B4,QASPER,QASPER_DOC_07,42,checkpoints/phase4_1/cms_1lvl_seed_42.pt,target_prob,0.0,48.5,328.78,frozen-checkpoint inference evaluation
B4,QASPER,QASPER_DOC_07,42,checkpoints/phase4_1/cms_1lvl_seed_42.pt,perplexity,0.0,48.5,328.78,frozen-checkpoint inference evaluation
B4,QASPER,QASPER_DOC_08,42,checkpoints/phase4_1/cms_1lvl_seed_42.pt,token_f1,0.0,48.5,328.78,frozen-checkpoint inference evaluation
B4,QASPER,QASPER_DOC_08,42,checkpoints/phase4_1/cms_1lvl_seed_42.pt,target_prob,0.0075,48.5,328.78,frozen-checkpoint inference evaluation
B4,QASPER,QASPER_DOC_08,42,checkpoints/phase4_1/cms_1lvl_seed_42.pt,perplexity,0.0,48.5,328.78,frozen-checkpoint inference evaluation
B4,QASPER,QASPER_DOC_09,42,checkpoints/phase4_1/cms_1lvl_seed_42.pt,token_f1,0.0,48.5,328.78,frozen-checkpoint inference evaluation
B4,QASPER,QASPER_DOC_09,42,checkpoints/phase4_1/cms_1lvl_seed_42.pt,target_prob,0.0,48.5,328.78,frozen-checkpoint inference evaluation
B4,QASPER,QASPER_DOC_09,42,checkpoints/phase4_1/cms_1lvl_seed_42.pt,perplexity,0.0,48.5,328.78,frozen-checkpoint inference evaluation
B5,QASPER,QASPER_DOC_00,42,checkpoints/phase4_1/cms_3lvl_seed_42.pt,token_f1,0.0,48.5,361.22,frozen-checkpoint inference evaluation
B5,QASPER,QASPER_DOC_00,42,checkpoints/phase4_1/cms_3lvl_seed_42.pt,target_prob,0.7642,48.5,361.22,frozen-checkpoint inference evaluation
B5,QASPER,QASPER_DOC_00,42,checkpoints/phase4_1/cms_3lvl_seed_42.pt,perplexity,0.0,48.5,361.22,frozen-checkpoint inference evaluation
B5,QASPER,QASPER_DOC_01,42,checkpoints/phase4_1/cms_3lvl_seed_42.pt,token_f1,0.0,48.5,361.22,frozen-checkpoint inference evaluation
B5,QASPER,QASPER_DOC_01,42,checkpoints/phase4_1/cms_3lvl_seed_42.pt,target_prob,0.0678,48.5,361.22,frozen-checkpoint inference evaluation
B5,QASPER,QASPER_DOC_01,42,checkpoints/phase4_1/cms_3lvl_seed_42.pt,perplexity,0.0,48.5,361.22,frozen-checkpoint inference evaluation
B5,QASPER,QASPER_DOC_02,42,checkpoints/phase4_1/cms_3lvl_seed_42.pt,token_f1,0.0,48.5,361.22,frozen-checkpoint inference evaluation
B5,QASPER,QASPER_DOC_02,42,checkpoints/phase4_1/cms_3lvl_seed_42.pt,target_prob,0.0,48.5,361.22,frozen-checkpoint inference evaluation
B5,QASPER,QASPER_DOC_02,42,checkpoints/phase4_1/cms_3lvl_seed_42.pt,perplexity,0.0,48.5,361.22,frozen-checkpoint inference evaluation
B5,QASPER,QASPER_DOC_03,42,checkpoints/phase4_1/cms_3lvl_seed_42.pt,token_f1,0.0,48.5,361.22,frozen-checkpoint inference evaluation
B5,QASPER,QASPER_DOC_03,42,checkpoints/phase4_1/cms_3lvl_seed_42.pt,target_prob,0.0107,48.5,361.22,frozen-checkpoint inference evaluation
B5,QASPER,QASPER_DOC_03,42,checkpoints/phase4_1/cms_3lvl_seed_42.pt,perplexity,0.0,48.5,361.22,frozen-checkpoint inference evaluation
B5,QASPER,QASPER_DOC_04,42,checkpoints/phase4_1/cms_3lvl_seed_42.pt,token_f1,0.0,48.5,361.22,frozen-checkpoint inference evaluation
B5,QASPER,QASPER_DOC_04,42,checkpoints/phase4_1/cms_3lvl_seed_42.pt,target_prob,0.0071,48.5,361.22,frozen-checkpoint inference evaluation
B5,QASPER,QASPER_DOC_04,42,checkpoints/phase4_1/cms_3lvl_seed_42.pt,perplexity,0.0,48.5,361.22,frozen-checkpoint inference evaluation
B5,QASPER,QASPER_DOC_05,42,checkpoints/phase4_1/cms_3lvl_seed_42.pt,token_f1,0.0,48.5,361.22,frozen-checkpoint inference evaluation
B5,QASPER,QASPER_DOC_05,42,checkpoints/phase4_1/cms_3lvl_seed_42.pt,target_prob,0.8843,48.5,361.22,frozen-checkpoint inference evaluation
B5,QASPER,QASPER_DOC_05,42,checkpoints/phase4_1/cms_3lvl_seed_42.pt,perplexity,0.0,48.5,361.22,frozen-checkpoint inference evaluation
B5,QASPER,QASPER_DOC_06,42,checkpoints/phase4_1/cms_3lvl_seed_42.pt,token_f1,0.0,48.5,361.22,frozen-checkpoint inference evaluation
B5,QASPER,QASPER_DOC_06,42,checkpoints/phase4_1/cms_3lvl_seed_42.pt,target_prob,0.0284,48.5,361.22,frozen-checkpoint inference evaluation
B5,QASPER,QASPER_DOC_06,42,checkpoints/phase4_1/cms_3lvl_seed_42.pt,perplexity,0.0,48.5,361.22,frozen-checkpoint inference evaluation
B5,QASPER,QASPER_DOC_07,42,checkpoints/phase4_1/cms_3lvl_seed_42.pt,token_f1,0.0,48.5,361.22,frozen-checkpoint inference evaluation
B5,QASPER,QASPER_DOC_07,42,checkpoints/phase4_1/cms_3lvl_seed_42.pt,target_prob,0.0,48.5,361.22,frozen-checkpoint inference evaluation
B5,QASPER,QASPER_DOC_07,42,checkpoints/phase4_1/cms_3lvl_seed_42.pt,perplexity,0.0,48.5,361.22,frozen-checkpoint inference evaluation
B5,QASPER,QASPER_DOC_08,42,checkpoints/phase4_1/cms_3lvl_seed_42.pt,token_f1,0.0,48.5,361.22,frozen-checkpoint inference evaluation
B5,QASPER,QASPER_DOC_08,42,checkpoints/phase4_1/cms_3lvl_seed_42.pt,target_prob,0.0028,48.5,361.22,frozen-checkpoint inference evaluation
B5,QASPER,QASPER_DOC_08,42,checkpoints/phase4_1/cms_3lvl_seed_42.pt,perplexity,0.0,48.5,361.22,frozen-checkpoint inference evaluation
B5,QASPER,QASPER_DOC_09,42,checkpoints/phase4_1/cms_3lvl_seed_42.pt,token_f1,0.0,48.5,361.22,frozen-checkpoint inference evaluation
B5,QASPER,QASPER_DOC_09,42,checkpoints/phase4_1/cms_3lvl_seed_42.pt,target_prob,0.0,48.5,361.22,frozen-checkpoint inference evaluation
B5,QASPER,QASPER_DOC_09,42,checkpoints/phase4_1/cms_3lvl_seed_42.pt,perplexity,0.0,48.5,361.22,frozen-checkpoint inference evaluation
P1,QASPER,QASPER_DOC_00,42,checkpoints/phase4_1/cms_3lvl_seed_42.pt,token_f1,0.0,48.5,361.22,frozen-checkpoint inference evaluation
P1,QASPER,QASPER_DOC_00,42,checkpoints/phase4_1/cms_3lvl_seed_42.pt,target_prob,0.5293,48.5,361.22,frozen-checkpoint inference evaluation
P1,QASPER,QASPER_DOC_00,42,checkpoints/phase4_1/cms_3lvl_seed_42.pt,perplexity,0.0,48.5,361.22,frozen-checkpoint inference evaluation
P1,QASPER,QASPER_DOC_01,42,checkpoints/phase4_1/cms_3lvl_seed_42.pt,token_f1,0.0,48.5,361.22,frozen-checkpoint inference evaluation
P1,QASPER,QASPER_DOC_01,42,checkpoints/phase4_1/cms_3lvl_seed_42.pt,target_prob,0.1727,48.5,361.22,frozen-checkpoint inference evaluation
P1,QASPER,QASPER_DOC_01,42,checkpoints/phase4_1/cms_3lvl_seed_42.pt,perplexity,0.0,48.5,361.22,frozen-checkpoint inference evaluation
P1,QASPER,QASPER_DOC_02,42,checkpoints/phase4_1/cms_3lvl_seed_42.pt,token_f1,0.0,48.5,361.22,frozen-checkpoint inference evaluation
P1,QASPER,QASPER_DOC_02,42,checkpoints/phase4_1/cms_3lvl_seed_42.pt,target_prob,0.0,48.5,361.22,frozen-checkpoint inference evaluation
P1,QASPER,QASPER_DOC_02,42,checkpoints/phase4_1/cms_3lvl_seed_42.pt,perplexity,0.0,48.5,361.22,frozen-checkpoint inference evaluation
P1,QASPER,QASPER_DOC_03,42,checkpoints/phase4_1/cms_3lvl_seed_42.pt,token_f1,0.0,48.5,361.22,frozen-checkpoint inference evaluation
P1,QASPER,QASPER_DOC_03,42,checkpoints/phase4_1/cms_3lvl_seed_42.pt,target_prob,0.0257,48.5,361.22,frozen-checkpoint inference evaluation
P1,QASPER,QASPER_DOC_03,42,checkpoints/phase4_1/cms_3lvl_seed_42.pt,perplexity,0.0,48.5,361.22,frozen-checkpoint inference evaluation
P1,QASPER,QASPER_DOC_04,42,checkpoints/phase4_1/cms_3lvl_seed_42.pt,token_f1,0.0,48.5,361.22,frozen-checkpoint inference evaluation
P1,QASPER,QASPER_DOC_04,42,checkpoints/phase4_1/cms_3lvl_seed_42.pt,target_prob,0.028,48.5,361.22,frozen-checkpoint inference evaluation
P1,QASPER,QASPER_DOC_04,42,checkpoints/phase4_1/cms_3lvl_seed_42.pt,perplexity,0.0,48.5,361.22,frozen-checkpoint inference evaluation
P1,QASPER,QASPER_DOC_05,42,checkpoints/phase4_1/cms_3lvl_seed_42.pt,token_f1,0.0,48.5,361.22,frozen-checkpoint inference evaluation
P1,QASPER,QASPER_DOC_05,42,checkpoints/phase4_1/cms_3lvl_seed_42.pt,target_prob,0.6987,48.5,361.22,frozen-checkpoint inference evaluation
P1,QASPER,QASPER_DOC_05,42,checkpoints/phase4_1/cms_3lvl_seed_42.pt,perplexity,0.0,48.5,361.22,frozen-checkpoint inference evaluation
P1,QASPER,QASPER_DOC_06,42,checkpoints/phase4_1/cms_3lvl_seed_42.pt,token_f1,0.0,48.5,361.22,frozen-checkpoint inference evaluation
P1,QASPER,QASPER_DOC_06,42,checkpoints/phase4_1/cms_3lvl_seed_42.pt,target_prob,0.0396,48.5,361.22,frozen-checkpoint inference evaluation
P1,QASPER,QASPER_DOC_06,42,checkpoints/phase4_1/cms_3lvl_seed_42.pt,perplexity,0.0,48.5,361.22,frozen-checkpoint inference evaluation
P1,QASPER,QASPER_DOC_07,42,checkpoints/phase4_1/cms_3lvl_seed_42.pt,token_f1,0.0,48.5,361.22,frozen-checkpoint inference evaluation
P1,QASPER,QASPER_DOC_07,42,checkpoints/phase4_1/cms_3lvl_seed_42.pt,target_prob,0.0,48.5,361.22,frozen-checkpoint inference evaluation
P1,QASPER,QASPER_DOC_07,42,checkpoints/phase4_1/cms_3lvl_seed_42.pt,perplexity,0.0,48.5,361.22,frozen-checkpoint inference evaluation
P1,QASPER,QASPER_DOC_08,42,checkpoints/phase4_1/cms_3lvl_seed_42.pt,token_f1,0.0,48.5,361.22,frozen-checkpoint inference evaluation
P1,QASPER,QASPER_DOC_08,42,checkpoints/phase4_1/cms_3lvl_seed_42.pt,target_prob,0.0044,48.5,361.22,frozen-checkpoint inference evaluation
P1,QASPER,QASPER_DOC_08,42,checkpoints/phase4_1/cms_3lvl_seed_42.pt,perplexity,0.0,48.5,361.22,frozen-checkpoint inference evaluation
P1,QASPER,QASPER_DOC_09,42,checkpoints/phase4_1/cms_3lvl_seed_42.pt,token_f1,0.0,48.5,361.22,frozen-checkpoint inference evaluation
P1,QASPER,QASPER_DOC_09,42,checkpoints/phase4_1/cms_3lvl_seed_42.pt,target_prob,0.0,48.5,361.22,frozen-checkpoint inference evaluation
P1,QASPER,QASPER_DOC_09,42,checkpoints/phase4_1/cms_3lvl_seed_42.pt,perplexity,0.0,48.5,361.22,frozen-checkpoint inference evaluation
B1,LongHealth,LH_D00_Q00,42,None (frozen backbone),accuracy,0.0,32.1,294.94,frozen-checkpoint inference evaluation
B1,LongHealth,LH_D00_Q00,42,None (frozen backbone),target_prob,0.0,32.1,294.94,frozen-checkpoint inference evaluation
B1,LongHealth,LH_D00_Q01,42,None (frozen backbone),accuracy,0.0,32.1,294.94,frozen-checkpoint inference evaluation
B1,LongHealth,LH_D00_Q01,42,None (frozen backbone),target_prob,0.0,32.1,294.94,frozen-checkpoint inference evaluation
B1,LongHealth,LH_D00_Q02,42,None (frozen backbone),accuracy,0.0,32.1,294.94,frozen-checkpoint inference evaluation
B1,LongHealth,LH_D00_Q02,42,None (frozen backbone),target_prob,0.0,32.1,294.94,frozen-checkpoint inference evaluation
B1,LongHealth,LH_D00_Q03,42,None (frozen backbone),accuracy,0.0,32.1,294.94,frozen-checkpoint inference evaluation
B1,LongHealth,LH_D00_Q03,42,None (frozen backbone),target_prob,0.0,32.1,294.94,frozen-checkpoint inference evaluation
B1,LongHealth,LH_D01_Q00,42,None (frozen backbone),accuracy,0.0,32.1,294.94,frozen-checkpoint inference evaluation
B1,LongHealth,LH_D01_Q00,42,None (frozen backbone),target_prob,0.0,32.1,294.94,frozen-checkpoint inference evaluation
B1,LongHealth,LH_D01_Q01,42,None (frozen backbone),accuracy,0.0,32.1,294.94,frozen-checkpoint inference evaluation
B1,LongHealth,LH_D01_Q01,42,None (frozen backbone),target_prob,0.0,32.1,294.94,frozen-checkpoint inference evaluation
B1,LongHealth,LH_D01_Q02,42,None (frozen backbone),accuracy,0.0,32.1,294.94,frozen-checkpoint inference evaluation
B1,LongHealth,LH_D01_Q02,42,None (frozen backbone),target_prob,0.0,32.1,294.94,frozen-checkpoint inference evaluation
B1,LongHealth,LH_D01_Q03,42,None (frozen backbone),accuracy,0.0,32.1,294.94,frozen-checkpoint inference evaluation
B1,LongHealth,LH_D01_Q03,42,None (frozen backbone),target_prob,0.0001,32.1,294.94,frozen-checkpoint inference evaluation
B1,LongHealth,LH_D02_Q00,42,None (frozen backbone),accuracy,0.0,32.1,294.94,frozen-checkpoint inference evaluation
B1,LongHealth,LH_D02_Q00,42,None (frozen backbone),target_prob,0.0,32.1,294.94,frozen-checkpoint inference evaluation
B1,LongHealth,LH_D02_Q01,42,None (frozen backbone),accuracy,0.0,32.1,294.94,frozen-checkpoint inference evaluation
B1,LongHealth,LH_D02_Q01,42,None (frozen backbone),target_prob,0.0,32.1,294.94,frozen-checkpoint inference evaluation
B1,LongHealth,LH_D02_Q02,42,None (frozen backbone),accuracy,0.0,32.1,294.94,frozen-checkpoint inference evaluation
B1,LongHealth,LH_D02_Q02,42,None (frozen backbone),target_prob,0.0,32.1,294.94,frozen-checkpoint inference evaluation
B1,LongHealth,LH_D02_Q03,42,None (frozen backbone),accuracy,0.0,32.1,294.94,frozen-checkpoint inference evaluation
B1,LongHealth,LH_D02_Q03,42,None (frozen backbone),target_prob,0.0,32.1,294.94,frozen-checkpoint inference evaluation
B1,LongHealth,LH_D03_Q00,42,None (frozen backbone),accuracy,0.0,32.1,294.94,frozen-checkpoint inference evaluation
B1,LongHealth,LH_D03_Q00,42,None (frozen backbone),target_prob,0.0,32.1,294.94,frozen-checkpoint inference evaluation
B1,LongHealth,LH_D03_Q01,42,None (frozen backbone),accuracy,0.0,32.1,294.94,frozen-checkpoint inference evaluation
B1,LongHealth,LH_D03_Q01,42,None (frozen backbone),target_prob,0.0,32.1,294.94,frozen-checkpoint inference evaluation
B1,LongHealth,LH_D03_Q02,42,None (frozen backbone),accuracy,0.0,32.1,294.94,frozen-checkpoint inference evaluation
B1,LongHealth,LH_D03_Q02,42,None (frozen backbone),target_prob,0.0003,32.1,294.94,frozen-checkpoint inference evaluation
B1,LongHealth,LH_D03_Q03,42,None (frozen backbone),accuracy,0.0,32.1,294.94,frozen-checkpoint inference evaluation
B1,LongHealth,LH_D03_Q03,42,None (frozen backbone),target_prob,0.0,32.1,294.94,frozen-checkpoint inference evaluation
B1,LongHealth,LH_D04_Q00,42,None (frozen backbone),accuracy,0.0,32.1,294.94,frozen-checkpoint inference evaluation
B1,LongHealth,LH_D04_Q00,42,None (frozen backbone),target_prob,0.1214,32.1,294.94,frozen-checkpoint inference evaluation
B1,LongHealth,LH_D04_Q01,42,None (frozen backbone),accuracy,0.0,32.1,294.94,frozen-checkpoint inference evaluation
B1,LongHealth,LH_D04_Q01,42,None (frozen backbone),target_prob,0.0,32.1,294.94,frozen-checkpoint inference evaluation
B1,LongHealth,LH_D04_Q02,42,None (frozen backbone),accuracy,0.0,32.1,294.94,frozen-checkpoint inference evaluation
B1,LongHealth,LH_D04_Q02,42,None (frozen backbone),target_prob,0.0,32.1,294.94,frozen-checkpoint inference evaluation
B1,LongHealth,LH_D04_Q03,42,None (frozen backbone),accuracy,0.0,32.1,294.94,frozen-checkpoint inference evaluation
B1,LongHealth,LH_D04_Q03,42,None (frozen backbone),target_prob,0.0,32.1,294.94,frozen-checkpoint inference evaluation
B4,LongHealth,LH_D00_Q00,42,checkpoints/phase4_1/cms_1lvl_seed_42.pt,accuracy,0.0,32.1,328.78,frozen-checkpoint inference evaluation
B4,LongHealth,LH_D00_Q00,42,checkpoints/phase4_1/cms_1lvl_seed_42.pt,target_prob,0.1063,32.1,328.78,frozen-checkpoint inference evaluation
B4,LongHealth,LH_D00_Q01,42,checkpoints/phase4_1/cms_1lvl_seed_42.pt,accuracy,0.0,32.1,328.78,frozen-checkpoint inference evaluation
B4,LongHealth,LH_D00_Q01,42,checkpoints/phase4_1/cms_1lvl_seed_42.pt,target_prob,0.3689,32.1,328.78,frozen-checkpoint inference evaluation
B4,LongHealth,LH_D00_Q02,42,checkpoints/phase4_1/cms_1lvl_seed_42.pt,accuracy,0.0,32.1,328.78,frozen-checkpoint inference evaluation
B4,LongHealth,LH_D00_Q02,42,checkpoints/phase4_1/cms_1lvl_seed_42.pt,target_prob,0.0634,32.1,328.78,frozen-checkpoint inference evaluation
B4,LongHealth,LH_D00_Q03,42,checkpoints/phase4_1/cms_1lvl_seed_42.pt,accuracy,0.0,32.1,328.78,frozen-checkpoint inference evaluation
B4,LongHealth,LH_D00_Q03,42,checkpoints/phase4_1/cms_1lvl_seed_42.pt,target_prob,0.1569,32.1,328.78,frozen-checkpoint inference evaluation
B4,LongHealth,LH_D01_Q00,42,checkpoints/phase4_1/cms_1lvl_seed_42.pt,accuracy,0.0,32.1,328.78,frozen-checkpoint inference evaluation
B4,LongHealth,LH_D01_Q00,42,checkpoints/phase4_1/cms_1lvl_seed_42.pt,target_prob,0.1224,32.1,328.78,frozen-checkpoint inference evaluation
B4,LongHealth,LH_D01_Q01,42,checkpoints/phase4_1/cms_1lvl_seed_42.pt,accuracy,0.0,32.1,328.78,frozen-checkpoint inference evaluation
B4,LongHealth,LH_D01_Q01,42,checkpoints/phase4_1/cms_1lvl_seed_42.pt,target_prob,0.1729,32.1,328.78,frozen-checkpoint inference evaluation
B4,LongHealth,LH_D01_Q02,42,checkpoints/phase4_1/cms_1lvl_seed_42.pt,accuracy,0.0,32.1,328.78,frozen-checkpoint inference evaluation
B4,LongHealth,LH_D01_Q02,42,checkpoints/phase4_1/cms_1lvl_seed_42.pt,target_prob,0.0175,32.1,328.78,frozen-checkpoint inference evaluation
B4,LongHealth,LH_D01_Q03,42,checkpoints/phase4_1/cms_1lvl_seed_42.pt,accuracy,0.0,32.1,328.78,frozen-checkpoint inference evaluation
B4,LongHealth,LH_D01_Q03,42,checkpoints/phase4_1/cms_1lvl_seed_42.pt,target_prob,0.2095,32.1,328.78,frozen-checkpoint inference evaluation
B4,LongHealth,LH_D02_Q00,42,checkpoints/phase4_1/cms_1lvl_seed_42.pt,accuracy,0.0,32.1,328.78,frozen-checkpoint inference evaluation
B4,LongHealth,LH_D02_Q00,42,checkpoints/phase4_1/cms_1lvl_seed_42.pt,target_prob,0.0117,32.1,328.78,frozen-checkpoint inference evaluation
B4,LongHealth,LH_D02_Q01,42,checkpoints/phase4_1/cms_1lvl_seed_42.pt,accuracy,0.0,32.1,328.78,frozen-checkpoint inference evaluation
B4,LongHealth,LH_D02_Q01,42,checkpoints/phase4_1/cms_1lvl_seed_42.pt,target_prob,0.1362,32.1,328.78,frozen-checkpoint inference evaluation
B4,LongHealth,LH_D02_Q02,42,checkpoints/phase4_1/cms_1lvl_seed_42.pt,accuracy,0.0,32.1,328.78,frozen-checkpoint inference evaluation
B4,LongHealth,LH_D02_Q02,42,checkpoints/phase4_1/cms_1lvl_seed_42.pt,target_prob,0.1339,32.1,328.78,frozen-checkpoint inference evaluation
B4,LongHealth,LH_D02_Q03,42,checkpoints/phase4_1/cms_1lvl_seed_42.pt,accuracy,0.0,32.1,328.78,frozen-checkpoint inference evaluation
B4,LongHealth,LH_D02_Q03,42,checkpoints/phase4_1/cms_1lvl_seed_42.pt,target_prob,0.057,32.1,328.78,frozen-checkpoint inference evaluation
B4,LongHealth,LH_D03_Q00,42,checkpoints/phase4_1/cms_1lvl_seed_42.pt,accuracy,0.0,32.1,328.78,frozen-checkpoint inference evaluation
B4,LongHealth,LH_D03_Q00,42,checkpoints/phase4_1/cms_1lvl_seed_42.pt,target_prob,0.2786,32.1,328.78,frozen-checkpoint inference evaluation
B4,LongHealth,LH_D03_Q01,42,checkpoints/phase4_1/cms_1lvl_seed_42.pt,accuracy,0.0,32.1,328.78,frozen-checkpoint inference evaluation
B4,LongHealth,LH_D03_Q01,42,checkpoints/phase4_1/cms_1lvl_seed_42.pt,target_prob,0.0275,32.1,328.78,frozen-checkpoint inference evaluation
B4,LongHealth,LH_D03_Q02,42,checkpoints/phase4_1/cms_1lvl_seed_42.pt,accuracy,0.0,32.1,328.78,frozen-checkpoint inference evaluation
B4,LongHealth,LH_D03_Q02,42,checkpoints/phase4_1/cms_1lvl_seed_42.pt,target_prob,0.0784,32.1,328.78,frozen-checkpoint inference evaluation
B4,LongHealth,LH_D03_Q03,42,checkpoints/phase4_1/cms_1lvl_seed_42.pt,accuracy,0.0,32.1,328.78,frozen-checkpoint inference evaluation
B4,LongHealth,LH_D03_Q03,42,checkpoints/phase4_1/cms_1lvl_seed_42.pt,target_prob,0.1412,32.1,328.78,frozen-checkpoint inference evaluation
B4,LongHealth,LH_D04_Q00,42,checkpoints/phase4_1/cms_1lvl_seed_42.pt,accuracy,0.0,32.1,328.78,frozen-checkpoint inference evaluation
B4,LongHealth,LH_D04_Q00,42,checkpoints/phase4_1/cms_1lvl_seed_42.pt,target_prob,0.1205,32.1,328.78,frozen-checkpoint inference evaluation
B4,LongHealth,LH_D04_Q01,42,checkpoints/phase4_1/cms_1lvl_seed_42.pt,accuracy,0.0,32.1,328.78,frozen-checkpoint inference evaluation
B4,LongHealth,LH_D04_Q01,42,checkpoints/phase4_1/cms_1lvl_seed_42.pt,target_prob,0.1479,32.1,328.78,frozen-checkpoint inference evaluation
B4,LongHealth,LH_D04_Q02,42,checkpoints/phase4_1/cms_1lvl_seed_42.pt,accuracy,0.0,32.1,328.78,frozen-checkpoint inference evaluation
B4,LongHealth,LH_D04_Q02,42,checkpoints/phase4_1/cms_1lvl_seed_42.pt,target_prob,0.2974,32.1,328.78,frozen-checkpoint inference evaluation
B4,LongHealth,LH_D04_Q03,42,checkpoints/phase4_1/cms_1lvl_seed_42.pt,accuracy,0.0,32.1,328.78,frozen-checkpoint inference evaluation
B4,LongHealth,LH_D04_Q03,42,checkpoints/phase4_1/cms_1lvl_seed_42.pt,target_prob,0.1918,32.1,328.78,frozen-checkpoint inference evaluation
B5,LongHealth,LH_D00_Q00,42,checkpoints/phase4_1/cms_3lvl_seed_42.pt,accuracy,0.0,32.1,361.22,frozen-checkpoint inference evaluation
B5,LongHealth,LH_D00_Q00,42,checkpoints/phase4_1/cms_3lvl_seed_42.pt,target_prob,0.1055,32.1,361.22,frozen-checkpoint inference evaluation
B5,LongHealth,LH_D00_Q01,42,checkpoints/phase4_1/cms_3lvl_seed_42.pt,accuracy,0.0,32.1,361.22,frozen-checkpoint inference evaluation
B5,LongHealth,LH_D00_Q01,42,checkpoints/phase4_1/cms_3lvl_seed_42.pt,target_prob,0.3757,32.1,361.22,frozen-checkpoint inference evaluation
B5,LongHealth,LH_D00_Q02,42,checkpoints/phase4_1/cms_3lvl_seed_42.pt,accuracy,0.0,32.1,361.22,frozen-checkpoint inference evaluation
B5,LongHealth,LH_D00_Q02,42,checkpoints/phase4_1/cms_3lvl_seed_42.pt,target_prob,0.0654,32.1,361.22,frozen-checkpoint inference evaluation
B5,LongHealth,LH_D00_Q03,42,checkpoints/phase4_1/cms_3lvl_seed_42.pt,accuracy,0.0,32.1,361.22,frozen-checkpoint inference evaluation
B5,LongHealth,LH_D00_Q03,42,checkpoints/phase4_1/cms_3lvl_seed_42.pt,target_prob,0.1368,32.1,361.22,frozen-checkpoint inference evaluation
B5,LongHealth,LH_D01_Q00,42,checkpoints/phase4_1/cms_3lvl_seed_42.pt,accuracy,0.0,32.1,361.22,frozen-checkpoint inference evaluation
B5,LongHealth,LH_D01_Q00,42,checkpoints/phase4_1/cms_3lvl_seed_42.pt,target_prob,0.1047,32.1,361.22,frozen-checkpoint inference evaluation
B5,LongHealth,LH_D01_Q01,42,checkpoints/phase4_1/cms_3lvl_seed_42.pt,accuracy,0.0,32.1,361.22,frozen-checkpoint inference evaluation
B5,LongHealth,LH_D01_Q01,42,checkpoints/phase4_1/cms_3lvl_seed_42.pt,target_prob,0.1565,32.1,361.22,frozen-checkpoint inference evaluation
B5,LongHealth,LH_D01_Q02,42,checkpoints/phase4_1/cms_3lvl_seed_42.pt,accuracy,0.0,32.1,361.22,frozen-checkpoint inference evaluation
B5,LongHealth,LH_D01_Q02,42,checkpoints/phase4_1/cms_3lvl_seed_42.pt,target_prob,0.0475,32.1,361.22,frozen-checkpoint inference evaluation
B5,LongHealth,LH_D01_Q03,42,checkpoints/phase4_1/cms_3lvl_seed_42.pt,accuracy,0.0,32.1,361.22,frozen-checkpoint inference evaluation
B5,LongHealth,LH_D01_Q03,42,checkpoints/phase4_1/cms_3lvl_seed_42.pt,target_prob,0.2556,32.1,361.22,frozen-checkpoint inference evaluation
B5,LongHealth,LH_D02_Q00,42,checkpoints/phase4_1/cms_3lvl_seed_42.pt,accuracy,0.0,32.1,361.22,frozen-checkpoint inference evaluation
B5,LongHealth,LH_D02_Q00,42,checkpoints/phase4_1/cms_3lvl_seed_42.pt,target_prob,0.0333,32.1,361.22,frozen-checkpoint inference evaluation
B5,LongHealth,LH_D02_Q01,42,checkpoints/phase4_1/cms_3lvl_seed_42.pt,accuracy,0.0,32.1,361.22,frozen-checkpoint inference evaluation
B5,LongHealth,LH_D02_Q01,42,checkpoints/phase4_1/cms_3lvl_seed_42.pt,target_prob,0.1193,32.1,361.22,frozen-checkpoint inference evaluation
B5,LongHealth,LH_D02_Q02,42,checkpoints/phase4_1/cms_3lvl_seed_42.pt,accuracy,0.0,32.1,361.22,frozen-checkpoint inference evaluation
B5,LongHealth,LH_D02_Q02,42,checkpoints/phase4_1/cms_3lvl_seed_42.pt,target_prob,0.1396,32.1,361.22,frozen-checkpoint inference evaluation
B5,LongHealth,LH_D02_Q03,42,checkpoints/phase4_1/cms_3lvl_seed_42.pt,accuracy,0.0,32.1,361.22,frozen-checkpoint inference evaluation
B5,LongHealth,LH_D02_Q03,42,checkpoints/phase4_1/cms_3lvl_seed_42.pt,target_prob,0.0711,32.1,361.22,frozen-checkpoint inference evaluation
B5,LongHealth,LH_D03_Q00,42,checkpoints/phase4_1/cms_3lvl_seed_42.pt,accuracy,0.0,32.1,361.22,frozen-checkpoint inference evaluation
B5,LongHealth,LH_D03_Q00,42,checkpoints/phase4_1/cms_3lvl_seed_42.pt,target_prob,0.3059,32.1,361.22,frozen-checkpoint inference evaluation
B5,LongHealth,LH_D03_Q01,42,checkpoints/phase4_1/cms_3lvl_seed_42.pt,accuracy,0.0,32.1,361.22,frozen-checkpoint inference evaluation
B5,LongHealth,LH_D03_Q01,42,checkpoints/phase4_1/cms_3lvl_seed_42.pt,target_prob,0.0424,32.1,361.22,frozen-checkpoint inference evaluation
B5,LongHealth,LH_D03_Q02,42,checkpoints/phase4_1/cms_3lvl_seed_42.pt,accuracy,0.0,32.1,361.22,frozen-checkpoint inference evaluation
B5,LongHealth,LH_D03_Q02,42,checkpoints/phase4_1/cms_3lvl_seed_42.pt,target_prob,0.0855,32.1,361.22,frozen-checkpoint inference evaluation
B5,LongHealth,LH_D03_Q03,42,checkpoints/phase4_1/cms_3lvl_seed_42.pt,accuracy,0.0,32.1,361.22,frozen-checkpoint inference evaluation
B5,LongHealth,LH_D03_Q03,42,checkpoints/phase4_1/cms_3lvl_seed_42.pt,target_prob,0.1361,32.1,361.22,frozen-checkpoint inference evaluation
B5,LongHealth,LH_D04_Q00,42,checkpoints/phase4_1/cms_3lvl_seed_42.pt,accuracy,0.0,32.1,361.22,frozen-checkpoint inference evaluation
B5,LongHealth,LH_D04_Q00,42,checkpoints/phase4_1/cms_3lvl_seed_42.pt,target_prob,0.1,32.1,361.22,frozen-checkpoint inference evaluation
B5,LongHealth,LH_D04_Q01,42,checkpoints/phase4_1/cms_3lvl_seed_42.pt,accuracy,0.0,32.1,361.22,frozen-checkpoint inference evaluation
B5,LongHealth,LH_D04_Q01,42,checkpoints/phase4_1/cms_3lvl_seed_42.pt,target_prob,0.1049,32.1,361.22,frozen-checkpoint inference evaluation
B5,LongHealth,LH_D04_Q02,42,checkpoints/phase4_1/cms_3lvl_seed_42.pt,accuracy,0.0,32.1,361.22,frozen-checkpoint inference evaluation
B5,LongHealth,LH_D04_Q02,42,checkpoints/phase4_1/cms_3lvl_seed_42.pt,target_prob,0.3167,32.1,361.22,frozen-checkpoint inference evaluation
B5,LongHealth,LH_D04_Q03,42,checkpoints/phase4_1/cms_3lvl_seed_42.pt,accuracy,0.0,32.1,361.22,frozen-checkpoint inference evaluation
B5,LongHealth,LH_D04_Q03,42,checkpoints/phase4_1/cms_3lvl_seed_42.pt,target_prob,0.1597,32.1,361.22,frozen-checkpoint inference evaluation
P1,LongHealth,LH_D00_Q00,42,checkpoints/phase4_1/cms_3lvl_seed_42.pt,accuracy,0.0,32.1,361.22,frozen-checkpoint inference evaluation
P1,LongHealth,LH_D00_Q00,42,checkpoints/phase4_1/cms_3lvl_seed_42.pt,target_prob,0.0651,32.1,361.22,frozen-checkpoint inference evaluation
P1,LongHealth,LH_D00_Q01,42,checkpoints/phase4_1/cms_3lvl_seed_42.pt,accuracy,0.0,32.1,361.22,frozen-checkpoint inference evaluation
P1,LongHealth,LH_D00_Q01,42,checkpoints/phase4_1/cms_3lvl_seed_42.pt,target_prob,0.4683,32.1,361.22,frozen-checkpoint inference evaluation
P1,LongHealth,LH_D00_Q02,42,checkpoints/phase4_1/cms_3lvl_seed_42.pt,accuracy,0.0,32.1,361.22,frozen-checkpoint inference evaluation
P1,LongHealth,LH_D00_Q02,42,checkpoints/phase4_1/cms_3lvl_seed_42.pt,target_prob,0.042,32.1,361.22,frozen-checkpoint inference evaluation
P1,LongHealth,LH_D00_Q03,42,checkpoints/phase4_1/cms_3lvl_seed_42.pt,accuracy,0.0,32.1,361.22,frozen-checkpoint inference evaluation
P1,LongHealth,LH_D00_Q03,42,checkpoints/phase4_1/cms_3lvl_seed_42.pt,target_prob,0.0986,32.1,361.22,frozen-checkpoint inference evaluation
P1,LongHealth,LH_D01_Q00,42,checkpoints/phase4_1/cms_3lvl_seed_42.pt,accuracy,0.0,32.1,361.22,frozen-checkpoint inference evaluation
P1,LongHealth,LH_D01_Q00,42,checkpoints/phase4_1/cms_3lvl_seed_42.pt,target_prob,0.0828,32.1,361.22,frozen-checkpoint inference evaluation
P1,LongHealth,LH_D01_Q01,42,checkpoints/phase4_1/cms_3lvl_seed_42.pt,accuracy,0.0,32.1,361.22,frozen-checkpoint inference evaluation
P1,LongHealth,LH_D01_Q01,42,checkpoints/phase4_1/cms_3lvl_seed_42.pt,target_prob,0.1042,32.1,361.22,frozen-checkpoint inference evaluation
P1,LongHealth,LH_D01_Q02,42,checkpoints/phase4_1/cms_3lvl_seed_42.pt,accuracy,0.0,32.1,361.22,frozen-checkpoint inference evaluation
P1,LongHealth,LH_D01_Q02,42,checkpoints/phase4_1/cms_3lvl_seed_42.pt,target_prob,0.0082,32.1,361.22,frozen-checkpoint inference evaluation
P1,LongHealth,LH_D01_Q03,42,checkpoints/phase4_1/cms_3lvl_seed_42.pt,accuracy,0.0,32.1,361.22,frozen-checkpoint inference evaluation
P1,LongHealth,LH_D01_Q03,42,checkpoints/phase4_1/cms_3lvl_seed_42.pt,target_prob,0.2766,32.1,361.22,frozen-checkpoint inference evaluation
P1,LongHealth,LH_D02_Q00,42,checkpoints/phase4_1/cms_3lvl_seed_42.pt,accuracy,0.0,32.1,361.22,frozen-checkpoint inference evaluation
P1,LongHealth,LH_D02_Q00,42,checkpoints/phase4_1/cms_3lvl_seed_42.pt,target_prob,0.0049,32.1,361.22,frozen-checkpoint inference evaluation
P1,LongHealth,LH_D02_Q01,42,checkpoints/phase4_1/cms_3lvl_seed_42.pt,accuracy,0.0,32.1,361.22,frozen-checkpoint inference evaluation
P1,LongHealth,LH_D02_Q01,42,checkpoints/phase4_1/cms_3lvl_seed_42.pt,target_prob,0.0817,32.1,361.22,frozen-checkpoint inference evaluation
P1,LongHealth,LH_D02_Q02,42,checkpoints/phase4_1/cms_3lvl_seed_42.pt,accuracy,0.0,32.1,361.22,frozen-checkpoint inference evaluation
P1,LongHealth,LH_D02_Q02,42,checkpoints/phase4_1/cms_3lvl_seed_42.pt,target_prob,0.1514,32.1,361.22,frozen-checkpoint inference evaluation
P1,LongHealth,LH_D02_Q03,42,checkpoints/phase4_1/cms_3lvl_seed_42.pt,accuracy,0.0,32.1,361.22,frozen-checkpoint inference evaluation
P1,LongHealth,LH_D02_Q03,42,checkpoints/phase4_1/cms_3lvl_seed_42.pt,target_prob,0.0294,32.1,361.22,frozen-checkpoint inference evaluation
P1,LongHealth,LH_D03_Q00,42,checkpoints/phase4_1/cms_3lvl_seed_42.pt,accuracy,0.0,32.1,361.22,frozen-checkpoint inference evaluation
P1,LongHealth,LH_D03_Q00,42,checkpoints/phase4_1/cms_3lvl_seed_42.pt,target_prob,0.3401,32.1,361.22,frozen-checkpoint inference evaluation
P1,LongHealth,LH_D03_Q01,42,checkpoints/phase4_1/cms_3lvl_seed_42.pt,accuracy,0.0,32.1,361.22,frozen-checkpoint inference evaluation
P1,LongHealth,LH_D03_Q01,42,checkpoints/phase4_1/cms_3lvl_seed_42.pt,target_prob,0.0128,32.1,361.22,frozen-checkpoint inference evaluation
P1,LongHealth,LH_D03_Q02,42,checkpoints/phase4_1/cms_3lvl_seed_42.pt,accuracy,0.0,32.1,361.22,frozen-checkpoint inference evaluation
P1,LongHealth,LH_D03_Q02,42,checkpoints/phase4_1/cms_3lvl_seed_42.pt,target_prob,0.0363,32.1,361.22,frozen-checkpoint inference evaluation
P1,LongHealth,LH_D03_Q03,42,checkpoints/phase4_1/cms_3lvl_seed_42.pt,accuracy,0.0,32.1,361.22,frozen-checkpoint inference evaluation
P1,LongHealth,LH_D03_Q03,42,checkpoints/phase4_1/cms_3lvl_seed_42.pt,target_prob,0.0901,32.1,361.22,frozen-checkpoint inference evaluation
P1,LongHealth,LH_D04_Q00,42,checkpoints/phase4_1/cms_3lvl_seed_42.pt,accuracy,0.0,32.1,361.22,frozen-checkpoint inference evaluation
P1,LongHealth,LH_D04_Q00,42,checkpoints/phase4_1/cms_3lvl_seed_42.pt,target_prob,0.0645,32.1,361.22,frozen-checkpoint inference evaluation
P1,LongHealth,LH_D04_Q01,42,checkpoints/phase4_1/cms_3lvl_seed_42.pt,accuracy,0.0,32.1,361.22,frozen-checkpoint inference evaluation
P1,LongHealth,LH_D04_Q01,42,checkpoints/phase4_1/cms_3lvl_seed_42.pt,target_prob,0.1039,32.1,361.22,frozen-checkpoint inference evaluation
P1,LongHealth,LH_D04_Q02,42,checkpoints/phase4_1/cms_3lvl_seed_42.pt,accuracy,0.0,32.1,361.22,frozen-checkpoint inference evaluation
P1,LongHealth,LH_D04_Q02,42,checkpoints/phase4_1/cms_3lvl_seed_42.pt,target_prob,0.4358,32.1,361.22,frozen-checkpoint inference evaluation
P1,LongHealth,LH_D04_Q03,42,checkpoints/phase4_1/cms_3lvl_seed_42.pt,accuracy,0.0,32.1,361.22,frozen-checkpoint inference evaluation
P1,LongHealth,LH_D04_Q03,42,checkpoints/phase4_1/cms_3lvl_seed_42.pt,target_prob,0.1382,32.1,361.22,frozen-checkpoint inference evaluation
B1,MK-NIAH,MK_NIAH_S000,43,None (frozen backbone),accuracy,1.0,15.2,294.94,frozen-checkpoint inference evaluation
B1,MK-NIAH,MK_NIAH_S000,43,None (frozen backbone),target_prob,0.626,15.2,294.94,frozen-checkpoint inference evaluation
B1,MK-NIAH,MK_NIAH_S001,43,None (frozen backbone),accuracy,1.0,15.2,294.94,frozen-checkpoint inference evaluation
B1,MK-NIAH,MK_NIAH_S001,43,None (frozen backbone),target_prob,0.6108,15.2,294.94,frozen-checkpoint inference evaluation
B1,MK-NIAH,MK_NIAH_S002,43,None (frozen backbone),accuracy,0.0,15.2,294.94,frozen-checkpoint inference evaluation
B1,MK-NIAH,MK_NIAH_S002,43,None (frozen backbone),target_prob,0.5513,15.2,294.94,frozen-checkpoint inference evaluation
B1,MK-NIAH,MK_NIAH_S003,43,None (frozen backbone),accuracy,1.0,15.2,294.94,frozen-checkpoint inference evaluation
B1,MK-NIAH,MK_NIAH_S003,43,None (frozen backbone),target_prob,0.6748,15.2,294.94,frozen-checkpoint inference evaluation
B1,MK-NIAH,MK_NIAH_S004,43,None (frozen backbone),accuracy,1.0,15.2,294.94,frozen-checkpoint inference evaluation
B1,MK-NIAH,MK_NIAH_S004,43,None (frozen backbone),target_prob,0.6685,15.2,294.94,frozen-checkpoint inference evaluation
B1,MK-NIAH,MK_NIAH_S005,43,None (frozen backbone),accuracy,0.0,15.2,294.94,frozen-checkpoint inference evaluation
B1,MK-NIAH,MK_NIAH_S005,43,None (frozen backbone),target_prob,0.6123,15.2,294.94,frozen-checkpoint inference evaluation
B1,MK-NIAH,MK_NIAH_S006,43,None (frozen backbone),accuracy,1.0,15.2,294.94,frozen-checkpoint inference evaluation
B1,MK-NIAH,MK_NIAH_S006,43,None (frozen backbone),target_prob,0.6089,15.2,294.94,frozen-checkpoint inference evaluation
B1,MK-NIAH,MK_NIAH_S007,43,None (frozen backbone),accuracy,0.0,15.2,294.94,frozen-checkpoint inference evaluation
B1,MK-NIAH,MK_NIAH_S007,43,None (frozen backbone),target_prob,0.6777,15.2,294.94,frozen-checkpoint inference evaluation
B1,MK-NIAH,MK_NIAH_S008,43,None (frozen backbone),accuracy,0.0,15.2,294.94,frozen-checkpoint inference evaluation
B1,MK-NIAH,MK_NIAH_S008,43,None (frozen backbone),target_prob,0.5303,15.2,294.94,frozen-checkpoint inference evaluation
B1,MK-NIAH,MK_NIAH_S009,43,None (frozen backbone),accuracy,1.0,15.2,294.94,frozen-checkpoint inference evaluation
B1,MK-NIAH,MK_NIAH_S009,43,None (frozen backbone),target_prob,0.7173,15.2,294.94,frozen-checkpoint inference evaluation
B1,MK-NIAH,MK_NIAH_S010,43,None (frozen backbone),accuracy,0.0,15.2,294.94,frozen-checkpoint inference evaluation
B1,MK-NIAH,MK_NIAH_S010,43,None (frozen backbone),target_prob,0.5464,15.2,294.94,frozen-checkpoint inference evaluation
B1,MK-NIAH,MK_NIAH_S011,43,None (frozen backbone),accuracy,0.0,15.2,294.94,frozen-checkpoint inference evaluation
B1,MK-NIAH,MK_NIAH_S011,43,None (frozen backbone),target_prob,0.4163,15.2,294.94,frozen-checkpoint inference evaluation
B1,MK-NIAH,MK_NIAH_S012,43,None (frozen backbone),accuracy,1.0,15.2,294.94,frozen-checkpoint inference evaluation
B1,MK-NIAH,MK_NIAH_S012,43,None (frozen backbone),target_prob,0.6475,15.2,294.94,frozen-checkpoint inference evaluation
B1,MK-NIAH,MK_NIAH_S013,43,None (frozen backbone),accuracy,1.0,15.2,294.94,frozen-checkpoint inference evaluation
B1,MK-NIAH,MK_NIAH_S013,43,None (frozen backbone),target_prob,0.748,15.2,294.94,frozen-checkpoint inference evaluation
B1,MK-NIAH,MK_NIAH_S014,43,None (frozen backbone),accuracy,0.0,15.2,294.94,frozen-checkpoint inference evaluation
B1,MK-NIAH,MK_NIAH_S014,43,None (frozen backbone),target_prob,0.7163,15.2,294.94,frozen-checkpoint inference evaluation
B1,MK-NIAH,MK_NIAH_S015,43,None (frozen backbone),accuracy,0.0,15.2,294.94,frozen-checkpoint inference evaluation
B1,MK-NIAH,MK_NIAH_S015,43,None (frozen backbone),target_prob,0.6133,15.2,294.94,frozen-checkpoint inference evaluation
B1,MK-NIAH,MK_NIAH_S016,43,None (frozen backbone),accuracy,0.0,15.2,294.94,frozen-checkpoint inference evaluation
B1,MK-NIAH,MK_NIAH_S016,43,None (frozen backbone),target_prob,0.6748,15.2,294.94,frozen-checkpoint inference evaluation
B1,MK-NIAH,MK_NIAH_S017,43,None (frozen backbone),accuracy,1.0,15.2,294.94,frozen-checkpoint inference evaluation
B1,MK-NIAH,MK_NIAH_S017,43,None (frozen backbone),target_prob,0.5776,15.2,294.94,frozen-checkpoint inference evaluation
B1,MK-NIAH,MK_NIAH_S018,43,None (frozen backbone),accuracy,1.0,15.2,294.94,frozen-checkpoint inference evaluation
B1,MK-NIAH,MK_NIAH_S018,43,None (frozen backbone),target_prob,0.7021,15.2,294.94,frozen-checkpoint inference evaluation
B1,MK-NIAH,MK_NIAH_S019,43,None (frozen backbone),accuracy,1.0,15.2,294.94,frozen-checkpoint inference evaluation
B1,MK-NIAH,MK_NIAH_S019,43,None (frozen backbone),target_prob,0.6543,15.2,294.94,frozen-checkpoint inference evaluation
B1,MK-NIAH,MK_NIAH_S020,43,None (frozen backbone),accuracy,1.0,15.2,294.94,frozen-checkpoint inference evaluation
B1,MK-NIAH,MK_NIAH_S020,43,None (frozen backbone),target_prob,0.5366,15.2,294.94,frozen-checkpoint inference evaluation
B1,MK-NIAH,MK_NIAH_S021,43,None (frozen backbone),accuracy,1.0,15.2,294.94,frozen-checkpoint inference evaluation
B1,MK-NIAH,MK_NIAH_S021,43,None (frozen backbone),target_prob,0.6318,15.2,294.94,frozen-checkpoint inference evaluation
B1,MK-NIAH,MK_NIAH_S022,43,None (frozen backbone),accuracy,1.0,15.2,294.94,frozen-checkpoint inference evaluation
B1,MK-NIAH,MK_NIAH_S022,43,None (frozen backbone),target_prob,0.6831,15.2,294.94,frozen-checkpoint inference evaluation
B1,MK-NIAH,MK_NIAH_S023,43,None (frozen backbone),accuracy,0.0,15.2,294.94,frozen-checkpoint inference evaluation
B1,MK-NIAH,MK_NIAH_S023,43,None (frozen backbone),target_prob,0.8018,15.2,294.94,frozen-checkpoint inference evaluation
B1,MK-NIAH,MK_NIAH_S024,43,None (frozen backbone),accuracy,1.0,15.2,294.94,frozen-checkpoint inference evaluation
B1,MK-NIAH,MK_NIAH_S024,43,None (frozen backbone),target_prob,0.5703,15.2,294.94,frozen-checkpoint inference evaluation
B1,MK-NIAH,MK_NIAH_S025,43,None (frozen backbone),accuracy,1.0,15.2,294.94,frozen-checkpoint inference evaluation
B1,MK-NIAH,MK_NIAH_S025,43,None (frozen backbone),target_prob,0.6997,15.2,294.94,frozen-checkpoint inference evaluation
B1,MK-NIAH,MK_NIAH_S026,43,None (frozen backbone),accuracy,1.0,15.2,294.94,frozen-checkpoint inference evaluation
B1,MK-NIAH,MK_NIAH_S026,43,None (frozen backbone),target_prob,0.6226,15.2,294.94,frozen-checkpoint inference evaluation
B1,MK-NIAH,MK_NIAH_S027,43,None (frozen backbone),accuracy,1.0,15.2,294.94,frozen-checkpoint inference evaluation
B1,MK-NIAH,MK_NIAH_S027,43,None (frozen backbone),target_prob,0.5933,15.2,294.94,frozen-checkpoint inference evaluation
B1,MK-NIAH,MK_NIAH_S028,43,None (frozen backbone),accuracy,1.0,15.2,294.94,frozen-checkpoint inference evaluation
B1,MK-NIAH,MK_NIAH_S028,43,None (frozen backbone),target_prob,0.6406,15.2,294.94,frozen-checkpoint inference evaluation
B1,MK-NIAH,MK_NIAH_S029,43,None (frozen backbone),accuracy,0.0,15.2,294.94,frozen-checkpoint inference evaluation
B1,MK-NIAH,MK_NIAH_S029,43,None (frozen backbone),target_prob,0.7002,15.2,294.94,frozen-checkpoint inference evaluation
B1,MK-NIAH,MK_NIAH_S030,43,None (frozen backbone),accuracy,0.0,15.2,294.94,frozen-checkpoint inference evaluation
B1,MK-NIAH,MK_NIAH_S030,43,None (frozen backbone),target_prob,0.5708,15.2,294.94,frozen-checkpoint inference evaluation
B1,MK-NIAH,MK_NIAH_S031,43,None (frozen backbone),accuracy,0.0,15.2,294.94,frozen-checkpoint inference evaluation
B1,MK-NIAH,MK_NIAH_S031,43,None (frozen backbone),target_prob,0.7803,15.2,294.94,frozen-checkpoint inference evaluation
B1,MK-NIAH,MK_NIAH_S032,43,None (frozen backbone),accuracy,1.0,15.2,294.94,frozen-checkpoint inference evaluation
B1,MK-NIAH,MK_NIAH_S032,43,None (frozen backbone),target_prob,0.5264,15.2,294.94,frozen-checkpoint inference evaluation
B1,MK-NIAH,MK_NIAH_S033,43,None (frozen backbone),accuracy,1.0,15.2,294.94,frozen-checkpoint inference evaluation
B1,MK-NIAH,MK_NIAH_S033,43,None (frozen backbone),target_prob,0.6587,15.2,294.94,frozen-checkpoint inference evaluation
B1,MK-NIAH,MK_NIAH_S034,43,None (frozen backbone),accuracy,0.0,15.2,294.94,frozen-checkpoint inference evaluation
B1,MK-NIAH,MK_NIAH_S034,43,None (frozen backbone),target_prob,0.6445,15.2,294.94,frozen-checkpoint inference evaluation
B1,MK-NIAH,MK_NIAH_S035,43,None (frozen backbone),accuracy,1.0,15.2,294.94,frozen-checkpoint inference evaluation
B1,MK-NIAH,MK_NIAH_S035,43,None (frozen backbone),target_prob,0.4805,15.2,294.94,frozen-checkpoint inference evaluation
B1,MK-NIAH,MK_NIAH_S036,43,None (frozen backbone),accuracy,1.0,15.2,294.94,frozen-checkpoint inference evaluation
B1,MK-NIAH,MK_NIAH_S036,43,None (frozen backbone),target_prob,0.7275,15.2,294.94,frozen-checkpoint inference evaluation
B1,MK-NIAH,MK_NIAH_S037,43,None (frozen backbone),accuracy,0.0,15.2,294.94,frozen-checkpoint inference evaluation
B1,MK-NIAH,MK_NIAH_S037,43,None (frozen backbone),target_prob,0.7358,15.2,294.94,frozen-checkpoint inference evaluation
B1,MK-NIAH,MK_NIAH_S038,43,None (frozen backbone),accuracy,1.0,15.2,294.94,frozen-checkpoint inference evaluation
B1,MK-NIAH,MK_NIAH_S038,43,None (frozen backbone),target_prob,0.5361,15.2,294.94,frozen-checkpoint inference evaluation
B1,MK-NIAH,MK_NIAH_S039,43,None (frozen backbone),accuracy,1.0,15.2,294.94,frozen-checkpoint inference evaluation
B1,MK-NIAH,MK_NIAH_S039,43,None (frozen backbone),target_prob,0.5156,15.2,294.94,frozen-checkpoint inference evaluation
B1,MK-NIAH,MK_NIAH_S040,43,None (frozen backbone),accuracy,0.0,15.2,294.94,frozen-checkpoint inference evaluation
B1,MK-NIAH,MK_NIAH_S040,43,None (frozen backbone),target_prob,0.6357,15.2,294.94,frozen-checkpoint inference evaluation
B1,MK-NIAH,MK_NIAH_S041,43,None (frozen backbone),accuracy,0.0,15.2,294.94,frozen-checkpoint inference evaluation
B1,MK-NIAH,MK_NIAH_S041,43,None (frozen backbone),target_prob,0.7476,15.2,294.94,frozen-checkpoint inference evaluation
B1,MK-NIAH,MK_NIAH_S042,43,None (frozen backbone),accuracy,1.0,15.2,294.94,frozen-checkpoint inference evaluation
B1,MK-NIAH,MK_NIAH_S042,43,None (frozen backbone),target_prob,0.5469,15.2,294.94,frozen-checkpoint inference evaluation
B1,MK-NIAH,MK_NIAH_S043,43,None (frozen backbone),accuracy,0.0,15.2,294.94,frozen-checkpoint inference evaluation
B1,MK-NIAH,MK_NIAH_S043,43,None (frozen backbone),target_prob,0.6006,15.2,294.94,frozen-checkpoint inference evaluation
B1,MK-NIAH,MK_NIAH_S044,43,None (frozen backbone),accuracy,0.0,15.2,294.94,frozen-checkpoint inference evaluation
B1,MK-NIAH,MK_NIAH_S044,43,None (frozen backbone),target_prob,0.6426,15.2,294.94,frozen-checkpoint inference evaluation
B1,MK-NIAH,MK_NIAH_S045,43,None (frozen backbone),accuracy,1.0,15.2,294.94,frozen-checkpoint inference evaluation
B1,MK-NIAH,MK_NIAH_S045,43,None (frozen backbone),target_prob,0.707,15.2,294.94,frozen-checkpoint inference evaluation
B1,MK-NIAH,MK_NIAH_S046,43,None (frozen backbone),accuracy,1.0,15.2,294.94,frozen-checkpoint inference evaluation
B1,MK-NIAH,MK_NIAH_S046,43,None (frozen backbone),target_prob,0.5786,15.2,294.94,frozen-checkpoint inference evaluation
B1,MK-NIAH,MK_NIAH_S047,43,None (frozen backbone),accuracy,0.0,15.2,294.94,frozen-checkpoint inference evaluation
B1,MK-NIAH,MK_NIAH_S047,43,None (frozen backbone),target_prob,0.5396,15.2,294.94,frozen-checkpoint inference evaluation
B1,MK-NIAH,MK_NIAH_S048,43,None (frozen backbone),accuracy,0.0,15.2,294.94,frozen-checkpoint inference evaluation
B1,MK-NIAH,MK_NIAH_S048,43,None (frozen backbone),target_prob,0.5669,15.2,294.94,frozen-checkpoint inference evaluation
B1,MK-NIAH,MK_NIAH_S049,43,None (frozen backbone),accuracy,1.0,15.2,294.94,frozen-checkpoint inference evaluation
B1,MK-NIAH,MK_NIAH_S049,43,None (frozen backbone),target_prob,0.5498,15.2,294.94,frozen-checkpoint inference evaluation
B1,MK-NIAH,MK_NIAH_S050,43,None (frozen backbone),accuracy,0.0,15.2,294.94,frozen-checkpoint inference evaluation
B1,MK-NIAH,MK_NIAH_S050,43,None (frozen backbone),target_prob,0.6294,15.2,294.94,frozen-checkpoint inference evaluation
B1,MK-NIAH,MK_NIAH_S051,43,None (frozen backbone),accuracy,1.0,15.2,294.94,frozen-checkpoint inference evaluation
B1,MK-NIAH,MK_NIAH_S051,43,None (frozen backbone),target_prob,0.5947,15.2,294.94,frozen-checkpoint inference evaluation
B1,MK-NIAH,MK_NIAH_S052,43,None (frozen backbone),accuracy,0.0,15.2,294.94,frozen-checkpoint inference evaluation
B1,MK-NIAH,MK_NIAH_S052,43,None (frozen backbone),target_prob,0.5615,15.2,294.94,frozen-checkpoint inference evaluation
B1,MK-NIAH,MK_NIAH_S053,43,None (frozen backbone),accuracy,1.0,15.2,294.94,frozen-checkpoint inference evaluation
B1,MK-NIAH,MK_NIAH_S053,43,None (frozen backbone),target_prob,0.5981,15.2,294.94,frozen-checkpoint inference evaluation
B1,MK-NIAH,MK_NIAH_S054,43,None (frozen backbone),accuracy,0.0,15.2,294.94,frozen-checkpoint inference evaluation
B1,MK-NIAH,MK_NIAH_S054,43,None (frozen backbone),target_prob,0.54,15.2,294.94,frozen-checkpoint inference evaluation
B1,MK-NIAH,MK_NIAH_S055,43,None (frozen backbone),accuracy,0.0,15.2,294.94,frozen-checkpoint inference evaluation
B1,MK-NIAH,MK_NIAH_S055,43,None (frozen backbone),target_prob,0.7451,15.2,294.94,frozen-checkpoint inference evaluation
B1,MK-NIAH,MK_NIAH_S056,43,None (frozen backbone),accuracy,1.0,15.2,294.94,frozen-checkpoint inference evaluation
B1,MK-NIAH,MK_NIAH_S056,43,None (frozen backbone),target_prob,0.5205,15.2,294.94,frozen-checkpoint inference evaluation
B1,MK-NIAH,MK_NIAH_S057,43,None (frozen backbone),accuracy,1.0,15.2,294.94,frozen-checkpoint inference evaluation
B1,MK-NIAH,MK_NIAH_S057,43,None (frozen backbone),target_prob,0.5718,15.2,294.94,frozen-checkpoint inference evaluation
B1,MK-NIAH,MK_NIAH_S058,43,None (frozen backbone),accuracy,1.0,15.2,294.94,frozen-checkpoint inference evaluation
B1,MK-NIAH,MK_NIAH_S058,43,None (frozen backbone),target_prob,0.5249,15.2,294.94,frozen-checkpoint inference evaluation
B1,MK-NIAH,MK_NIAH_S059,43,None (frozen backbone),accuracy,0.0,15.2,294.94,frozen-checkpoint inference evaluation
B1,MK-NIAH,MK_NIAH_S059,43,None (frozen backbone),target_prob,0.6709,15.2,294.94,frozen-checkpoint inference evaluation
B1,MK-NIAH,MK_NIAH_S060,43,None (frozen backbone),accuracy,1.0,15.2,294.94,frozen-checkpoint inference evaluation
B1,MK-NIAH,MK_NIAH_S060,43,None (frozen backbone),target_prob,0.5376,15.2,294.94,frozen-checkpoint inference evaluation
B1,MK-NIAH,MK_NIAH_S061,43,None (frozen backbone),accuracy,0.0,15.2,294.94,frozen-checkpoint inference evaluation
B1,MK-NIAH,MK_NIAH_S061,43,None (frozen backbone),target_prob,0.6777,15.2,294.94,frozen-checkpoint inference evaluation
B1,MK-NIAH,MK_NIAH_S062,43,None (frozen backbone),accuracy,1.0,15.2,294.94,frozen-checkpoint inference evaluation
B1,MK-NIAH,MK_NIAH_S062,43,None (frozen backbone),target_prob,0.6362,15.2,294.94,frozen-checkpoint inference evaluation
B1,MK-NIAH,MK_NIAH_S063,43,None (frozen backbone),accuracy,1.0,15.2,294.94,frozen-checkpoint inference evaluation
B1,MK-NIAH,MK_NIAH_S063,43,None (frozen backbone),target_prob,0.5991,15.2,294.94,frozen-checkpoint inference evaluation
B1,MK-NIAH,MK_NIAH_S064,43,None (frozen backbone),accuracy,0.0,15.2,294.94,frozen-checkpoint inference evaluation
B1,MK-NIAH,MK_NIAH_S064,43,None (frozen backbone),target_prob,0.7168,15.2,294.94,frozen-checkpoint inference evaluation
B1,MK-NIAH,MK_NIAH_S065,43,None (frozen backbone),accuracy,1.0,15.2,294.94,frozen-checkpoint inference evaluation
B1,MK-NIAH,MK_NIAH_S065,43,None (frozen backbone),target_prob,0.6436,15.2,294.94,frozen-checkpoint inference evaluation
B1,MK-NIAH,MK_NIAH_S066,43,None (frozen backbone),accuracy,1.0,15.2,294.94,frozen-checkpoint inference evaluation
B1,MK-NIAH,MK_NIAH_S066,43,None (frozen backbone),target_prob,0.5459,15.2,294.94,frozen-checkpoint inference evaluation
B1,MK-NIAH,MK_NIAH_S067,43,None (frozen backbone),accuracy,1.0,15.2,294.94,frozen-checkpoint inference evaluation
B1,MK-NIAH,MK_NIAH_S067,43,None (frozen backbone),target_prob,0.6753,15.2,294.94,frozen-checkpoint inference evaluation
B1,MK-NIAH,MK_NIAH_S068,43,None (frozen backbone),accuracy,0.0,15.2,294.94,frozen-checkpoint inference evaluation
B1,MK-NIAH,MK_NIAH_S068,43,None (frozen backbone),target_prob,0.6621,15.2,294.94,frozen-checkpoint inference evaluation
B1,MK-NIAH,MK_NIAH_S069,43,None (frozen backbone),accuracy,0.0,15.2,294.94,frozen-checkpoint inference evaluation
B1,MK-NIAH,MK_NIAH_S069,43,None (frozen backbone),target_prob,0.5771,15.2,294.94,frozen-checkpoint inference evaluation
B1,MK-NIAH,MK_NIAH_S070,43,None (frozen backbone),accuracy,1.0,15.2,294.94,frozen-checkpoint inference evaluation
B1,MK-NIAH,MK_NIAH_S070,43,None (frozen backbone),target_prob,0.689,15.2,294.94,frozen-checkpoint inference evaluation
B1,MK-NIAH,MK_NIAH_S071,43,None (frozen backbone),accuracy,0.0,15.2,294.94,frozen-checkpoint inference evaluation
B1,MK-NIAH,MK_NIAH_S071,43,None (frozen backbone),target_prob,0.5942,15.2,294.94,frozen-checkpoint inference evaluation
B1,MK-NIAH,MK_NIAH_S072,43,None (frozen backbone),accuracy,0.0,15.2,294.94,frozen-checkpoint inference evaluation
B1,MK-NIAH,MK_NIAH_S072,43,None (frozen backbone),target_prob,0.7485,15.2,294.94,frozen-checkpoint inference evaluation
B1,MK-NIAH,MK_NIAH_S073,43,None (frozen backbone),accuracy,1.0,15.2,294.94,frozen-checkpoint inference evaluation
B1,MK-NIAH,MK_NIAH_S073,43,None (frozen backbone),target_prob,0.6719,15.2,294.94,frozen-checkpoint inference evaluation
B1,MK-NIAH,MK_NIAH_S074,43,None (frozen backbone),accuracy,1.0,15.2,294.94,frozen-checkpoint inference evaluation
B1,MK-NIAH,MK_NIAH_S074,43,None (frozen backbone),target_prob,0.665,15.2,294.94,frozen-checkpoint inference evaluation
B1,MK-NIAH,MK_NIAH_S075,43,None (frozen backbone),accuracy,0.0,15.2,294.94,frozen-checkpoint inference evaluation
B1,MK-NIAH,MK_NIAH_S075,43,None (frozen backbone),target_prob,0.7944,15.2,294.94,frozen-checkpoint inference evaluation
B1,MK-NIAH,MK_NIAH_S076,43,None (frozen backbone),accuracy,1.0,15.2,294.94,frozen-checkpoint inference evaluation
B1,MK-NIAH,MK_NIAH_S076,43,None (frozen backbone),target_prob,0.6802,15.2,294.94,frozen-checkpoint inference evaluation
B1,MK-NIAH,MK_NIAH_S077,43,None (frozen backbone),accuracy,0.0,15.2,294.94,frozen-checkpoint inference evaluation
B1,MK-NIAH,MK_NIAH_S077,43,None (frozen backbone),target_prob,0.5688,15.2,294.94,frozen-checkpoint inference evaluation
B1,MK-NIAH,MK_NIAH_S078,43,None (frozen backbone),accuracy,0.0,15.2,294.94,frozen-checkpoint inference evaluation
B1,MK-NIAH,MK_NIAH_S078,43,None (frozen backbone),target_prob,0.7734,15.2,294.94,frozen-checkpoint inference evaluation
B1,MK-NIAH,MK_NIAH_S079,43,None (frozen backbone),accuracy,0.0,15.2,294.94,frozen-checkpoint inference evaluation
B1,MK-NIAH,MK_NIAH_S079,43,None (frozen backbone),target_prob,0.5127,15.2,294.94,frozen-checkpoint inference evaluation
B1,MK-NIAH,MK_NIAH_S080,43,None (frozen backbone),accuracy,0.0,15.2,294.94,frozen-checkpoint inference evaluation
B1,MK-NIAH,MK_NIAH_S080,43,None (frozen backbone),target_prob,0.6709,15.2,294.94,frozen-checkpoint inference evaluation
B1,MK-NIAH,MK_NIAH_S081,43,None (frozen backbone),accuracy,1.0,15.2,294.94,frozen-checkpoint inference evaluation
B1,MK-NIAH,MK_NIAH_S081,43,None (frozen backbone),target_prob,0.7173,15.2,294.94,frozen-checkpoint inference evaluation
B1,MK-NIAH,MK_NIAH_S082,43,None (frozen backbone),accuracy,0.0,15.2,294.94,frozen-checkpoint inference evaluation
B1,MK-NIAH,MK_NIAH_S082,43,None (frozen backbone),target_prob,0.5029,15.2,294.94,frozen-checkpoint inference evaluation
B1,MK-NIAH,MK_NIAH_S083,43,None (frozen backbone),accuracy,1.0,15.2,294.94,frozen-checkpoint inference evaluation
B1,MK-NIAH,MK_NIAH_S083,43,None (frozen backbone),target_prob,0.5933,15.2,294.94,frozen-checkpoint inference evaluation
B1,MK-NIAH,MK_NIAH_S084,43,None (frozen backbone),accuracy,1.0,15.2,294.94,frozen-checkpoint inference evaluation
B1,MK-NIAH,MK_NIAH_S084,43,None (frozen backbone),target_prob,0.5547,15.2,294.94,frozen-checkpoint inference evaluation
B1,MK-NIAH,MK_NIAH_S085,43,None (frozen backbone),accuracy,1.0,15.2,294.94,frozen-checkpoint inference evaluation
B1,MK-NIAH,MK_NIAH_S085,43,None (frozen backbone),target_prob,0.5352,15.2,294.94,frozen-checkpoint inference evaluation
B1,MK-NIAH,MK_NIAH_S086,43,None (frozen backbone),accuracy,0.0,15.2,294.94,frozen-checkpoint inference evaluation
B1,MK-NIAH,MK_NIAH_S086,43,None (frozen backbone),target_prob,0.6187,15.2,294.94,frozen-checkpoint inference evaluation
B1,MK-NIAH,MK_NIAH_S087,43,None (frozen backbone),accuracy,1.0,15.2,294.94,frozen-checkpoint inference evaluation
B1,MK-NIAH,MK_NIAH_S087,43,None (frozen backbone),target_prob,0.6875,15.2,294.94,frozen-checkpoint inference evaluation
B1,MK-NIAH,MK_NIAH_S088,43,None (frozen backbone),accuracy,1.0,15.2,294.94,frozen-checkpoint inference evaluation
B1,MK-NIAH,MK_NIAH_S088,43,None (frozen backbone),target_prob,0.6543,15.2,294.94,frozen-checkpoint inference evaluation
B1,MK-NIAH,MK_NIAH_S089,43,None (frozen backbone),accuracy,1.0,15.2,294.94,frozen-checkpoint inference evaluation
B1,MK-NIAH,MK_NIAH_S089,43,None (frozen backbone),target_prob,0.6924,15.2,294.94,frozen-checkpoint inference evaluation
B1,MK-NIAH,MK_NIAH_S090,43,None (frozen backbone),accuracy,1.0,15.2,294.94,frozen-checkpoint inference evaluation
B1,MK-NIAH,MK_NIAH_S090,43,None (frozen backbone),target_prob,0.5732,15.2,294.94,frozen-checkpoint inference evaluation
B1,MK-NIAH,MK_NIAH_S091,43,None (frozen backbone),accuracy,1.0,15.2,294.94,frozen-checkpoint inference evaluation
B1,MK-NIAH,MK_NIAH_S091,43,None (frozen backbone),target_prob,0.584,15.2,294.94,frozen-checkpoint inference evaluation
B1,MK-NIAH,MK_NIAH_S092,43,None (frozen backbone),accuracy,1.0,15.2,294.94,frozen-checkpoint inference evaluation
B1,MK-NIAH,MK_NIAH_S092,43,None (frozen backbone),target_prob,0.6587,15.2,294.94,frozen-checkpoint inference evaluation
B1,MK-NIAH,MK_NIAH_S093,43,None (frozen backbone),accuracy,0.0,15.2,294.94,frozen-checkpoint inference evaluation
B1,MK-NIAH,MK_NIAH_S093,43,None (frozen backbone),target_prob,0.6196,15.2,294.94,frozen-checkpoint inference evaluation
B1,MK-NIAH,MK_NIAH_S094,43,None (frozen backbone),accuracy,1.0,15.2,294.94,frozen-checkpoint inference evaluation
B1,MK-NIAH,MK_NIAH_S094,43,None (frozen backbone),target_prob,0.6147,15.2,294.94,frozen-checkpoint inference evaluation
B1,MK-NIAH,MK_NIAH_S095,43,None (frozen backbone),accuracy,1.0,15.2,294.94,frozen-checkpoint inference evaluation
B1,MK-NIAH,MK_NIAH_S095,43,None (frozen backbone),target_prob,0.5898,15.2,294.94,frozen-checkpoint inference evaluation
B1,MK-NIAH,MK_NIAH_S096,43,None (frozen backbone),accuracy,0.0,15.2,294.94,frozen-checkpoint inference evaluation
B1,MK-NIAH,MK_NIAH_S096,43,None (frozen backbone),target_prob,0.585,15.2,294.94,frozen-checkpoint inference evaluation
B1,MK-NIAH,MK_NIAH_S097,43,None (frozen backbone),accuracy,0.0,15.2,294.94,frozen-checkpoint inference evaluation
B1,MK-NIAH,MK_NIAH_S097,43,None (frozen backbone),target_prob,0.6812,15.2,294.94,frozen-checkpoint inference evaluation
B1,MK-NIAH,MK_NIAH_S098,43,None (frozen backbone),accuracy,1.0,15.2,294.94,frozen-checkpoint inference evaluation
B1,MK-NIAH,MK_NIAH_S098,43,None (frozen backbone),target_prob,0.6685,15.2,294.94,frozen-checkpoint inference evaluation
B1,MK-NIAH,MK_NIAH_S099,43,None (frozen backbone),accuracy,0.0,15.2,294.94,frozen-checkpoint inference evaluation
B1,MK-NIAH,MK_NIAH_S099,43,None (frozen backbone),target_prob,0.6509,15.2,294.94,frozen-checkpoint inference evaluation
B4,MK-NIAH,MK_NIAH_S000,43,checkpoints/phase4_1/cms_1lvl_seed_43.pt,accuracy,0.0,15.2,328.78,frozen-checkpoint inference evaluation
B4,MK-NIAH,MK_NIAH_S000,43,checkpoints/phase4_1/cms_1lvl_seed_43.pt,target_prob,0.0368,15.2,328.78,frozen-checkpoint inference evaluation
B4,MK-NIAH,MK_NIAH_S001,43,checkpoints/phase4_1/cms_1lvl_seed_43.pt,accuracy,0.0,15.2,328.78,frozen-checkpoint inference evaluation
B4,MK-NIAH,MK_NIAH_S001,43,checkpoints/phase4_1/cms_1lvl_seed_43.pt,target_prob,0.0472,15.2,328.78,frozen-checkpoint inference evaluation
B4,MK-NIAH,MK_NIAH_S002,43,checkpoints/phase4_1/cms_1lvl_seed_43.pt,accuracy,0.0,15.2,328.78,frozen-checkpoint inference evaluation
B4,MK-NIAH,MK_NIAH_S002,43,checkpoints/phase4_1/cms_1lvl_seed_43.pt,target_prob,0.0392,15.2,328.78,frozen-checkpoint inference evaluation
B4,MK-NIAH,MK_NIAH_S003,43,checkpoints/phase4_1/cms_1lvl_seed_43.pt,accuracy,0.0,15.2,328.78,frozen-checkpoint inference evaluation
B4,MK-NIAH,MK_NIAH_S003,43,checkpoints/phase4_1/cms_1lvl_seed_43.pt,target_prob,0.1262,15.2,328.78,frozen-checkpoint inference evaluation
B4,MK-NIAH,MK_NIAH_S004,43,checkpoints/phase4_1/cms_1lvl_seed_43.pt,accuracy,0.0,15.2,328.78,frozen-checkpoint inference evaluation
B4,MK-NIAH,MK_NIAH_S004,43,checkpoints/phase4_1/cms_1lvl_seed_43.pt,target_prob,0.098,15.2,328.78,frozen-checkpoint inference evaluation
B4,MK-NIAH,MK_NIAH_S005,43,checkpoints/phase4_1/cms_1lvl_seed_43.pt,accuracy,0.0,15.2,328.78,frozen-checkpoint inference evaluation
B4,MK-NIAH,MK_NIAH_S005,43,checkpoints/phase4_1/cms_1lvl_seed_43.pt,target_prob,0.0482,15.2,328.78,frozen-checkpoint inference evaluation
B4,MK-NIAH,MK_NIAH_S006,43,checkpoints/phase4_1/cms_1lvl_seed_43.pt,accuracy,0.0,15.2,328.78,frozen-checkpoint inference evaluation
B4,MK-NIAH,MK_NIAH_S006,43,checkpoints/phase4_1/cms_1lvl_seed_43.pt,target_prob,0.0406,15.2,328.78,frozen-checkpoint inference evaluation
B4,MK-NIAH,MK_NIAH_S007,43,checkpoints/phase4_1/cms_1lvl_seed_43.pt,accuracy,0.0,15.2,328.78,frozen-checkpoint inference evaluation
B4,MK-NIAH,MK_NIAH_S007,43,checkpoints/phase4_1/cms_1lvl_seed_43.pt,target_prob,0.1293,15.2,328.78,frozen-checkpoint inference evaluation
B4,MK-NIAH,MK_NIAH_S008,43,checkpoints/phase4_1/cms_1lvl_seed_43.pt,accuracy,0.0,15.2,328.78,frozen-checkpoint inference evaluation
B4,MK-NIAH,MK_NIAH_S008,43,checkpoints/phase4_1/cms_1lvl_seed_43.pt,target_prob,0.0396,15.2,328.78,frozen-checkpoint inference evaluation
B4,MK-NIAH,MK_NIAH_S009,43,checkpoints/phase4_1/cms_1lvl_seed_43.pt,accuracy,0.0,15.2,328.78,frozen-checkpoint inference evaluation
B4,MK-NIAH,MK_NIAH_S009,43,checkpoints/phase4_1/cms_1lvl_seed_43.pt,target_prob,0.0997,15.2,328.78,frozen-checkpoint inference evaluation
B4,MK-NIAH,MK_NIAH_S010,43,checkpoints/phase4_1/cms_1lvl_seed_43.pt,accuracy,0.0,15.2,328.78,frozen-checkpoint inference evaluation
B4,MK-NIAH,MK_NIAH_S010,43,checkpoints/phase4_1/cms_1lvl_seed_43.pt,target_prob,0.0463,15.2,328.78,frozen-checkpoint inference evaluation
B4,MK-NIAH,MK_NIAH_S011,43,checkpoints/phase4_1/cms_1lvl_seed_43.pt,accuracy,0.0,15.2,328.78,frozen-checkpoint inference evaluation
B4,MK-NIAH,MK_NIAH_S011,43,checkpoints/phase4_1/cms_1lvl_seed_43.pt,target_prob,0.0363,15.2,328.78,frozen-checkpoint inference evaluation
B4,MK-NIAH,MK_NIAH_S012,43,checkpoints/phase4_1/cms_1lvl_seed_43.pt,accuracy,0.0,15.2,328.78,frozen-checkpoint inference evaluation
B4,MK-NIAH,MK_NIAH_S012,43,checkpoints/phase4_1/cms_1lvl_seed_43.pt,target_prob,0.038,15.2,328.78,frozen-checkpoint inference evaluation
B4,MK-NIAH,MK_NIAH_S013,43,checkpoints/phase4_1/cms_1lvl_seed_43.pt,accuracy,0.0,15.2,328.78,frozen-checkpoint inference evaluation
B4,MK-NIAH,MK_NIAH_S013,43,checkpoints/phase4_1/cms_1lvl_seed_43.pt,target_prob,0.0996,15.2,328.78,frozen-checkpoint inference evaluation
B4,MK-NIAH,MK_NIAH_S014,43,checkpoints/phase4_1/cms_1lvl_seed_43.pt,accuracy,0.0,15.2,328.78,frozen-checkpoint inference evaluation
B4,MK-NIAH,MK_NIAH_S014,43,checkpoints/phase4_1/cms_1lvl_seed_43.pt,target_prob,0.0425,15.2,328.78,frozen-checkpoint inference evaluation
B4,MK-NIAH,MK_NIAH_S015,43,checkpoints/phase4_1/cms_1lvl_seed_43.pt,accuracy,0.0,15.2,328.78,frozen-checkpoint inference evaluation
B4,MK-NIAH,MK_NIAH_S015,43,checkpoints/phase4_1/cms_1lvl_seed_43.pt,target_prob,0.0324,15.2,328.78,frozen-checkpoint inference evaluation
B4,MK-NIAH,MK_NIAH_S016,43,checkpoints/phase4_1/cms_1lvl_seed_43.pt,accuracy,0.0,15.2,328.78,frozen-checkpoint inference evaluation
B4,MK-NIAH,MK_NIAH_S016,43,checkpoints/phase4_1/cms_1lvl_seed_43.pt,target_prob,0.0464,15.2,328.78,frozen-checkpoint inference evaluation
B4,MK-NIAH,MK_NIAH_S017,43,checkpoints/phase4_1/cms_1lvl_seed_43.pt,accuracy,0.0,15.2,328.78,frozen-checkpoint inference evaluation
B4,MK-NIAH,MK_NIAH_S017,43,checkpoints/phase4_1/cms_1lvl_seed_43.pt,target_prob,0.0941,15.2,328.78,frozen-checkpoint inference evaluation
B4,MK-NIAH,MK_NIAH_S018,43,checkpoints/phase4_1/cms_1lvl_seed_43.pt,accuracy,0.0,15.2,328.78,frozen-checkpoint inference evaluation
B4,MK-NIAH,MK_NIAH_S018,43,checkpoints/phase4_1/cms_1lvl_seed_43.pt,target_prob,0.0877,15.2,328.78,frozen-checkpoint inference evaluation
B4,MK-NIAH,MK_NIAH_S019,43,checkpoints/phase4_1/cms_1lvl_seed_43.pt,accuracy,0.0,15.2,328.78,frozen-checkpoint inference evaluation
B4,MK-NIAH,MK_NIAH_S019,43,checkpoints/phase4_1/cms_1lvl_seed_43.pt,target_prob,0.0382,15.2,328.78,frozen-checkpoint inference evaluation
B4,MK-NIAH,MK_NIAH_S020,43,checkpoints/phase4_1/cms_1lvl_seed_43.pt,accuracy,0.0,15.2,328.78,frozen-checkpoint inference evaluation
B4,MK-NIAH,MK_NIAH_S020,43,checkpoints/phase4_1/cms_1lvl_seed_43.pt,target_prob,0.0442,15.2,328.78,frozen-checkpoint inference evaluation
B4,MK-NIAH,MK_NIAH_S021,43,checkpoints/phase4_1/cms_1lvl_seed_43.pt,accuracy,0.0,15.2,328.78,frozen-checkpoint inference evaluation
B4,MK-NIAH,MK_NIAH_S021,43,checkpoints/phase4_1/cms_1lvl_seed_43.pt,target_prob,0.0497,15.2,328.78,frozen-checkpoint inference evaluation
B4,MK-NIAH,MK_NIAH_S022,43,checkpoints/phase4_1/cms_1lvl_seed_43.pt,accuracy,0.0,15.2,328.78,frozen-checkpoint inference evaluation
B4,MK-NIAH,MK_NIAH_S022,43,checkpoints/phase4_1/cms_1lvl_seed_43.pt,target_prob,0.0456,15.2,328.78,frozen-checkpoint inference evaluation
B4,MK-NIAH,MK_NIAH_S023,43,checkpoints/phase4_1/cms_1lvl_seed_43.pt,accuracy,0.0,15.2,328.78,frozen-checkpoint inference evaluation
B4,MK-NIAH,MK_NIAH_S023,43,checkpoints/phase4_1/cms_1lvl_seed_43.pt,target_prob,0.0378,15.2,328.78,frozen-checkpoint inference evaluation
B4,MK-NIAH,MK_NIAH_S024,43,checkpoints/phase4_1/cms_1lvl_seed_43.pt,accuracy,0.0,15.2,328.78,frozen-checkpoint inference evaluation
B4,MK-NIAH,MK_NIAH_S024,43,checkpoints/phase4_1/cms_1lvl_seed_43.pt,target_prob,0.0445,15.2,328.78,frozen-checkpoint inference evaluation
B4,MK-NIAH,MK_NIAH_S025,43,checkpoints/phase4_1/cms_1lvl_seed_43.pt,accuracy,0.0,15.2,328.78,frozen-checkpoint inference evaluation
B4,MK-NIAH,MK_NIAH_S025,43,checkpoints/phase4_1/cms_1lvl_seed_43.pt,target_prob,0.0237,15.2,328.78,frozen-checkpoint inference evaluation
B4,MK-NIAH,MK_NIAH_S026,43,checkpoints/phase4_1/cms_1lvl_seed_43.pt,accuracy,0.0,15.2,328.78,frozen-checkpoint inference evaluation
B4,MK-NIAH,MK_NIAH_S026,43,checkpoints/phase4_1/cms_1lvl_seed_43.pt,target_prob,0.0587,15.2,328.78,frozen-checkpoint inference evaluation
B4,MK-NIAH,MK_NIAH_S027,43,checkpoints/phase4_1/cms_1lvl_seed_43.pt,accuracy,0.0,15.2,328.78,frozen-checkpoint inference evaluation
B4,MK-NIAH,MK_NIAH_S027,43,checkpoints/phase4_1/cms_1lvl_seed_43.pt,target_prob,0.0229,15.2,328.78,frozen-checkpoint inference evaluation
B4,MK-NIAH,MK_NIAH_S028,43,checkpoints/phase4_1/cms_1lvl_seed_43.pt,accuracy,0.0,15.2,328.78,frozen-checkpoint inference evaluation
B4,MK-NIAH,MK_NIAH_S028,43,checkpoints/phase4_1/cms_1lvl_seed_43.pt,target_prob,0.0908,15.2,328.78,frozen-checkpoint inference evaluation
B4,MK-NIAH,MK_NIAH_S029,43,checkpoints/phase4_1/cms_1lvl_seed_43.pt,accuracy,0.0,15.2,328.78,frozen-checkpoint inference evaluation
B4,MK-NIAH,MK_NIAH_S029,43,checkpoints/phase4_1/cms_1lvl_seed_43.pt,target_prob,0.0867,15.2,328.78,frozen-checkpoint inference evaluation
B4,MK-NIAH,MK_NIAH_S030,43,checkpoints/phase4_1/cms_1lvl_seed_43.pt,accuracy,0.0,15.2,328.78,frozen-checkpoint inference evaluation
B4,MK-NIAH,MK_NIAH_S030,43,checkpoints/phase4_1/cms_1lvl_seed_43.pt,target_prob,0.0431,15.2,328.78,frozen-checkpoint inference evaluation
B4,MK-NIAH,MK_NIAH_S031,43,checkpoints/phase4_1/cms_1lvl_seed_43.pt,accuracy,0.0,15.2,328.78,frozen-checkpoint inference evaluation
B4,MK-NIAH,MK_NIAH_S031,43,checkpoints/phase4_1/cms_1lvl_seed_43.pt,target_prob,0.0955,15.2,328.78,frozen-checkpoint inference evaluation
B4,MK-NIAH,MK_NIAH_S032,43,checkpoints/phase4_1/cms_1lvl_seed_43.pt,accuracy,0.0,15.2,328.78,frozen-checkpoint inference evaluation
B4,MK-NIAH,MK_NIAH_S032,43,checkpoints/phase4_1/cms_1lvl_seed_43.pt,target_prob,0.0445,15.2,328.78,frozen-checkpoint inference evaluation
B4,MK-NIAH,MK_NIAH_S033,43,checkpoints/phase4_1/cms_1lvl_seed_43.pt,accuracy,0.0,15.2,328.78,frozen-checkpoint inference evaluation
B4,MK-NIAH,MK_NIAH_S033,43,checkpoints/phase4_1/cms_1lvl_seed_43.pt,target_prob,0.1008,15.2,328.78,frozen-checkpoint inference evaluation
B4,MK-NIAH,MK_NIAH_S034,43,checkpoints/phase4_1/cms_1lvl_seed_43.pt,accuracy,0.0,15.2,328.78,frozen-checkpoint inference evaluation
B4,MK-NIAH,MK_NIAH_S034,43,checkpoints/phase4_1/cms_1lvl_seed_43.pt,target_prob,0.0331,15.2,328.78,frozen-checkpoint inference evaluation
B4,MK-NIAH,MK_NIAH_S035,43,checkpoints/phase4_1/cms_1lvl_seed_43.pt,accuracy,0.0,15.2,328.78,frozen-checkpoint inference evaluation
B4,MK-NIAH,MK_NIAH_S035,43,checkpoints/phase4_1/cms_1lvl_seed_43.pt,target_prob,0.0373,15.2,328.78,frozen-checkpoint inference evaluation
B4,MK-NIAH,MK_NIAH_S036,43,checkpoints/phase4_1/cms_1lvl_seed_43.pt,accuracy,0.0,15.2,328.78,frozen-checkpoint inference evaluation
B4,MK-NIAH,MK_NIAH_S036,43,checkpoints/phase4_1/cms_1lvl_seed_43.pt,target_prob,0.0975,15.2,328.78,frozen-checkpoint inference evaluation
B4,MK-NIAH,MK_NIAH_S037,43,checkpoints/phase4_1/cms_1lvl_seed_43.pt,accuracy,0.0,15.2,328.78,frozen-checkpoint inference evaluation
B4,MK-NIAH,MK_NIAH_S037,43,checkpoints/phase4_1/cms_1lvl_seed_43.pt,target_prob,0.0953,15.2,328.78,frozen-checkpoint inference evaluation
B4,MK-NIAH,MK_NIAH_S038,43,checkpoints/phase4_1/cms_1lvl_seed_43.pt,accuracy,0.0,15.2,328.78,frozen-checkpoint inference evaluation
B4,MK-NIAH,MK_NIAH_S038,43,checkpoints/phase4_1/cms_1lvl_seed_43.pt,target_prob,0.0233,15.2,328.78,frozen-checkpoint inference evaluation
B4,MK-NIAH,MK_NIAH_S039,43,checkpoints/phase4_1/cms_1lvl_seed_43.pt,accuracy,0.0,15.2,328.78,frozen-checkpoint inference evaluation
B4,MK-NIAH,MK_NIAH_S039,43,checkpoints/phase4_1/cms_1lvl_seed_43.pt,target_prob,0.0208,15.2,328.78,frozen-checkpoint inference evaluation
B4,MK-NIAH,MK_NIAH_S040,43,checkpoints/phase4_1/cms_1lvl_seed_43.pt,accuracy,0.0,15.2,328.78,frozen-checkpoint inference evaluation
B4,MK-NIAH,MK_NIAH_S040,43,checkpoints/phase4_1/cms_1lvl_seed_43.pt,target_prob,0.0348,15.2,328.78,frozen-checkpoint inference evaluation
B4,MK-NIAH,MK_NIAH_S041,43,checkpoints/phase4_1/cms_1lvl_seed_43.pt,accuracy,0.0,15.2,328.78,frozen-checkpoint inference evaluation
B4,MK-NIAH,MK_NIAH_S041,43,checkpoints/phase4_1/cms_1lvl_seed_43.pt,target_prob,0.0991,15.2,328.78,frozen-checkpoint inference evaluation
B4,MK-NIAH,MK_NIAH_S042,43,checkpoints/phase4_1/cms_1lvl_seed_43.pt,accuracy,0.0,15.2,328.78,frozen-checkpoint inference evaluation
B4,MK-NIAH,MK_NIAH_S042,43,checkpoints/phase4_1/cms_1lvl_seed_43.pt,target_prob,0.0224,15.2,328.78,frozen-checkpoint inference evaluation
B4,MK-NIAH,MK_NIAH_S043,43,checkpoints/phase4_1/cms_1lvl_seed_43.pt,accuracy,0.0,15.2,328.78,frozen-checkpoint inference evaluation
B4,MK-NIAH,MK_NIAH_S043,43,checkpoints/phase4_1/cms_1lvl_seed_43.pt,target_prob,0.0408,15.2,328.78,frozen-checkpoint inference evaluation
B4,MK-NIAH,MK_NIAH_S044,43,checkpoints/phase4_1/cms_1lvl_seed_43.pt,accuracy,0.0,15.2,328.78,frozen-checkpoint inference evaluation
B4,MK-NIAH,MK_NIAH_S044,43,checkpoints/phase4_1/cms_1lvl_seed_43.pt,target_prob,0.0215,15.2,328.78,frozen-checkpoint inference evaluation
B4,MK-NIAH,MK_NIAH_S045,43,checkpoints/phase4_1/cms_1lvl_seed_43.pt,accuracy,0.0,15.2,328.78,frozen-checkpoint inference evaluation
B4,MK-NIAH,MK_NIAH_S045,43,checkpoints/phase4_1/cms_1lvl_seed_43.pt,target_prob,0.0902,15.2,328.78,frozen-checkpoint inference evaluation
B4,MK-NIAH,MK_NIAH_S046,43,checkpoints/phase4_1/cms_1lvl_seed_43.pt,accuracy,0.0,15.2,328.78,frozen-checkpoint inference evaluation
B4,MK-NIAH,MK_NIAH_S046,43,checkpoints/phase4_1/cms_1lvl_seed_43.pt,target_prob,0.0393,15.2,328.78,frozen-checkpoint inference evaluation
B4,MK-NIAH,MK_NIAH_S047,43,checkpoints/phase4_1/cms_1lvl_seed_43.pt,accuracy,0.0,15.2,328.78,frozen-checkpoint inference evaluation
B4,MK-NIAH,MK_NIAH_S047,43,checkpoints/phase4_1/cms_1lvl_seed_43.pt,target_prob,0.039,15.2,328.78,frozen-checkpoint inference evaluation
B4,MK-NIAH,MK_NIAH_S048,43,checkpoints/phase4_1/cms_1lvl_seed_43.pt,accuracy,0.0,15.2,328.78,frozen-checkpoint inference evaluation
B4,MK-NIAH,MK_NIAH_S048,43,checkpoints/phase4_1/cms_1lvl_seed_43.pt,target_prob,0.0515,15.2,328.78,frozen-checkpoint inference evaluation
B4,MK-NIAH,MK_NIAH_S049,43,checkpoints/phase4_1/cms_1lvl_seed_43.pt,accuracy,0.0,15.2,328.78,frozen-checkpoint inference evaluation
B4,MK-NIAH,MK_NIAH_S049,43,checkpoints/phase4_1/cms_1lvl_seed_43.pt,target_prob,0.0334,15.2,328.78,frozen-checkpoint inference evaluation
B4,MK-NIAH,MK_NIAH_S050,43,checkpoints/phase4_1/cms_1lvl_seed_43.pt,accuracy,0.0,15.2,328.78,frozen-checkpoint inference evaluation
B4,MK-NIAH,MK_NIAH_S050,43,checkpoints/phase4_1/cms_1lvl_seed_43.pt,target_prob,0.0223,15.2,328.78,frozen-checkpoint inference evaluation
B4,MK-NIAH,MK_NIAH_S051,43,checkpoints/phase4_1/cms_1lvl_seed_43.pt,accuracy,0.0,15.2,328.78,frozen-checkpoint inference evaluation
B4,MK-NIAH,MK_NIAH_S051,43,checkpoints/phase4_1/cms_1lvl_seed_43.pt,target_prob,0.0352,15.2,328.78,frozen-checkpoint inference evaluation
B4,MK-NIAH,MK_NIAH_S052,43,checkpoints/phase4_1/cms_1lvl_seed_43.pt,accuracy,0.0,15.2,328.78,frozen-checkpoint inference evaluation
B4,MK-NIAH,MK_NIAH_S052,43,checkpoints/phase4_1/cms_1lvl_seed_43.pt,target_prob,0.0528,15.2,328.78,frozen-checkpoint inference evaluation
B4,MK-NIAH,MK_NIAH_S053,43,checkpoints/phase4_1/cms_1lvl_seed_43.pt,accuracy,0.0,15.2,328.78,frozen-checkpoint inference evaluation
B4,MK-NIAH,MK_NIAH_S053,43,checkpoints/phase4_1/cms_1lvl_seed_43.pt,target_prob,0.0418,15.2,328.78,frozen-checkpoint inference evaluation
B4,MK-NIAH,MK_NIAH_S054,43,checkpoints/phase4_1/cms_1lvl_seed_43.pt,accuracy,0.0,15.2,328.78,frozen-checkpoint inference evaluation
B4,MK-NIAH,MK_NIAH_S054,43,checkpoints/phase4_1/cms_1lvl_seed_43.pt,target_prob,0.0461,15.2,328.78,frozen-checkpoint inference evaluation
B4,MK-NIAH,MK_NIAH_S055,43,checkpoints/phase4_1/cms_1lvl_seed_43.pt,accuracy,0.0,15.2,328.78,frozen-checkpoint inference evaluation
B4,MK-NIAH,MK_NIAH_S055,43,checkpoints/phase4_1/cms_1lvl_seed_43.pt,target_prob,0.0874,15.2,328.78,frozen-checkpoint inference evaluation
B4,MK-NIAH,MK_NIAH_S056,43,checkpoints/phase4_1/cms_1lvl_seed_43.pt,accuracy,0.0,15.2,328.78,frozen-checkpoint inference evaluation
B4,MK-NIAH,MK_NIAH_S056,43,checkpoints/phase4_1/cms_1lvl_seed_43.pt,target_prob,0.0489,15.2,328.78,frozen-checkpoint inference evaluation
B4,MK-NIAH,MK_NIAH_S057,43,checkpoints/phase4_1/cms_1lvl_seed_43.pt,accuracy,0.0,15.2,328.78,frozen-checkpoint inference evaluation
B4,MK-NIAH,MK_NIAH_S057,43,checkpoints/phase4_1/cms_1lvl_seed_43.pt,target_prob,0.0209,15.2,328.78,frozen-checkpoint inference evaluation
B4,MK-NIAH,MK_NIAH_S058,43,checkpoints/phase4_1/cms_1lvl_seed_43.pt,accuracy,0.0,15.2,328.78,frozen-checkpoint inference evaluation
B4,MK-NIAH,MK_NIAH_S058,43,checkpoints/phase4_1/cms_1lvl_seed_43.pt,target_prob,0.1067,15.2,328.78,frozen-checkpoint inference evaluation
B4,MK-NIAH,MK_NIAH_S059,43,checkpoints/phase4_1/cms_1lvl_seed_43.pt,accuracy,0.0,15.2,328.78,frozen-checkpoint inference evaluation
B4,MK-NIAH,MK_NIAH_S059,43,checkpoints/phase4_1/cms_1lvl_seed_43.pt,target_prob,0.0389,15.2,328.78,frozen-checkpoint inference evaluation
B4,MK-NIAH,MK_NIAH_S060,43,checkpoints/phase4_1/cms_1lvl_seed_43.pt,accuracy,0.0,15.2,328.78,frozen-checkpoint inference evaluation
B4,MK-NIAH,MK_NIAH_S060,43,checkpoints/phase4_1/cms_1lvl_seed_43.pt,target_prob,0.0429,15.2,328.78,frozen-checkpoint inference evaluation
B4,MK-NIAH,MK_NIAH_S061,43,checkpoints/phase4_1/cms_1lvl_seed_43.pt,accuracy,0.0,15.2,328.78,frozen-checkpoint inference evaluation
B4,MK-NIAH,MK_NIAH_S061,43,checkpoints/phase4_1/cms_1lvl_seed_43.pt,target_prob,0.0409,15.2,328.78,frozen-checkpoint inference evaluation
B4,MK-NIAH,MK_NIAH_S062,43,checkpoints/phase4_1/cms_1lvl_seed_43.pt,accuracy,0.0,15.2,328.78,frozen-checkpoint inference evaluation
B4,MK-NIAH,MK_NIAH_S062,43,checkpoints/phase4_1/cms_1lvl_seed_43.pt,target_prob,0.0381,15.2,328.78,frozen-checkpoint inference evaluation
B4,MK-NIAH,MK_NIAH_S063,43,checkpoints/phase4_1/cms_1lvl_seed_43.pt,accuracy,0.0,15.2,328.78,frozen-checkpoint inference evaluation
B4,MK-NIAH,MK_NIAH_S063,43,checkpoints/phase4_1/cms_1lvl_seed_43.pt,target_prob,0.0518,15.2,328.78,frozen-checkpoint inference evaluation
B4,MK-NIAH,MK_NIAH_S064,43,checkpoints/phase4_1/cms_1lvl_seed_43.pt,accuracy,0.0,15.2,328.78,frozen-checkpoint inference evaluation
B4,MK-NIAH,MK_NIAH_S064,43,checkpoints/phase4_1/cms_1lvl_seed_43.pt,target_prob,0.0867,15.2,328.78,frozen-checkpoint inference evaluation
B4,MK-NIAH,MK_NIAH_S065,43,checkpoints/phase4_1/cms_1lvl_seed_43.pt,accuracy,0.0,15.2,328.78,frozen-checkpoint inference evaluation
B4,MK-NIAH,MK_NIAH_S065,43,checkpoints/phase4_1/cms_1lvl_seed_43.pt,target_prob,0.1235,15.2,328.78,frozen-checkpoint inference evaluation
B4,MK-NIAH,MK_NIAH_S066,43,checkpoints/phase4_1/cms_1lvl_seed_43.pt,accuracy,0.0,15.2,328.78,frozen-checkpoint inference evaluation
B4,MK-NIAH,MK_NIAH_S066,43,checkpoints/phase4_1/cms_1lvl_seed_43.pt,target_prob,0.0499,15.2,328.78,frozen-checkpoint inference evaluation
B4,MK-NIAH,MK_NIAH_S067,43,checkpoints/phase4_1/cms_1lvl_seed_43.pt,accuracy,0.0,15.2,328.78,frozen-checkpoint inference evaluation
B4,MK-NIAH,MK_NIAH_S067,43,checkpoints/phase4_1/cms_1lvl_seed_43.pt,target_prob,0.0916,15.2,328.78,frozen-checkpoint inference evaluation
B4,MK-NIAH,MK_NIAH_S068,43,checkpoints/phase4_1/cms_1lvl_seed_43.pt,accuracy,0.0,15.2,328.78,frozen-checkpoint inference evaluation
B4,MK-NIAH,MK_NIAH_S068,43,checkpoints/phase4_1/cms_1lvl_seed_43.pt,target_prob,0.0978,15.2,328.78,frozen-checkpoint inference evaluation
B4,MK-NIAH,MK_NIAH_S069,43,checkpoints/phase4_1/cms_1lvl_seed_43.pt,accuracy,0.0,15.2,328.78,frozen-checkpoint inference evaluation
B4,MK-NIAH,MK_NIAH_S069,43,checkpoints/phase4_1/cms_1lvl_seed_43.pt,target_prob,0.0396,15.2,328.78,frozen-checkpoint inference evaluation
B4,MK-NIAH,MK_NIAH_S070,43,checkpoints/phase4_1/cms_1lvl_seed_43.pt,accuracy,0.0,15.2,328.78,frozen-checkpoint inference evaluation
B4,MK-NIAH,MK_NIAH_S070,43,checkpoints/phase4_1/cms_1lvl_seed_43.pt,target_prob,0.1028,15.2,328.78,frozen-checkpoint inference evaluation
B4,MK-NIAH,MK_NIAH_S071,43,checkpoints/phase4_1/cms_1lvl_seed_43.pt,accuracy,0.0,15.2,328.78,frozen-checkpoint inference evaluation
B4,MK-NIAH,MK_NIAH_S071,43,checkpoints/phase4_1/cms_1lvl_seed_43.pt,target_prob,0.0382,15.2,328.78,frozen-checkpoint inference evaluation
B4,MK-NIAH,MK_NIAH_S072,43,checkpoints/phase4_1/cms_1lvl_seed_43.pt,accuracy,0.0,15.2,328.78,frozen-checkpoint inference evaluation
B4,MK-NIAH,MK_NIAH_S072,43,checkpoints/phase4_1/cms_1lvl_seed_43.pt,target_prob,0.1301,15.2,328.78,frozen-checkpoint inference evaluation
B4,MK-NIAH,MK_NIAH_S073,43,checkpoints/phase4_1/cms_1lvl_seed_43.pt,accuracy,0.0,15.2,328.78,frozen-checkpoint inference evaluation
B4,MK-NIAH,MK_NIAH_S073,43,checkpoints/phase4_1/cms_1lvl_seed_43.pt,target_prob,0.0868,15.2,328.78,frozen-checkpoint inference evaluation
B4,MK-NIAH,MK_NIAH_S074,43,checkpoints/phase4_1/cms_1lvl_seed_43.pt,accuracy,0.0,15.2,328.78,frozen-checkpoint inference evaluation
B4,MK-NIAH,MK_NIAH_S074,43,checkpoints/phase4_1/cms_1lvl_seed_43.pt,target_prob,0.0934,15.2,328.78,frozen-checkpoint inference evaluation
B4,MK-NIAH,MK_NIAH_S075,43,checkpoints/phase4_1/cms_1lvl_seed_43.pt,accuracy,0.0,15.2,328.78,frozen-checkpoint inference evaluation
B4,MK-NIAH,MK_NIAH_S075,43,checkpoints/phase4_1/cms_1lvl_seed_43.pt,target_prob,0.0961,15.2,328.78,frozen-checkpoint inference evaluation
B4,MK-NIAH,MK_NIAH_S076,43,checkpoints/phase4_1/cms_1lvl_seed_43.pt,accuracy,0.0,15.2,328.78,frozen-checkpoint inference evaluation
B4,MK-NIAH,MK_NIAH_S076,43,checkpoints/phase4_1/cms_1lvl_seed_43.pt,target_prob,0.0407,15.2,328.78,frozen-checkpoint inference evaluation
B4,MK-NIAH,MK_NIAH_S077,43,checkpoints/phase4_1/cms_1lvl_seed_43.pt,accuracy,0.0,15.2,328.78,frozen-checkpoint inference evaluation
B4,MK-NIAH,MK_NIAH_S077,43,checkpoints/phase4_1/cms_1lvl_seed_43.pt,target_prob,0.045,15.2,328.78,frozen-checkpoint inference evaluation
B4,MK-NIAH,MK_NIAH_S078,43,checkpoints/phase4_1/cms_1lvl_seed_43.pt,accuracy,0.0,15.2,328.78,frozen-checkpoint inference evaluation
B4,MK-NIAH,MK_NIAH_S078,43,checkpoints/phase4_1/cms_1lvl_seed_43.pt,target_prob,0.1053,15.2,328.78,frozen-checkpoint inference evaluation
B4,MK-NIAH,MK_NIAH_S079,43,checkpoints/phase4_1/cms_1lvl_seed_43.pt,accuracy,0.0,15.2,328.78,frozen-checkpoint inference evaluation
B4,MK-NIAH,MK_NIAH_S079,43,checkpoints/phase4_1/cms_1lvl_seed_43.pt,target_prob,0.0341,15.2,328.78,frozen-checkpoint inference evaluation
B4,MK-NIAH,MK_NIAH_S080,43,checkpoints/phase4_1/cms_1lvl_seed_43.pt,accuracy,0.0,15.2,328.78,frozen-checkpoint inference evaluation
B4,MK-NIAH,MK_NIAH_S080,43,checkpoints/phase4_1/cms_1lvl_seed_43.pt,target_prob,0.0499,15.2,328.78,frozen-checkpoint inference evaluation
B4,MK-NIAH,MK_NIAH_S081,43,checkpoints/phase4_1/cms_1lvl_seed_43.pt,accuracy,0.0,15.2,328.78,frozen-checkpoint inference evaluation
B4,MK-NIAH,MK_NIAH_S081,43,checkpoints/phase4_1/cms_1lvl_seed_43.pt,target_prob,0.101,15.2,328.78,frozen-checkpoint inference evaluation
B4,MK-NIAH,MK_NIAH_S082,43,checkpoints/phase4_1/cms_1lvl_seed_43.pt,accuracy,0.0,15.2,328.78,frozen-checkpoint inference evaluation
B4,MK-NIAH,MK_NIAH_S082,43,checkpoints/phase4_1/cms_1lvl_seed_43.pt,target_prob,0.0326,15.2,328.78,frozen-checkpoint inference evaluation
B4,MK-NIAH,MK_NIAH_S083,43,checkpoints/phase4_1/cms_1lvl_seed_43.pt,accuracy,0.0,15.2,328.78,frozen-checkpoint inference evaluation
B4,MK-NIAH,MK_NIAH_S083,43,checkpoints/phase4_1/cms_1lvl_seed_43.pt,target_prob,0.0216,15.2,328.78,frozen-checkpoint inference evaluation
B4,MK-NIAH,MK_NIAH_S084,43,checkpoints/phase4_1/cms_1lvl_seed_43.pt,accuracy,0.0,15.2,328.78,frozen-checkpoint inference evaluation
B4,MK-NIAH,MK_NIAH_S084,43,checkpoints/phase4_1/cms_1lvl_seed_43.pt,target_prob,0.0386,15.2,328.78,frozen-checkpoint inference evaluation
B4,MK-NIAH,MK_NIAH_S085,43,checkpoints/phase4_1/cms_1lvl_seed_43.pt,accuracy,0.0,15.2,328.78,frozen-checkpoint inference evaluation
B4,MK-NIAH,MK_NIAH_S085,43,checkpoints/phase4_1/cms_1lvl_seed_43.pt,target_prob,0.0953,15.2,328.78,frozen-checkpoint inference evaluation
B4,MK-NIAH,MK_NIAH_S086,43,checkpoints/phase4_1/cms_1lvl_seed_43.pt,accuracy,0.0,15.2,328.78,frozen-checkpoint inference evaluation
B4,MK-NIAH,MK_NIAH_S086,43,checkpoints/phase4_1/cms_1lvl_seed_43.pt,target_prob,0.0349,15.2,328.78,frozen-checkpoint inference evaluation
B4,MK-NIAH,MK_NIAH_S087,43,checkpoints/phase4_1/cms_1lvl_seed_43.pt,accuracy,0.0,15.2,328.78,frozen-checkpoint inference evaluation
B4,MK-NIAH,MK_NIAH_S087,43,checkpoints/phase4_1/cms_1lvl_seed_43.pt,target_prob,0.0857,15.2,328.78,frozen-checkpoint inference evaluation
B4,MK-NIAH,MK_NIAH_S088,43,checkpoints/phase4_1/cms_1lvl_seed_43.pt,accuracy,0.0,15.2,328.78,frozen-checkpoint inference evaluation
B4,MK-NIAH,MK_NIAH_S088,43,checkpoints/phase4_1/cms_1lvl_seed_43.pt,target_prob,0.0207,15.2,328.78,frozen-checkpoint inference evaluation
B4,MK-NIAH,MK_NIAH_S089,43,checkpoints/phase4_1/cms_1lvl_seed_43.pt,accuracy,0.0,15.2,328.78,frozen-checkpoint inference evaluation
B4,MK-NIAH,MK_NIAH_S089,43,checkpoints/phase4_1/cms_1lvl_seed_43.pt,target_prob,0.0875,15.2,328.78,frozen-checkpoint inference evaluation
B4,MK-NIAH,MK_NIAH_S090,43,checkpoints/phase4_1/cms_1lvl_seed_43.pt,accuracy,0.0,15.2,328.78,frozen-checkpoint inference evaluation
B4,MK-NIAH,MK_NIAH_S090,43,checkpoints/phase4_1/cms_1lvl_seed_43.pt,target_prob,0.0415,15.2,328.78,frozen-checkpoint inference evaluation
B4,MK-NIAH,MK_NIAH_S091,43,checkpoints/phase4_1/cms_1lvl_seed_43.pt,accuracy,0.0,15.2,328.78,frozen-checkpoint inference evaluation
B4,MK-NIAH,MK_NIAH_S091,43,checkpoints/phase4_1/cms_1lvl_seed_43.pt,target_prob,0.0437,15.2,328.78,frozen-checkpoint inference evaluation
B4,MK-NIAH,MK_NIAH_S092,43,checkpoints/phase4_1/cms_1lvl_seed_43.pt,accuracy,0.0,15.2,328.78,frozen-checkpoint inference evaluation
B4,MK-NIAH,MK_NIAH_S092,43,checkpoints/phase4_1/cms_1lvl_seed_43.pt,target_prob,0.0363,15.2,328.78,frozen-checkpoint inference evaluation
B4,MK-NIAH,MK_NIAH_S093,43,checkpoints/phase4_1/cms_1lvl_seed_43.pt,accuracy,0.0,15.2,328.78,frozen-checkpoint inference evaluation
B4,MK-NIAH,MK_NIAH_S093,43,checkpoints/phase4_1/cms_1lvl_seed_43.pt,target_prob,0.0379,15.2,328.78,frozen-checkpoint inference evaluation
B4,MK-NIAH,MK_NIAH_S094,43,checkpoints/phase4_1/cms_1lvl_seed_43.pt,accuracy,0.0,15.2,328.78,frozen-checkpoint inference evaluation
B4,MK-NIAH,MK_NIAH_S094,43,checkpoints/phase4_1/cms_1lvl_seed_43.pt,target_prob,0.031,15.2,328.78,frozen-checkpoint inference evaluation
B4,MK-NIAH,MK_NIAH_S095,43,checkpoints/phase4_1/cms_1lvl_seed_43.pt,accuracy,0.0,15.2,328.78,frozen-checkpoint inference evaluation
B4,MK-NIAH,MK_NIAH_S095,43,checkpoints/phase4_1/cms_1lvl_seed_43.pt,target_prob,0.039,15.2,328.78,frozen-checkpoint inference evaluation
B4,MK-NIAH,MK_NIAH_S096,43,checkpoints/phase4_1/cms_1lvl_seed_43.pt,accuracy,0.0,15.2,328.78,frozen-checkpoint inference evaluation
B4,MK-NIAH,MK_NIAH_S096,43,checkpoints/phase4_1/cms_1lvl_seed_43.pt,target_prob,0.1196,15.2,328.78,frozen-checkpoint inference evaluation
B4,MK-NIAH,MK_NIAH_S097,43,checkpoints/phase4_1/cms_1lvl_seed_43.pt,accuracy,0.0,15.2,328.78,frozen-checkpoint inference evaluation
B4,MK-NIAH,MK_NIAH_S097,43,checkpoints/phase4_1/cms_1lvl_seed_43.pt,target_prob,0.0409,15.2,328.78,frozen-checkpoint inference evaluation
B4,MK-NIAH,MK_NIAH_S098,43,checkpoints/phase4_1/cms_1lvl_seed_43.pt,accuracy,0.0,15.2,328.78,frozen-checkpoint inference evaluation
B4,MK-NIAH,MK_NIAH_S098,43,checkpoints/phase4_1/cms_1lvl_seed_43.pt,target_prob,0.0933,15.2,328.78,frozen-checkpoint inference evaluation
B4,MK-NIAH,MK_NIAH_S099,43,checkpoints/phase4_1/cms_1lvl_seed_43.pt,accuracy,0.0,15.2,328.78,frozen-checkpoint inference evaluation
B4,MK-NIAH,MK_NIAH_S099,43,checkpoints/phase4_1/cms_1lvl_seed_43.pt,target_prob,0.0457,15.2,328.78,frozen-checkpoint inference evaluation
B5,MK-NIAH,MK_NIAH_S000,43,checkpoints/phase4_1/cms_3lvl_seed_43.pt,accuracy,0.0,15.2,361.22,frozen-checkpoint inference evaluation
B5,MK-NIAH,MK_NIAH_S000,43,checkpoints/phase4_1/cms_3lvl_seed_43.pt,target_prob,0.0355,15.2,361.22,frozen-checkpoint inference evaluation
B5,MK-NIAH,MK_NIAH_S001,43,checkpoints/phase4_1/cms_3lvl_seed_43.pt,accuracy,0.0,15.2,361.22,frozen-checkpoint inference evaluation
B5,MK-NIAH,MK_NIAH_S001,43,checkpoints/phase4_1/cms_3lvl_seed_43.pt,target_prob,0.0509,15.2,361.22,frozen-checkpoint inference evaluation
B5,MK-NIAH,MK_NIAH_S002,43,checkpoints/phase4_1/cms_3lvl_seed_43.pt,accuracy,0.0,15.2,361.22,frozen-checkpoint inference evaluation
B5,MK-NIAH,MK_NIAH_S002,43,checkpoints/phase4_1/cms_3lvl_seed_43.pt,target_prob,0.0695,15.2,361.22,frozen-checkpoint inference evaluation
B5,MK-NIAH,MK_NIAH_S003,43,checkpoints/phase4_1/cms_3lvl_seed_43.pt,accuracy,0.0,15.2,361.22,frozen-checkpoint inference evaluation
B5,MK-NIAH,MK_NIAH_S003,43,checkpoints/phase4_1/cms_3lvl_seed_43.pt,target_prob,0.116,15.2,361.22,frozen-checkpoint inference evaluation
B5,MK-NIAH,MK_NIAH_S004,43,checkpoints/phase4_1/cms_3lvl_seed_43.pt,accuracy,0.0,15.2,361.22,frozen-checkpoint inference evaluation
B5,MK-NIAH,MK_NIAH_S004,43,checkpoints/phase4_1/cms_3lvl_seed_43.pt,target_prob,0.1033,15.2,361.22,frozen-checkpoint inference evaluation
B5,MK-NIAH,MK_NIAH_S005,43,checkpoints/phase4_1/cms_3lvl_seed_43.pt,accuracy,0.0,15.2,361.22,frozen-checkpoint inference evaluation
B5,MK-NIAH,MK_NIAH_S005,43,checkpoints/phase4_1/cms_3lvl_seed_43.pt,target_prob,0.0723,15.2,361.22,frozen-checkpoint inference evaluation
B5,MK-NIAH,MK_NIAH_S006,43,checkpoints/phase4_1/cms_3lvl_seed_43.pt,accuracy,0.0,15.2,361.22,frozen-checkpoint inference evaluation
B5,MK-NIAH,MK_NIAH_S006,43,checkpoints/phase4_1/cms_3lvl_seed_43.pt,target_prob,0.0654,15.2,361.22,frozen-checkpoint inference evaluation
B5,MK-NIAH,MK_NIAH_S007,43,checkpoints/phase4_1/cms_3lvl_seed_43.pt,accuracy,0.0,15.2,361.22,frozen-checkpoint inference evaluation
B5,MK-NIAH,MK_NIAH_S007,43,checkpoints/phase4_1/cms_3lvl_seed_43.pt,target_prob,0.1332,15.2,361.22,frozen-checkpoint inference evaluation
B5,MK-NIAH,MK_NIAH_S008,43,checkpoints/phase4_1/cms_3lvl_seed_43.pt,accuracy,0.0,15.2,361.22,frozen-checkpoint inference evaluation
B5,MK-NIAH,MK_NIAH_S008,43,checkpoints/phase4_1/cms_3lvl_seed_43.pt,target_prob,0.058,15.2,361.22,frozen-checkpoint inference evaluation
B5,MK-NIAH,MK_NIAH_S009,43,checkpoints/phase4_1/cms_3lvl_seed_43.pt,accuracy,0.0,15.2,361.22,frozen-checkpoint inference evaluation
B5,MK-NIAH,MK_NIAH_S009,43,checkpoints/phase4_1/cms_3lvl_seed_43.pt,target_prob,0.0817,15.2,361.22,frozen-checkpoint inference evaluation
B5,MK-NIAH,MK_NIAH_S010,43,checkpoints/phase4_1/cms_3lvl_seed_43.pt,accuracy,0.0,15.2,361.22,frozen-checkpoint inference evaluation
B5,MK-NIAH,MK_NIAH_S010,43,checkpoints/phase4_1/cms_3lvl_seed_43.pt,target_prob,0.0715,15.2,361.22,frozen-checkpoint inference evaluation
B5,MK-NIAH,MK_NIAH_S011,43,checkpoints/phase4_1/cms_3lvl_seed_43.pt,accuracy,0.0,15.2,361.22,frozen-checkpoint inference evaluation
B5,MK-NIAH,MK_NIAH_S011,43,checkpoints/phase4_1/cms_3lvl_seed_43.pt,target_prob,0.0419,15.2,361.22,frozen-checkpoint inference evaluation
B5,MK-NIAH,MK_NIAH_S012,43,checkpoints/phase4_1/cms_3lvl_seed_43.pt,accuracy,0.0,15.2,361.22,frozen-checkpoint inference evaluation
B5,MK-NIAH,MK_NIAH_S012,43,checkpoints/phase4_1/cms_3lvl_seed_43.pt,target_prob,0.0619,15.2,361.22,frozen-checkpoint inference evaluation
B5,MK-NIAH,MK_NIAH_S013,43,checkpoints/phase4_1/cms_3lvl_seed_43.pt,accuracy,0.0,15.2,361.22,frozen-checkpoint inference evaluation
B5,MK-NIAH,MK_NIAH_S013,43,checkpoints/phase4_1/cms_3lvl_seed_43.pt,target_prob,0.0837,15.2,361.22,frozen-checkpoint inference evaluation
B5,MK-NIAH,MK_NIAH_S014,43,checkpoints/phase4_1/cms_3lvl_seed_43.pt,accuracy,0.0,15.2,361.22,frozen-checkpoint inference evaluation
B5,MK-NIAH,MK_NIAH_S014,43,checkpoints/phase4_1/cms_3lvl_seed_43.pt,target_prob,0.0709,15.2,361.22,frozen-checkpoint inference evaluation
B5,MK-NIAH,MK_NIAH_S015,43,checkpoints/phase4_1/cms_3lvl_seed_43.pt,accuracy,0.0,15.2,361.22,frozen-checkpoint inference evaluation
B5,MK-NIAH,MK_NIAH_S015,43,checkpoints/phase4_1/cms_3lvl_seed_43.pt,target_prob,0.0458,15.2,361.22,frozen-checkpoint inference evaluation
B5,MK-NIAH,MK_NIAH_S016,43,checkpoints/phase4_1/cms_3lvl_seed_43.pt,accuracy,0.0,15.2,361.22,frozen-checkpoint inference evaluation
B5,MK-NIAH,MK_NIAH_S016,43,checkpoints/phase4_1/cms_3lvl_seed_43.pt,target_prob,0.0508,15.2,361.22,frozen-checkpoint inference evaluation
B5,MK-NIAH,MK_NIAH_S017,43,checkpoints/phase4_1/cms_3lvl_seed_43.pt,accuracy,0.0,15.2,361.22,frozen-checkpoint inference evaluation
B5,MK-NIAH,MK_NIAH_S017,43,checkpoints/phase4_1/cms_3lvl_seed_43.pt,target_prob,0.073,15.2,361.22,frozen-checkpoint inference evaluation
B5,MK-NIAH,MK_NIAH_S018,43,checkpoints/phase4_1/cms_3lvl_seed_43.pt,accuracy,0.0,15.2,361.22,frozen-checkpoint inference evaluation
B5,MK-NIAH,MK_NIAH_S018,43,checkpoints/phase4_1/cms_3lvl_seed_43.pt,target_prob,0.1121,15.2,361.22,frozen-checkpoint inference evaluation
B5,MK-NIAH,MK_NIAH_S019,43,checkpoints/phase4_1/cms_3lvl_seed_43.pt,accuracy,0.0,15.2,361.22,frozen-checkpoint inference evaluation
B5,MK-NIAH,MK_NIAH_S019,43,checkpoints/phase4_1/cms_3lvl_seed_43.pt,target_prob,0.0359,15.2,361.22,frozen-checkpoint inference evaluation
B5,MK-NIAH,MK_NIAH_S020,43,checkpoints/phase4_1/cms_3lvl_seed_43.pt,accuracy,0.0,15.2,361.22,frozen-checkpoint inference evaluation
B5,MK-NIAH,MK_NIAH_S020,43,checkpoints/phase4_1/cms_3lvl_seed_43.pt,target_prob,0.0604,15.2,361.22,frozen-checkpoint inference evaluation
B5,MK-NIAH,MK_NIAH_S021,43,checkpoints/phase4_1/cms_3lvl_seed_43.pt,accuracy,0.0,15.2,361.22,frozen-checkpoint inference evaluation
B5,MK-NIAH,MK_NIAH_S021,43,checkpoints/phase4_1/cms_3lvl_seed_43.pt,target_prob,0.0705,15.2,361.22,frozen-checkpoint inference evaluation
B5,MK-NIAH,MK_NIAH_S022,43,checkpoints/phase4_1/cms_3lvl_seed_43.pt,accuracy,0.0,15.2,361.22,frozen-checkpoint inference evaluation
B5,MK-NIAH,MK_NIAH_S022,43,checkpoints/phase4_1/cms_3lvl_seed_43.pt,target_prob,0.0636,15.2,361.22,frozen-checkpoint inference evaluation
B5,MK-NIAH,MK_NIAH_S023,43,checkpoints/phase4_1/cms_3lvl_seed_43.pt,accuracy,0.0,15.2,361.22,frozen-checkpoint inference evaluation
B5,MK-NIAH,MK_NIAH_S023,43,checkpoints/phase4_1/cms_3lvl_seed_43.pt,target_prob,0.0576,15.2,361.22,frozen-checkpoint inference evaluation
B5,MK-NIAH,MK_NIAH_S024,43,checkpoints/phase4_1/cms_3lvl_seed_43.pt,accuracy,0.0,15.2,361.22,frozen-checkpoint inference evaluation
B5,MK-NIAH,MK_NIAH_S024,43,checkpoints/phase4_1/cms_3lvl_seed_43.pt,target_prob,0.0485,15.2,361.22,frozen-checkpoint inference evaluation
B5,MK-NIAH,MK_NIAH_S025,43,checkpoints/phase4_1/cms_3lvl_seed_43.pt,accuracy,0.0,15.2,361.22,frozen-checkpoint inference evaluation
B5,MK-NIAH,MK_NIAH_S025,43,checkpoints/phase4_1/cms_3lvl_seed_43.pt,target_prob,0.0402,15.2,361.22,frozen-checkpoint inference evaluation
B5,MK-NIAH,MK_NIAH_S026,43,checkpoints/phase4_1/cms_3lvl_seed_43.pt,accuracy,0.0,15.2,361.22,frozen-checkpoint inference evaluation
B5,MK-NIAH,MK_NIAH_S026,43,checkpoints/phase4_1/cms_3lvl_seed_43.pt,target_prob,0.0629,15.2,361.22,frozen-checkpoint inference evaluation
B5,MK-NIAH,MK_NIAH_S027,43,checkpoints/phase4_1/cms_3lvl_seed_43.pt,accuracy,0.0,15.2,361.22,frozen-checkpoint inference evaluation
B5,MK-NIAH,MK_NIAH_S027,43,checkpoints/phase4_1/cms_3lvl_seed_43.pt,target_prob,0.0397,15.2,361.22,frozen-checkpoint inference evaluation
B5,MK-NIAH,MK_NIAH_S028,43,checkpoints/phase4_1/cms_3lvl_seed_43.pt,accuracy,0.0,15.2,361.22,frozen-checkpoint inference evaluation
B5,MK-NIAH,MK_NIAH_S028,43,checkpoints/phase4_1/cms_3lvl_seed_43.pt,target_prob,0.1193,15.2,361.22,frozen-checkpoint inference evaluation
B5,MK-NIAH,MK_NIAH_S029,43,checkpoints/phase4_1/cms_3lvl_seed_43.pt,accuracy,0.0,15.2,361.22,frozen-checkpoint inference evaluation
B5,MK-NIAH,MK_NIAH_S029,43,checkpoints/phase4_1/cms_3lvl_seed_43.pt,target_prob,0.075,15.2,361.22,frozen-checkpoint inference evaluation
B5,MK-NIAH,MK_NIAH_S030,43,checkpoints/phase4_1/cms_3lvl_seed_43.pt,accuracy,0.0,15.2,361.22,frozen-checkpoint inference evaluation
B5,MK-NIAH,MK_NIAH_S030,43,checkpoints/phase4_1/cms_3lvl_seed_43.pt,target_prob,0.0457,15.2,361.22,frozen-checkpoint inference evaluation
B5,MK-NIAH,MK_NIAH_S031,43,checkpoints/phase4_1/cms_3lvl_seed_43.pt,accuracy,0.0,15.2,361.22,frozen-checkpoint inference evaluation
B5,MK-NIAH,MK_NIAH_S031,43,checkpoints/phase4_1/cms_3lvl_seed_43.pt,target_prob,0.0851,15.2,361.22,frozen-checkpoint inference evaluation
B5,MK-NIAH,MK_NIAH_S032,43,checkpoints/phase4_1/cms_3lvl_seed_43.pt,accuracy,0.0,15.2,361.22,frozen-checkpoint inference evaluation
B5,MK-NIAH,MK_NIAH_S032,43,checkpoints/phase4_1/cms_3lvl_seed_43.pt,target_prob,0.0491,15.2,361.22,frozen-checkpoint inference evaluation
B5,MK-NIAH,MK_NIAH_S033,43,checkpoints/phase4_1/cms_3lvl_seed_43.pt,accuracy,0.0,15.2,361.22,frozen-checkpoint inference evaluation
B5,MK-NIAH,MK_NIAH_S033,43,checkpoints/phase4_1/cms_3lvl_seed_43.pt,target_prob,0.0845,15.2,361.22,frozen-checkpoint inference evaluation
B5,MK-NIAH,MK_NIAH_S034,43,checkpoints/phase4_1/cms_3lvl_seed_43.pt,accuracy,0.0,15.2,361.22,frozen-checkpoint inference evaluation
B5,MK-NIAH,MK_NIAH_S034,43,checkpoints/phase4_1/cms_3lvl_seed_43.pt,target_prob,0.0562,15.2,361.22,frozen-checkpoint inference evaluation
B5,MK-NIAH,MK_NIAH_S035,43,checkpoints/phase4_1/cms_3lvl_seed_43.pt,accuracy,0.0,15.2,361.22,frozen-checkpoint inference evaluation
B5,MK-NIAH,MK_NIAH_S035,43,checkpoints/phase4_1/cms_3lvl_seed_43.pt,target_prob,0.0434,15.2,361.22,frozen-checkpoint inference evaluation
B5,MK-NIAH,MK_NIAH_S036,43,checkpoints/phase4_1/cms_3lvl_seed_43.pt,accuracy,0.0,15.2,361.22,frozen-checkpoint inference evaluation
B5,MK-NIAH,MK_NIAH_S036,43,checkpoints/phase4_1/cms_3lvl_seed_43.pt,target_prob,0.1117,15.2,361.22,frozen-checkpoint inference evaluation
B5,MK-NIAH,MK_NIAH_S037,43,checkpoints/phase4_1/cms_3lvl_seed_43.pt,accuracy,0.0,15.2,361.22,frozen-checkpoint inference evaluation
B5,MK-NIAH,MK_NIAH_S037,43,checkpoints/phase4_1/cms_3lvl_seed_43.pt,target_prob,0.0747,15.2,361.22,frozen-checkpoint inference evaluation
B5,MK-NIAH,MK_NIAH_S038,43,checkpoints/phase4_1/cms_3lvl_seed_43.pt,accuracy,0.0,15.2,361.22,frozen-checkpoint inference evaluation
B5,MK-NIAH,MK_NIAH_S038,43,checkpoints/phase4_1/cms_3lvl_seed_43.pt,target_prob,0.036,15.2,361.22,frozen-checkpoint inference evaluation
B5,MK-NIAH,MK_NIAH_S039,43,checkpoints/phase4_1/cms_3lvl_seed_43.pt,accuracy,0.0,15.2,361.22,frozen-checkpoint inference evaluation
B5,MK-NIAH,MK_NIAH_S039,43,checkpoints/phase4_1/cms_3lvl_seed_43.pt,target_prob,0.032,15.2,361.22,frozen-checkpoint inference evaluation
B5,MK-NIAH,MK_NIAH_S040,43,checkpoints/phase4_1/cms_3lvl_seed_43.pt,accuracy,0.0,15.2,361.22,frozen-checkpoint inference evaluation
B5,MK-NIAH,MK_NIAH_S040,43,checkpoints/phase4_1/cms_3lvl_seed_43.pt,target_prob,0.0457,15.2,361.22,frozen-checkpoint inference evaluation
B5,MK-NIAH,MK_NIAH_S041,43,checkpoints/phase4_1/cms_3lvl_seed_43.pt,accuracy,0.0,15.2,361.22,frozen-checkpoint inference evaluation
B5,MK-NIAH,MK_NIAH_S041,43,checkpoints/phase4_1/cms_3lvl_seed_43.pt,target_prob,0.0833,15.2,361.22,frozen-checkpoint inference evaluation
B5,MK-NIAH,MK_NIAH_S042,43,checkpoints/phase4_1/cms_3lvl_seed_43.pt,accuracy,0.0,15.2,361.22,frozen-checkpoint inference evaluation
B5,MK-NIAH,MK_NIAH_S042,43,checkpoints/phase4_1/cms_3lvl_seed_43.pt,target_prob,0.0339,15.2,361.22,frozen-checkpoint inference evaluation
B5,MK-NIAH,MK_NIAH_S043,43,checkpoints/phase4_1/cms_3lvl_seed_43.pt,accuracy,0.0,15.2,361.22,frozen-checkpoint inference evaluation
B5,MK-NIAH,MK_NIAH_S043,43,checkpoints/phase4_1/cms_3lvl_seed_43.pt,target_prob,0.0674,15.2,361.22,frozen-checkpoint inference evaluation
B5,MK-NIAH,MK_NIAH_S044,43,checkpoints/phase4_1/cms_3lvl_seed_43.pt,accuracy,0.0,15.2,361.22,frozen-checkpoint inference evaluation
B5,MK-NIAH,MK_NIAH_S044,43,checkpoints/phase4_1/cms_3lvl_seed_43.pt,target_prob,0.0323,15.2,361.22,frozen-checkpoint inference evaluation
B5,MK-NIAH,MK_NIAH_S045,43,checkpoints/phase4_1/cms_3lvl_seed_43.pt,accuracy,0.0,15.2,361.22,frozen-checkpoint inference evaluation
B5,MK-NIAH,MK_NIAH_S045,43,checkpoints/phase4_1/cms_3lvl_seed_43.pt,target_prob,0.1115,15.2,361.22,frozen-checkpoint inference evaluation
B5,MK-NIAH,MK_NIAH_S046,43,checkpoints/phase4_1/cms_3lvl_seed_43.pt,accuracy,0.0,15.2,361.22,frozen-checkpoint inference evaluation
B5,MK-NIAH,MK_NIAH_S046,43,checkpoints/phase4_1/cms_3lvl_seed_43.pt,target_prob,0.0404,15.2,361.22,frozen-checkpoint inference evaluation
B5,MK-NIAH,MK_NIAH_S047,43,checkpoints/phase4_1/cms_3lvl_seed_43.pt,accuracy,0.0,15.2,361.22,frozen-checkpoint inference evaluation
B5,MK-NIAH,MK_NIAH_S047,43,checkpoints/phase4_1/cms_3lvl_seed_43.pt,target_prob,0.0544,15.2,361.22,frozen-checkpoint inference evaluation
B5,MK-NIAH,MK_NIAH_S048,43,checkpoints/phase4_1/cms_3lvl_seed_43.pt,accuracy,0.0,15.2,361.22,frozen-checkpoint inference evaluation
B5,MK-NIAH,MK_NIAH_S048,43,checkpoints/phase4_1/cms_3lvl_seed_43.pt,target_prob,0.0616,15.2,361.22,frozen-checkpoint inference evaluation
B5,MK-NIAH,MK_NIAH_S049,43,checkpoints/phase4_1/cms_3lvl_seed_43.pt,accuracy,0.0,15.2,361.22,frozen-checkpoint inference evaluation
B5,MK-NIAH,MK_NIAH_S049,43,checkpoints/phase4_1/cms_3lvl_seed_43.pt,target_prob,0.0463,15.2,361.22,frozen-checkpoint inference evaluation
B5,MK-NIAH,MK_NIAH_S050,43,checkpoints/phase4_1/cms_3lvl_seed_43.pt,accuracy,0.0,15.2,361.22,frozen-checkpoint inference evaluation
B5,MK-NIAH,MK_NIAH_S050,43,checkpoints/phase4_1/cms_3lvl_seed_43.pt,target_prob,0.0341,15.2,361.22,frozen-checkpoint inference evaluation
B5,MK-NIAH,MK_NIAH_S051,43,checkpoints/phase4_1/cms_3lvl_seed_43.pt,accuracy,0.0,15.2,361.22,frozen-checkpoint inference evaluation
B5,MK-NIAH,MK_NIAH_S051,43,checkpoints/phase4_1/cms_3lvl_seed_43.pt,target_prob,0.0463,15.2,361.22,frozen-checkpoint inference evaluation
B5,MK-NIAH,MK_NIAH_S052,43,checkpoints/phase4_1/cms_3lvl_seed_43.pt,accuracy,0.0,15.2,361.22,frozen-checkpoint inference evaluation
B5,MK-NIAH,MK_NIAH_S052,43,checkpoints/phase4_1/cms_3lvl_seed_43.pt,target_prob,0.0603,15.2,361.22,frozen-checkpoint inference evaluation
B5,MK-NIAH,MK_NIAH_S053,43,checkpoints/phase4_1/cms_3lvl_seed_43.pt,accuracy,0.0,15.2,361.22,frozen-checkpoint inference evaluation
B5,MK-NIAH,MK_NIAH_S053,43,checkpoints/phase4_1/cms_3lvl_seed_43.pt,target_prob,0.0607,15.2,361.22,frozen-checkpoint inference evaluation
B5,MK-NIAH,MK_NIAH_S054,43,checkpoints/phase4_1/cms_3lvl_seed_43.pt,accuracy,0.0,15.2,361.22,frozen-checkpoint inference evaluation
B5,MK-NIAH,MK_NIAH_S054,43,checkpoints/phase4_1/cms_3lvl_seed_43.pt,target_prob,0.0474,15.2,361.22,frozen-checkpoint inference evaluation
B5,MK-NIAH,MK_NIAH_S055,43,checkpoints/phase4_1/cms_3lvl_seed_43.pt,accuracy,0.0,15.2,361.22,frozen-checkpoint inference evaluation
B5,MK-NIAH,MK_NIAH_S055,43,checkpoints/phase4_1/cms_3lvl_seed_43.pt,target_prob,0.0714,15.2,361.22,frozen-checkpoint inference evaluation
B5,MK-NIAH,MK_NIAH_S056,43,checkpoints/phase4_1/cms_3lvl_seed_43.pt,accuracy,0.0,15.2,361.22,frozen-checkpoint inference evaluation
B5,MK-NIAH,MK_NIAH_S056,43,checkpoints/phase4_1/cms_3lvl_seed_43.pt,target_prob,0.0542,15.2,361.22,frozen-checkpoint inference evaluation
B5,MK-NIAH,MK_NIAH_S057,43,checkpoints/phase4_1/cms_3lvl_seed_43.pt,accuracy,0.0,15.2,361.22,frozen-checkpoint inference evaluation
B5,MK-NIAH,MK_NIAH_S057,43,checkpoints/phase4_1/cms_3lvl_seed_43.pt,target_prob,0.0331,15.2,361.22,frozen-checkpoint inference evaluation
B5,MK-NIAH,MK_NIAH_S058,43,checkpoints/phase4_1/cms_3lvl_seed_43.pt,accuracy,0.0,15.2,361.22,frozen-checkpoint inference evaluation
B5,MK-NIAH,MK_NIAH_S058,43,checkpoints/phase4_1/cms_3lvl_seed_43.pt,target_prob,0.0916,15.2,361.22,frozen-checkpoint inference evaluation
B5,MK-NIAH,MK_NIAH_S059,43,checkpoints/phase4_1/cms_3lvl_seed_43.pt,accuracy,0.0,15.2,361.22,frozen-checkpoint inference evaluation
B5,MK-NIAH,MK_NIAH_S059,43,checkpoints/phase4_1/cms_3lvl_seed_43.pt,target_prob,0.0349,15.2,361.22,frozen-checkpoint inference evaluation
B5,MK-NIAH,MK_NIAH_S060,43,checkpoints/phase4_1/cms_3lvl_seed_43.pt,accuracy,0.0,15.2,361.22,frozen-checkpoint inference evaluation
B5,MK-NIAH,MK_NIAH_S060,43,checkpoints/phase4_1/cms_3lvl_seed_43.pt,target_prob,0.0422,15.2,361.22,frozen-checkpoint inference evaluation
B5,MK-NIAH,MK_NIAH_S061,43,checkpoints/phase4_1/cms_3lvl_seed_43.pt,accuracy,0.0,15.2,361.22,frozen-checkpoint inference evaluation
B5,MK-NIAH,MK_NIAH_S061,43,checkpoints/phase4_1/cms_3lvl_seed_43.pt,target_prob,0.0596,15.2,361.22,frozen-checkpoint inference evaluation
B5,MK-NIAH,MK_NIAH_S062,43,checkpoints/phase4_1/cms_3lvl_seed_43.pt,accuracy,0.0,15.2,361.22,frozen-checkpoint inference evaluation
B5,MK-NIAH,MK_NIAH_S062,43,checkpoints/phase4_1/cms_3lvl_seed_43.pt,target_prob,0.0419,15.2,361.22,frozen-checkpoint inference evaluation
B5,MK-NIAH,MK_NIAH_S063,43,checkpoints/phase4_1/cms_3lvl_seed_43.pt,accuracy,0.0,15.2,361.22,frozen-checkpoint inference evaluation
B5,MK-NIAH,MK_NIAH_S063,43,checkpoints/phase4_1/cms_3lvl_seed_43.pt,target_prob,0.0792,15.2,361.22,frozen-checkpoint inference evaluation
B5,MK-NIAH,MK_NIAH_S064,43,checkpoints/phase4_1/cms_3lvl_seed_43.pt,accuracy,0.0,15.2,361.22,frozen-checkpoint inference evaluation
B5,MK-NIAH,MK_NIAH_S064,43,checkpoints/phase4_1/cms_3lvl_seed_43.pt,target_prob,0.1038,15.2,361.22,frozen-checkpoint inference evaluation
B5,MK-NIAH,MK_NIAH_S065,43,checkpoints/phase4_1/cms_3lvl_seed_43.pt,accuracy,0.0,15.2,361.22,frozen-checkpoint inference evaluation
B5,MK-NIAH,MK_NIAH_S065,43,checkpoints/phase4_1/cms_3lvl_seed_43.pt,target_prob,0.1108,15.2,361.22,frozen-checkpoint inference evaluation
B5,MK-NIAH,MK_NIAH_S066,43,checkpoints/phase4_1/cms_3lvl_seed_43.pt,accuracy,0.0,15.2,361.22,frozen-checkpoint inference evaluation
B5,MK-NIAH,MK_NIAH_S066,43,checkpoints/phase4_1/cms_3lvl_seed_43.pt,target_prob,0.0571,15.2,361.22,frozen-checkpoint inference evaluation
B5,MK-NIAH,MK_NIAH_S067,43,checkpoints/phase4_1/cms_3lvl_seed_43.pt,accuracy,0.0,15.2,361.22,frozen-checkpoint inference evaluation
B5,MK-NIAH,MK_NIAH_S067,43,checkpoints/phase4_1/cms_3lvl_seed_43.pt,target_prob,0.123,15.2,361.22,frozen-checkpoint inference evaluation
B5,MK-NIAH,MK_NIAH_S068,43,checkpoints/phase4_1/cms_3lvl_seed_43.pt,accuracy,0.0,15.2,361.22,frozen-checkpoint inference evaluation
B5,MK-NIAH,MK_NIAH_S068,43,checkpoints/phase4_1/cms_3lvl_seed_43.pt,target_prob,0.088,15.2,361.22,frozen-checkpoint inference evaluation
B5,MK-NIAH,MK_NIAH_S069,43,checkpoints/phase4_1/cms_3lvl_seed_43.pt,accuracy,0.0,15.2,361.22,frozen-checkpoint inference evaluation
B5,MK-NIAH,MK_NIAH_S069,43,checkpoints/phase4_1/cms_3lvl_seed_43.pt,target_prob,0.0402,15.2,361.22,frozen-checkpoint inference evaluation
B5,MK-NIAH,MK_NIAH_S070,43,checkpoints/phase4_1/cms_3lvl_seed_43.pt,accuracy,0.0,15.2,361.22,frozen-checkpoint inference evaluation
B5,MK-NIAH,MK_NIAH_S070,43,checkpoints/phase4_1/cms_3lvl_seed_43.pt,target_prob,0.083,15.2,361.22,frozen-checkpoint inference evaluation
B5,MK-NIAH,MK_NIAH_S071,43,checkpoints/phase4_1/cms_3lvl_seed_43.pt,accuracy,0.0,15.2,361.22,frozen-checkpoint inference evaluation
B5,MK-NIAH,MK_NIAH_S071,43,checkpoints/phase4_1/cms_3lvl_seed_43.pt,target_prob,0.0453,15.2,361.22,frozen-checkpoint inference evaluation
B5,MK-NIAH,MK_NIAH_S072,43,checkpoints/phase4_1/cms_3lvl_seed_43.pt,accuracy,0.0,15.2,361.22,frozen-checkpoint inference evaluation
B5,MK-NIAH,MK_NIAH_S072,43,checkpoints/phase4_1/cms_3lvl_seed_43.pt,target_prob,0.134,15.2,361.22,frozen-checkpoint inference evaluation
B5,MK-NIAH,MK_NIAH_S073,43,checkpoints/phase4_1/cms_3lvl_seed_43.pt,accuracy,0.0,15.2,361.22,frozen-checkpoint inference evaluation
B5,MK-NIAH,MK_NIAH_S073,43,checkpoints/phase4_1/cms_3lvl_seed_43.pt,target_prob,0.1142,15.2,361.22,frozen-checkpoint inference evaluation
B5,MK-NIAH,MK_NIAH_S074,43,checkpoints/phase4_1/cms_3lvl_seed_43.pt,accuracy,0.0,15.2,361.22,frozen-checkpoint inference evaluation
B5,MK-NIAH,MK_NIAH_S074,43,checkpoints/phase4_1/cms_3lvl_seed_43.pt,target_prob,0.1266,15.2,361.22,frozen-checkpoint inference evaluation
B5,MK-NIAH,MK_NIAH_S075,43,checkpoints/phase4_1/cms_3lvl_seed_43.pt,accuracy,0.0,15.2,361.22,frozen-checkpoint inference evaluation
B5,MK-NIAH,MK_NIAH_S075,43,checkpoints/phase4_1/cms_3lvl_seed_43.pt,target_prob,0.1244,15.2,361.22,frozen-checkpoint inference evaluation
B5,MK-NIAH,MK_NIAH_S076,43,checkpoints/phase4_1/cms_3lvl_seed_43.pt,accuracy,0.0,15.2,361.22,frozen-checkpoint inference evaluation
B5,MK-NIAH,MK_NIAH_S076,43,checkpoints/phase4_1/cms_3lvl_seed_43.pt,target_prob,0.0421,15.2,361.22,frozen-checkpoint inference evaluation
B5,MK-NIAH,MK_NIAH_S077,43,checkpoints/phase4_1/cms_3lvl_seed_43.pt,accuracy,0.0,15.2,361.22,frozen-checkpoint inference evaluation
B5,MK-NIAH,MK_NIAH_S077,43,checkpoints/phase4_1/cms_3lvl_seed_43.pt,target_prob,0.0523,15.2,361.22,frozen-checkpoint inference evaluation
B5,MK-NIAH,MK_NIAH_S078,43,checkpoints/phase4_1/cms_3lvl_seed_43.pt,accuracy,0.0,15.2,361.22,frozen-checkpoint inference evaluation
B5,MK-NIAH,MK_NIAH_S078,43,checkpoints/phase4_1/cms_3lvl_seed_43.pt,target_prob,0.0861,15.2,361.22,frozen-checkpoint inference evaluation
B5,MK-NIAH,MK_NIAH_S079,43,checkpoints/phase4_1/cms_3lvl_seed_43.pt,accuracy,0.0,15.2,361.22,frozen-checkpoint inference evaluation
B5,MK-NIAH,MK_NIAH_S079,43,checkpoints/phase4_1/cms_3lvl_seed_43.pt,target_prob,0.0387,15.2,361.22,frozen-checkpoint inference evaluation
B5,MK-NIAH,MK_NIAH_S080,43,checkpoints/phase4_1/cms_3lvl_seed_43.pt,accuracy,0.0,15.2,361.22,frozen-checkpoint inference evaluation
B5,MK-NIAH,MK_NIAH_S080,43,checkpoints/phase4_1/cms_3lvl_seed_43.pt,target_prob,0.0756,15.2,361.22,frozen-checkpoint inference evaluation
B5,MK-NIAH,MK_NIAH_S081,43,checkpoints/phase4_1/cms_3lvl_seed_43.pt,accuracy,0.0,15.2,361.22,frozen-checkpoint inference evaluation
B5,MK-NIAH,MK_NIAH_S081,43,checkpoints/phase4_1/cms_3lvl_seed_43.pt,target_prob,0.0797,15.2,361.22,frozen-checkpoint inference evaluation
B5,MK-NIAH,MK_NIAH_S082,43,checkpoints/phase4_1/cms_3lvl_seed_43.pt,accuracy,0.0,15.2,361.22,frozen-checkpoint inference evaluation
B5,MK-NIAH,MK_NIAH_S082,43,checkpoints/phase4_1/cms_3lvl_seed_43.pt,target_prob,0.0522,15.2,361.22,frozen-checkpoint inference evaluation
B5,MK-NIAH,MK_NIAH_S083,43,checkpoints/phase4_1/cms_3lvl_seed_43.pt,accuracy,0.0,15.2,361.22,frozen-checkpoint inference evaluation
B5,MK-NIAH,MK_NIAH_S083,43,checkpoints/phase4_1/cms_3lvl_seed_43.pt,target_prob,0.0385,15.2,361.22,frozen-checkpoint inference evaluation
B5,MK-NIAH,MK_NIAH_S084,43,checkpoints/phase4_1/cms_3lvl_seed_43.pt,accuracy,0.0,15.2,361.22,frozen-checkpoint inference evaluation
B5,MK-NIAH,MK_NIAH_S084,43,checkpoints/phase4_1/cms_3lvl_seed_43.pt,target_prob,0.0398,15.2,361.22,frozen-checkpoint inference evaluation
B5,MK-NIAH,MK_NIAH_S085,43,checkpoints/phase4_1/cms_3lvl_seed_43.pt,accuracy,0.0,15.2,361.22,frozen-checkpoint inference evaluation
B5,MK-NIAH,MK_NIAH_S085,43,checkpoints/phase4_1/cms_3lvl_seed_43.pt,target_prob,0.0845,15.2,361.22,frozen-checkpoint inference evaluation
B5,MK-NIAH,MK_NIAH_S086,43,checkpoints/phase4_1/cms_3lvl_seed_43.pt,accuracy,0.0,15.2,361.22,frozen-checkpoint inference evaluation
B5,MK-NIAH,MK_NIAH_S086,43,checkpoints/phase4_1/cms_3lvl_seed_43.pt,target_prob,0.0558,15.2,361.22,frozen-checkpoint inference evaluation
B5,MK-NIAH,MK_NIAH_S087,43,checkpoints/phase4_1/cms_3lvl_seed_43.pt,accuracy,0.0,15.2,361.22,frozen-checkpoint inference evaluation
B5,MK-NIAH,MK_NIAH_S087,43,checkpoints/phase4_1/cms_3lvl_seed_43.pt,target_prob,0.1026,15.2,361.22,frozen-checkpoint inference evaluation
B5,MK-NIAH,MK_NIAH_S088,43,checkpoints/phase4_1/cms_3lvl_seed_43.pt,accuracy,0.0,15.2,361.22,frozen-checkpoint inference evaluation
B5,MK-NIAH,MK_NIAH_S088,43,checkpoints/phase4_1/cms_3lvl_seed_43.pt,target_prob,0.0323,15.2,361.22,frozen-checkpoint inference evaluation
B5,MK-NIAH,MK_NIAH_S089,43,checkpoints/phase4_1/cms_3lvl_seed_43.pt,accuracy,0.0,15.2,361.22,frozen-checkpoint inference evaluation
B5,MK-NIAH,MK_NIAH_S089,43,checkpoints/phase4_1/cms_3lvl_seed_43.pt,target_prob,0.1085,15.2,361.22,frozen-checkpoint inference evaluation
B5,MK-NIAH,MK_NIAH_S090,43,checkpoints/phase4_1/cms_3lvl_seed_43.pt,accuracy,0.0,15.2,361.22,frozen-checkpoint inference evaluation
B5,MK-NIAH,MK_NIAH_S090,43,checkpoints/phase4_1/cms_3lvl_seed_43.pt,target_prob,0.0413,15.2,361.22,frozen-checkpoint inference evaluation
B5,MK-NIAH,MK_NIAH_S091,43,checkpoints/phase4_1/cms_3lvl_seed_43.pt,accuracy,0.0,15.2,361.22,frozen-checkpoint inference evaluation
B5,MK-NIAH,MK_NIAH_S091,43,checkpoints/phase4_1/cms_3lvl_seed_43.pt,target_prob,0.0612,15.2,361.22,frozen-checkpoint inference evaluation
B5,MK-NIAH,MK_NIAH_S092,43,checkpoints/phase4_1/cms_3lvl_seed_43.pt,accuracy,0.0,15.2,361.22,frozen-checkpoint inference evaluation
B5,MK-NIAH,MK_NIAH_S092,43,checkpoints/phase4_1/cms_3lvl_seed_43.pt,target_prob,0.0495,15.2,361.22,frozen-checkpoint inference evaluation
B5,MK-NIAH,MK_NIAH_S093,43,checkpoints/phase4_1/cms_3lvl_seed_43.pt,accuracy,0.0,15.2,361.22,frozen-checkpoint inference evaluation
B5,MK-NIAH,MK_NIAH_S093,43,checkpoints/phase4_1/cms_3lvl_seed_43.pt,target_prob,0.0475,15.2,361.22,frozen-checkpoint inference evaluation
B5,MK-NIAH,MK_NIAH_S094,43,checkpoints/phase4_1/cms_3lvl_seed_43.pt,accuracy,0.0,15.2,361.22,frozen-checkpoint inference evaluation
B5,MK-NIAH,MK_NIAH_S094,43,checkpoints/phase4_1/cms_3lvl_seed_43.pt,target_prob,0.0423,15.2,361.22,frozen-checkpoint inference evaluation
B5,MK-NIAH,MK_NIAH_S095,43,checkpoints/phase4_1/cms_3lvl_seed_43.pt,accuracy,0.0,15.2,361.22,frozen-checkpoint inference evaluation
B5,MK-NIAH,MK_NIAH_S095,43,checkpoints/phase4_1/cms_3lvl_seed_43.pt,target_prob,0.061,15.2,361.22,frozen-checkpoint inference evaluation
B5,MK-NIAH,MK_NIAH_S096,43,checkpoints/phase4_1/cms_3lvl_seed_43.pt,accuracy,0.0,15.2,361.22,frozen-checkpoint inference evaluation
B5,MK-NIAH,MK_NIAH_S096,43,checkpoints/phase4_1/cms_3lvl_seed_43.pt,target_prob,0.1121,15.2,361.22,frozen-checkpoint inference evaluation
B5,MK-NIAH,MK_NIAH_S097,43,checkpoints/phase4_1/cms_3lvl_seed_43.pt,accuracy,0.0,15.2,361.22,frozen-checkpoint inference evaluation
B5,MK-NIAH,MK_NIAH_S097,43,checkpoints/phase4_1/cms_3lvl_seed_43.pt,target_prob,0.0673,15.2,361.22,frozen-checkpoint inference evaluation
B5,MK-NIAH,MK_NIAH_S098,43,checkpoints/phase4_1/cms_3lvl_seed_43.pt,accuracy,0.0,15.2,361.22,frozen-checkpoint inference evaluation
B5,MK-NIAH,MK_NIAH_S098,43,checkpoints/phase4_1/cms_3lvl_seed_43.pt,target_prob,0.1149,15.2,361.22,frozen-checkpoint inference evaluation
B5,MK-NIAH,MK_NIAH_S099,43,checkpoints/phase4_1/cms_3lvl_seed_43.pt,accuracy,0.0,15.2,361.22,frozen-checkpoint inference evaluation
B5,MK-NIAH,MK_NIAH_S099,43,checkpoints/phase4_1/cms_3lvl_seed_43.pt,target_prob,0.051,15.2,361.22,frozen-checkpoint inference evaluation
P1,MK-NIAH,MK_NIAH_S000,43,checkpoints/phase4_1/cms_3lvl_seed_43.pt,accuracy,0.0,15.2,361.22,frozen-checkpoint inference evaluation
P1,MK-NIAH,MK_NIAH_S000,43,checkpoints/phase4_1/cms_3lvl_seed_43.pt,target_prob,0.1696,15.2,361.22,frozen-checkpoint inference evaluation
P1,MK-NIAH,MK_NIAH_S001,43,checkpoints/phase4_1/cms_3lvl_seed_43.pt,accuracy,0.0,15.2,361.22,frozen-checkpoint inference evaluation
P1,MK-NIAH,MK_NIAH_S001,43,checkpoints/phase4_1/cms_3lvl_seed_43.pt,target_prob,0.2028,15.2,361.22,frozen-checkpoint inference evaluation
P1,MK-NIAH,MK_NIAH_S002,43,checkpoints/phase4_1/cms_3lvl_seed_43.pt,accuracy,0.0,15.2,361.22,frozen-checkpoint inference evaluation
P1,MK-NIAH,MK_NIAH_S002,43,checkpoints/phase4_1/cms_3lvl_seed_43.pt,target_prob,0.0607,15.2,361.22,frozen-checkpoint inference evaluation
P1,MK-NIAH,MK_NIAH_S003,43,checkpoints/phase4_1/cms_3lvl_seed_43.pt,accuracy,0.0,15.2,361.22,frozen-checkpoint inference evaluation
P1,MK-NIAH,MK_NIAH_S003,43,checkpoints/phase4_1/cms_3lvl_seed_43.pt,target_prob,0.2825,15.2,361.22,frozen-checkpoint inference evaluation
P1,MK-NIAH,MK_NIAH_S004,43,checkpoints/phase4_1/cms_3lvl_seed_43.pt,accuracy,0.0,15.2,361.22,frozen-checkpoint inference evaluation
P1,MK-NIAH,MK_NIAH_S004,43,checkpoints/phase4_1/cms_3lvl_seed_43.pt,target_prob,0.1837,15.2,361.22,frozen-checkpoint inference evaluation
P1,MK-NIAH,MK_NIAH_S005,43,checkpoints/phase4_1/cms_3lvl_seed_43.pt,accuracy,0.0,15.2,361.22,frozen-checkpoint inference evaluation
P1,MK-NIAH,MK_NIAH_S005,43,checkpoints/phase4_1/cms_3lvl_seed_43.pt,target_prob,0.1333,15.2,361.22,frozen-checkpoint inference evaluation
P1,MK-NIAH,MK_NIAH_S006,43,checkpoints/phase4_1/cms_3lvl_seed_43.pt,accuracy,0.0,15.2,361.22,frozen-checkpoint inference evaluation
P1,MK-NIAH,MK_NIAH_S006,43,checkpoints/phase4_1/cms_3lvl_seed_43.pt,target_prob,0.0721,15.2,361.22,frozen-checkpoint inference evaluation
P1,MK-NIAH,MK_NIAH_S007,43,checkpoints/phase4_1/cms_3lvl_seed_43.pt,accuracy,0.0,15.2,361.22,frozen-checkpoint inference evaluation
P1,MK-NIAH,MK_NIAH_S007,43,checkpoints/phase4_1/cms_3lvl_seed_43.pt,target_prob,0.2622,15.2,361.22,frozen-checkpoint inference evaluation
P1,MK-NIAH,MK_NIAH_S008,43,checkpoints/phase4_1/cms_3lvl_seed_43.pt,accuracy,0.0,15.2,361.22,frozen-checkpoint inference evaluation
P1,MK-NIAH,MK_NIAH_S008,43,checkpoints/phase4_1/cms_3lvl_seed_43.pt,target_prob,0.0692,15.2,361.22,frozen-checkpoint inference evaluation
P1,MK-NIAH,MK_NIAH_S009,43,checkpoints/phase4_1/cms_3lvl_seed_43.pt,accuracy,0.0,15.2,361.22,frozen-checkpoint inference evaluation
P1,MK-NIAH,MK_NIAH_S009,43,checkpoints/phase4_1/cms_3lvl_seed_43.pt,target_prob,0.2522,15.2,361.22,frozen-checkpoint inference evaluation
P1,MK-NIAH,MK_NIAH_S010,43,checkpoints/phase4_1/cms_3lvl_seed_43.pt,accuracy,0.0,15.2,361.22,frozen-checkpoint inference evaluation
P1,MK-NIAH,MK_NIAH_S010,43,checkpoints/phase4_1/cms_3lvl_seed_43.pt,target_prob,0.1265,15.2,361.22,frozen-checkpoint inference evaluation
P1,MK-NIAH,MK_NIAH_S011,43,checkpoints/phase4_1/cms_3lvl_seed_43.pt,accuracy,0.0,15.2,361.22,frozen-checkpoint inference evaluation
P1,MK-NIAH,MK_NIAH_S011,43,checkpoints/phase4_1/cms_3lvl_seed_43.pt,target_prob,0.1307,15.2,361.22,frozen-checkpoint inference evaluation
P1,MK-NIAH,MK_NIAH_S012,43,checkpoints/phase4_1/cms_3lvl_seed_43.pt,accuracy,0.0,15.2,361.22,frozen-checkpoint inference evaluation
P1,MK-NIAH,MK_NIAH_S012,43,checkpoints/phase4_1/cms_3lvl_seed_43.pt,target_prob,0.071,15.2,361.22,frozen-checkpoint inference evaluation
P1,MK-NIAH,MK_NIAH_S013,43,checkpoints/phase4_1/cms_3lvl_seed_43.pt,accuracy,0.0,15.2,361.22,frozen-checkpoint inference evaluation
P1,MK-NIAH,MK_NIAH_S013,43,checkpoints/phase4_1/cms_3lvl_seed_43.pt,target_prob,0.2076,15.2,361.22,frozen-checkpoint inference evaluation
P1,MK-NIAH,MK_NIAH_S014,43,checkpoints/phase4_1/cms_3lvl_seed_43.pt,accuracy,0.0,15.2,361.22,frozen-checkpoint inference evaluation
P1,MK-NIAH,MK_NIAH_S014,43,checkpoints/phase4_1/cms_3lvl_seed_43.pt,target_prob,0.0651,15.2,361.22,frozen-checkpoint inference evaluation
P1,MK-NIAH,MK_NIAH_S015,43,checkpoints/phase4_1/cms_3lvl_seed_43.pt,accuracy,0.0,15.2,361.22,frozen-checkpoint inference evaluation
P1,MK-NIAH,MK_NIAH_S015,43,checkpoints/phase4_1/cms_3lvl_seed_43.pt,target_prob,0.0629,15.2,361.22,frozen-checkpoint inference evaluation
P1,MK-NIAH,MK_NIAH_S016,43,checkpoints/phase4_1/cms_3lvl_seed_43.pt,accuracy,0.0,15.2,361.22,frozen-checkpoint inference evaluation
P1,MK-NIAH,MK_NIAH_S016,43,checkpoints/phase4_1/cms_3lvl_seed_43.pt,target_prob,0.2135,15.2,361.22,frozen-checkpoint inference evaluation
P1,MK-NIAH,MK_NIAH_S017,43,checkpoints/phase4_1/cms_3lvl_seed_43.pt,accuracy,0.0,15.2,361.22,frozen-checkpoint inference evaluation
P1,MK-NIAH,MK_NIAH_S017,43,checkpoints/phase4_1/cms_3lvl_seed_43.pt,target_prob,0.1785,15.2,361.22,frozen-checkpoint inference evaluation
P1,MK-NIAH,MK_NIAH_S018,43,checkpoints/phase4_1/cms_3lvl_seed_43.pt,accuracy,0.0,15.2,361.22,frozen-checkpoint inference evaluation
P1,MK-NIAH,MK_NIAH_S018,43,checkpoints/phase4_1/cms_3lvl_seed_43.pt,target_prob,0.1702,15.2,361.22,frozen-checkpoint inference evaluation
P1,MK-NIAH,MK_NIAH_S019,43,checkpoints/phase4_1/cms_3lvl_seed_43.pt,accuracy,0.0,15.2,361.22,frozen-checkpoint inference evaluation
P1,MK-NIAH,MK_NIAH_S019,43,checkpoints/phase4_1/cms_3lvl_seed_43.pt,target_prob,0.1633,15.2,361.22,frozen-checkpoint inference evaluation
P1,MK-NIAH,MK_NIAH_S020,43,checkpoints/phase4_1/cms_3lvl_seed_43.pt,accuracy,0.0,15.2,361.22,frozen-checkpoint inference evaluation
P1,MK-NIAH,MK_NIAH_S020,43,checkpoints/phase4_1/cms_3lvl_seed_43.pt,target_prob,0.1212,15.2,361.22,frozen-checkpoint inference evaluation
P1,MK-NIAH,MK_NIAH_S021,43,checkpoints/phase4_1/cms_3lvl_seed_43.pt,accuracy,0.0,15.2,361.22,frozen-checkpoint inference evaluation
P1,MK-NIAH,MK_NIAH_S021,43,checkpoints/phase4_1/cms_3lvl_seed_43.pt,target_prob,0.1335,15.2,361.22,frozen-checkpoint inference evaluation
P1,MK-NIAH,MK_NIAH_S022,43,checkpoints/phase4_1/cms_3lvl_seed_43.pt,accuracy,0.0,15.2,361.22,frozen-checkpoint inference evaluation
P1,MK-NIAH,MK_NIAH_S022,43,checkpoints/phase4_1/cms_3lvl_seed_43.pt,target_prob,0.127,15.2,361.22,frozen-checkpoint inference evaluation
P1,MK-NIAH,MK_NIAH_S023,43,checkpoints/phase4_1/cms_3lvl_seed_43.pt,accuracy,0.0,15.2,361.22,frozen-checkpoint inference evaluation
P1,MK-NIAH,MK_NIAH_S023,43,checkpoints/phase4_1/cms_3lvl_seed_43.pt,target_prob,0.069,15.2,361.22,frozen-checkpoint inference evaluation
P1,MK-NIAH,MK_NIAH_S024,43,checkpoints/phase4_1/cms_3lvl_seed_43.pt,accuracy,0.0,15.2,361.22,frozen-checkpoint inference evaluation
P1,MK-NIAH,MK_NIAH_S024,43,checkpoints/phase4_1/cms_3lvl_seed_43.pt,target_prob,0.2042,15.2,361.22,frozen-checkpoint inference evaluation
P1,MK-NIAH,MK_NIAH_S025,43,checkpoints/phase4_1/cms_3lvl_seed_43.pt,accuracy,0.0,15.2,361.22,frozen-checkpoint inference evaluation
P1,MK-NIAH,MK_NIAH_S025,43,checkpoints/phase4_1/cms_3lvl_seed_43.pt,target_prob,0.0358,15.2,361.22,frozen-checkpoint inference evaluation
P1,MK-NIAH,MK_NIAH_S026,43,checkpoints/phase4_1/cms_3lvl_seed_43.pt,accuracy,0.0,15.2,361.22,frozen-checkpoint inference evaluation
P1,MK-NIAH,MK_NIAH_S026,43,checkpoints/phase4_1/cms_3lvl_seed_43.pt,target_prob,0.1962,15.2,361.22,frozen-checkpoint inference evaluation
P1,MK-NIAH,MK_NIAH_S027,43,checkpoints/phase4_1/cms_3lvl_seed_43.pt,accuracy,0.0,15.2,361.22,frozen-checkpoint inference evaluation
P1,MK-NIAH,MK_NIAH_S027,43,checkpoints/phase4_1/cms_3lvl_seed_43.pt,target_prob,0.0386,15.2,361.22,frozen-checkpoint inference evaluation
P1,MK-NIAH,MK_NIAH_S028,43,checkpoints/phase4_1/cms_3lvl_seed_43.pt,accuracy,0.0,15.2,361.22,frozen-checkpoint inference evaluation
P1,MK-NIAH,MK_NIAH_S028,43,checkpoints/phase4_1/cms_3lvl_seed_43.pt,target_prob,0.1703,15.2,361.22,frozen-checkpoint inference evaluation
P1,MK-NIAH,MK_NIAH_S029,43,checkpoints/phase4_1/cms_3lvl_seed_43.pt,accuracy,0.0,15.2,361.22,frozen-checkpoint inference evaluation
P1,MK-NIAH,MK_NIAH_S029,43,checkpoints/phase4_1/cms_3lvl_seed_43.pt,target_prob,0.176,15.2,361.22,frozen-checkpoint inference evaluation
P1,MK-NIAH,MK_NIAH_S030,43,checkpoints/phase4_1/cms_3lvl_seed_43.pt,accuracy,0.0,15.2,361.22,frozen-checkpoint inference evaluation
P1,MK-NIAH,MK_NIAH_S030,43,checkpoints/phase4_1/cms_3lvl_seed_43.pt,target_prob,0.2029,15.2,361.22,frozen-checkpoint inference evaluation
P1,MK-NIAH,MK_NIAH_S031,43,checkpoints/phase4_1/cms_3lvl_seed_43.pt,accuracy,0.0,15.2,361.22,frozen-checkpoint inference evaluation
P1,MK-NIAH,MK_NIAH_S031,43,checkpoints/phase4_1/cms_3lvl_seed_43.pt,target_prob,0.1918,15.2,361.22,frozen-checkpoint inference evaluation
P1,MK-NIAH,MK_NIAH_S032,43,checkpoints/phase4_1/cms_3lvl_seed_43.pt,accuracy,0.0,15.2,361.22,frozen-checkpoint inference evaluation
P1,MK-NIAH,MK_NIAH_S032,43,checkpoints/phase4_1/cms_3lvl_seed_43.pt,target_prob,0.209,15.2,361.22,frozen-checkpoint inference evaluation
P1,MK-NIAH,MK_NIAH_S033,43,checkpoints/phase4_1/cms_3lvl_seed_43.pt,accuracy,0.0,15.2,361.22,frozen-checkpoint inference evaluation
P1,MK-NIAH,MK_NIAH_S033,43,checkpoints/phase4_1/cms_3lvl_seed_43.pt,target_prob,0.2546,15.2,361.22,frozen-checkpoint inference evaluation
P1,MK-NIAH,MK_NIAH_S034,43,checkpoints/phase4_1/cms_3lvl_seed_43.pt,accuracy,0.0,15.2,361.22,frozen-checkpoint inference evaluation
P1,MK-NIAH,MK_NIAH_S034,43,checkpoints/phase4_1/cms_3lvl_seed_43.pt,target_prob,0.0664,15.2,361.22,frozen-checkpoint inference evaluation
P1,MK-NIAH,MK_NIAH_S035,43,checkpoints/phase4_1/cms_3lvl_seed_43.pt,accuracy,0.0,15.2,361.22,frozen-checkpoint inference evaluation
P1,MK-NIAH,MK_NIAH_S035,43,checkpoints/phase4_1/cms_3lvl_seed_43.pt,target_prob,0.1378,15.2,361.22,frozen-checkpoint inference evaluation
P1,MK-NIAH,MK_NIAH_S036,43,checkpoints/phase4_1/cms_3lvl_seed_43.pt,accuracy,0.0,15.2,361.22,frozen-checkpoint inference evaluation
P1,MK-NIAH,MK_NIAH_S036,43,checkpoints/phase4_1/cms_3lvl_seed_43.pt,target_prob,0.1599,15.2,361.22,frozen-checkpoint inference evaluation
P1,MK-NIAH,MK_NIAH_S037,43,checkpoints/phase4_1/cms_3lvl_seed_43.pt,accuracy,0.0,15.2,361.22,frozen-checkpoint inference evaluation
P1,MK-NIAH,MK_NIAH_S037,43,checkpoints/phase4_1/cms_3lvl_seed_43.pt,target_prob,0.2527,15.2,361.22,frozen-checkpoint inference evaluation
P1,MK-NIAH,MK_NIAH_S038,43,checkpoints/phase4_1/cms_3lvl_seed_43.pt,accuracy,0.0,15.2,361.22,frozen-checkpoint inference evaluation
P1,MK-NIAH,MK_NIAH_S038,43,checkpoints/phase4_1/cms_3lvl_seed_43.pt,target_prob,0.0404,15.2,361.22,frozen-checkpoint inference evaluation
P1,MK-NIAH,MK_NIAH_S039,43,checkpoints/phase4_1/cms_3lvl_seed_43.pt,accuracy,0.0,15.2,361.22,frozen-checkpoint inference evaluation
P1,MK-NIAH,MK_NIAH_S039,43,checkpoints/phase4_1/cms_3lvl_seed_43.pt,target_prob,0.0368,15.2,361.22,frozen-checkpoint inference evaluation
P1,MK-NIAH,MK_NIAH_S040,43,checkpoints/phase4_1/cms_3lvl_seed_43.pt,accuracy,0.0,15.2,361.22,frozen-checkpoint inference evaluation
P1,MK-NIAH,MK_NIAH_S040,43,checkpoints/phase4_1/cms_3lvl_seed_43.pt,target_prob,0.1299,15.2,361.22,frozen-checkpoint inference evaluation
P1,MK-NIAH,MK_NIAH_S041,43,checkpoints/phase4_1/cms_3lvl_seed_43.pt,accuracy,0.0,15.2,361.22,frozen-checkpoint inference evaluation
P1,MK-NIAH,MK_NIAH_S041,43,checkpoints/phase4_1/cms_3lvl_seed_43.pt,target_prob,0.1987,15.2,361.22,frozen-checkpoint inference evaluation
P1,MK-NIAH,MK_NIAH_S042,43,checkpoints/phase4_1/cms_3lvl_seed_43.pt,accuracy,0.0,15.2,361.22,frozen-checkpoint inference evaluation
P1,MK-NIAH,MK_NIAH_S042,43,checkpoints/phase4_1/cms_3lvl_seed_43.pt,target_prob,0.0377,15.2,361.22,frozen-checkpoint inference evaluation
P1,MK-NIAH,MK_NIAH_S043,43,checkpoints/phase4_1/cms_3lvl_seed_43.pt,accuracy,0.0,15.2,361.22,frozen-checkpoint inference evaluation
P1,MK-NIAH,MK_NIAH_S043,43,checkpoints/phase4_1/cms_3lvl_seed_43.pt,target_prob,0.064,15.2,361.22,frozen-checkpoint inference evaluation
P1,MK-NIAH,MK_NIAH_S044,43,checkpoints/phase4_1/cms_3lvl_seed_43.pt,accuracy,0.0,15.2,361.22,frozen-checkpoint inference evaluation
P1,MK-NIAH,MK_NIAH_S044,43,checkpoints/phase4_1/cms_3lvl_seed_43.pt,target_prob,0.0356,15.2,361.22,frozen-checkpoint inference evaluation
P1,MK-NIAH,MK_NIAH_S045,43,checkpoints/phase4_1/cms_3lvl_seed_43.pt,accuracy,0.0,15.2,361.22,frozen-checkpoint inference evaluation
P1,MK-NIAH,MK_NIAH_S045,43,checkpoints/phase4_1/cms_3lvl_seed_43.pt,target_prob,0.1583,15.2,361.22,frozen-checkpoint inference evaluation
P1,MK-NIAH,MK_NIAH_S046,43,checkpoints/phase4_1/cms_3lvl_seed_43.pt,accuracy,0.0,15.2,361.22,frozen-checkpoint inference evaluation
P1,MK-NIAH,MK_NIAH_S046,43,checkpoints/phase4_1/cms_3lvl_seed_43.pt,target_prob,0.1754,15.2,361.22,frozen-checkpoint inference evaluation
P1,MK-NIAH,MK_NIAH_S047,43,checkpoints/phase4_1/cms_3lvl_seed_43.pt,accuracy,0.0,15.2,361.22,frozen-checkpoint inference evaluation
P1,MK-NIAH,MK_NIAH_S047,43,checkpoints/phase4_1/cms_3lvl_seed_43.pt,target_prob,0.1381,15.2,361.22,frozen-checkpoint inference evaluation
P1,MK-NIAH,MK_NIAH_S048,43,checkpoints/phase4_1/cms_3lvl_seed_43.pt,accuracy,0.0,15.2,361.22,frozen-checkpoint inference evaluation
P1,MK-NIAH,MK_NIAH_S048,43,checkpoints/phase4_1/cms_3lvl_seed_43.pt,target_prob,0.2115,15.2,361.22,frozen-checkpoint inference evaluation
P1,MK-NIAH,MK_NIAH_S049,43,checkpoints/phase4_1/cms_3lvl_seed_43.pt,accuracy,0.0,15.2,361.22,frozen-checkpoint inference evaluation
P1,MK-NIAH,MK_NIAH_S049,43,checkpoints/phase4_1/cms_3lvl_seed_43.pt,target_prob,0.0645,15.2,361.22,frozen-checkpoint inference evaluation
P1,MK-NIAH,MK_NIAH_S050,43,checkpoints/phase4_1/cms_3lvl_seed_43.pt,accuracy,0.0,15.2,361.22,frozen-checkpoint inference evaluation
P1,MK-NIAH,MK_NIAH_S050,43,checkpoints/phase4_1/cms_3lvl_seed_43.pt,target_prob,0.0394,15.2,361.22,frozen-checkpoint inference evaluation
P1,MK-NIAH,MK_NIAH_S051,43,checkpoints/phase4_1/cms_3lvl_seed_43.pt,accuracy,0.0,15.2,361.22,frozen-checkpoint inference evaluation
P1,MK-NIAH,MK_NIAH_S051,43,checkpoints/phase4_1/cms_3lvl_seed_43.pt,target_prob,0.1299,15.2,361.22,frozen-checkpoint inference evaluation
P1,MK-NIAH,MK_NIAH_S052,43,checkpoints/phase4_1/cms_3lvl_seed_43.pt,accuracy,0.0,15.2,361.22,frozen-checkpoint inference evaluation
P1,MK-NIAH,MK_NIAH_S052,43,checkpoints/phase4_1/cms_3lvl_seed_43.pt,target_prob,0.177,15.2,361.22,frozen-checkpoint inference evaluation
P1,MK-NIAH,MK_NIAH_S053,43,checkpoints/phase4_1/cms_3lvl_seed_43.pt,accuracy,0.0,15.2,361.22,frozen-checkpoint inference evaluation
P1,MK-NIAH,MK_NIAH_S053,43,checkpoints/phase4_1/cms_3lvl_seed_43.pt,target_prob,0.152,15.2,361.22,frozen-checkpoint inference evaluation
P1,MK-NIAH,MK_NIAH_S054,43,checkpoints/phase4_1/cms_3lvl_seed_43.pt,accuracy,0.0,15.2,361.22,frozen-checkpoint inference evaluation
P1,MK-NIAH,MK_NIAH_S054,43,checkpoints/phase4_1/cms_3lvl_seed_43.pt,target_prob,0.1691,15.2,361.22,frozen-checkpoint inference evaluation
P1,MK-NIAH,MK_NIAH_S055,43,checkpoints/phase4_1/cms_3lvl_seed_43.pt,accuracy,0.0,15.2,361.22,frozen-checkpoint inference evaluation
P1,MK-NIAH,MK_NIAH_S055,43,checkpoints/phase4_1/cms_3lvl_seed_43.pt,target_prob,0.1757,15.2,361.22,frozen-checkpoint inference evaluation
P1,MK-NIAH,MK_NIAH_S056,43,checkpoints/phase4_1/cms_3lvl_seed_43.pt,accuracy,0.0,15.2,361.22,frozen-checkpoint inference evaluation
P1,MK-NIAH,MK_NIAH_S056,43,checkpoints/phase4_1/cms_3lvl_seed_43.pt,target_prob,0.1776,15.2,361.22,frozen-checkpoint inference evaluation
P1,MK-NIAH,MK_NIAH_S057,43,checkpoints/phase4_1/cms_3lvl_seed_43.pt,accuracy,0.0,15.2,361.22,frozen-checkpoint inference evaluation
P1,MK-NIAH,MK_NIAH_S057,43,checkpoints/phase4_1/cms_3lvl_seed_43.pt,target_prob,0.0347,15.2,361.22,frozen-checkpoint inference evaluation
P1,MK-NIAH,MK_NIAH_S058,43,checkpoints/phase4_1/cms_3lvl_seed_43.pt,accuracy,0.0,15.2,361.22,frozen-checkpoint inference evaluation
P1,MK-NIAH,MK_NIAH_S058,43,checkpoints/phase4_1/cms_3lvl_seed_43.pt,target_prob,0.2491,15.2,361.22,frozen-checkpoint inference evaluation
P1,MK-NIAH,MK_NIAH_S059,43,checkpoints/phase4_1/cms_3lvl_seed_43.pt,accuracy,0.0,15.2,361.22,frozen-checkpoint inference evaluation
P1,MK-NIAH,MK_NIAH_S059,43,checkpoints/phase4_1/cms_3lvl_seed_43.pt,target_prob,0.1735,15.2,361.22,frozen-checkpoint inference evaluation
P1,MK-NIAH,MK_NIAH_S060,43,checkpoints/phase4_1/cms_3lvl_seed_43.pt,accuracy,0.0,15.2,361.22,frozen-checkpoint inference evaluation
P1,MK-NIAH,MK_NIAH_S060,43,checkpoints/phase4_1/cms_3lvl_seed_43.pt,target_prob,0.1738,15.2,361.22,frozen-checkpoint inference evaluation
P1,MK-NIAH,MK_NIAH_S061,43,checkpoints/phase4_1/cms_3lvl_seed_43.pt,accuracy,0.0,15.2,361.22,frozen-checkpoint inference evaluation
P1,MK-NIAH,MK_NIAH_S061,43,checkpoints/phase4_1/cms_3lvl_seed_43.pt,target_prob,0.0712,15.2,361.22,frozen-checkpoint inference evaluation
P1,MK-NIAH,MK_NIAH_S062,43,checkpoints/phase4_1/cms_3lvl_seed_43.pt,accuracy,0.0,15.2,361.22,frozen-checkpoint inference evaluation
P1,MK-NIAH,MK_NIAH_S062,43,checkpoints/phase4_1/cms_3lvl_seed_43.pt,target_prob,0.1648,15.2,361.22,frozen-checkpoint inference evaluation
P1,MK-NIAH,MK_NIAH_S063,43,checkpoints/phase4_1/cms_3lvl_seed_43.pt,accuracy,0.0,15.2,361.22,frozen-checkpoint inference evaluation
P1,MK-NIAH,MK_NIAH_S063,43,checkpoints/phase4_1/cms_3lvl_seed_43.pt,target_prob,0.1331,15.2,361.22,frozen-checkpoint inference evaluation
P1,MK-NIAH,MK_NIAH_S064,43,checkpoints/phase4_1/cms_3lvl_seed_43.pt,accuracy,0.0,15.2,361.22,frozen-checkpoint inference evaluation
P1,MK-NIAH,MK_NIAH_S064,43,checkpoints/phase4_1/cms_3lvl_seed_43.pt,target_prob,0.1632,15.2,361.22,frozen-checkpoint inference evaluation
P1,MK-NIAH,MK_NIAH_S065,43,checkpoints/phase4_1/cms_3lvl_seed_43.pt,accuracy,0.0,15.2,361.22,frozen-checkpoint inference evaluation
P1,MK-NIAH,MK_NIAH_S065,43,checkpoints/phase4_1/cms_3lvl_seed_43.pt,target_prob,0.2671,15.2,361.22,frozen-checkpoint inference evaluation
P1,MK-NIAH,MK_NIAH_S066,43,checkpoints/phase4_1/cms_3lvl_seed_43.pt,accuracy,0.0,15.2,361.22,frozen-checkpoint inference evaluation
P1,MK-NIAH,MK_NIAH_S066,43,checkpoints/phase4_1/cms_3lvl_seed_43.pt,target_prob,0.1909,15.2,361.22,frozen-checkpoint inference evaluation
P1,MK-NIAH,MK_NIAH_S067,43,checkpoints/phase4_1/cms_3lvl_seed_43.pt,accuracy,0.0,15.2,361.22,frozen-checkpoint inference evaluation
P1,MK-NIAH,MK_NIAH_S067,43,checkpoints/phase4_1/cms_3lvl_seed_43.pt,target_prob,0.1733,15.2,361.22,frozen-checkpoint inference evaluation
P1,MK-NIAH,MK_NIAH_S068,43,checkpoints/phase4_1/cms_3lvl_seed_43.pt,accuracy,0.0,15.2,361.22,frozen-checkpoint inference evaluation
P1,MK-NIAH,MK_NIAH_S068,43,checkpoints/phase4_1/cms_3lvl_seed_43.pt,target_prob,0.2289,15.2,361.22,frozen-checkpoint inference evaluation
P1,MK-NIAH,MK_NIAH_S069,43,checkpoints/phase4_1/cms_3lvl_seed_43.pt,accuracy,0.0,15.2,361.22,frozen-checkpoint inference evaluation
P1,MK-NIAH,MK_NIAH_S069,43,checkpoints/phase4_1/cms_3lvl_seed_43.pt,target_prob,0.1802,15.2,361.22,frozen-checkpoint inference evaluation
P1,MK-NIAH,MK_NIAH_S070,43,checkpoints/phase4_1/cms_3lvl_seed_43.pt,accuracy,0.0,15.2,361.22,frozen-checkpoint inference evaluation
P1,MK-NIAH,MK_NIAH_S070,43,checkpoints/phase4_1/cms_3lvl_seed_43.pt,target_prob,0.251,15.2,361.22,frozen-checkpoint inference evaluation
P1,MK-NIAH,MK_NIAH_S071,43,checkpoints/phase4_1/cms_3lvl_seed_43.pt,accuracy,0.0,15.2,361.22,frozen-checkpoint inference evaluation
P1,MK-NIAH,MK_NIAH_S071,43,checkpoints/phase4_1/cms_3lvl_seed_43.pt,target_prob,0.1337,15.2,361.22,frozen-checkpoint inference evaluation
P1,MK-NIAH,MK_NIAH_S072,43,checkpoints/phase4_1/cms_3lvl_seed_43.pt,accuracy,0.0,15.2,361.22,frozen-checkpoint inference evaluation
P1,MK-NIAH,MK_NIAH_S072,43,checkpoints/phase4_1/cms_3lvl_seed_43.pt,target_prob,0.2686,15.2,361.22,frozen-checkpoint inference evaluation
P1,MK-NIAH,MK_NIAH_S073,43,checkpoints/phase4_1/cms_3lvl_seed_43.pt,accuracy,0.0,15.2,361.22,frozen-checkpoint inference evaluation
P1,MK-NIAH,MK_NIAH_S073,43,checkpoints/phase4_1/cms_3lvl_seed_43.pt,target_prob,0.1571,15.2,361.22,frozen-checkpoint inference evaluation
P1,MK-NIAH,MK_NIAH_S074,43,checkpoints/phase4_1/cms_3lvl_seed_43.pt,accuracy,0.0,15.2,361.22,frozen-checkpoint inference evaluation
P1,MK-NIAH,MK_NIAH_S074,43,checkpoints/phase4_1/cms_3lvl_seed_43.pt,target_prob,0.1558,15.2,361.22,frozen-checkpoint inference evaluation
P1,MK-NIAH,MK_NIAH_S075,43,checkpoints/phase4_1/cms_3lvl_seed_43.pt,accuracy,0.0,15.2,361.22,frozen-checkpoint inference evaluation
P1,MK-NIAH,MK_NIAH_S075,43,checkpoints/phase4_1/cms_3lvl_seed_43.pt,target_prob,0.1708,15.2,361.22,frozen-checkpoint inference evaluation
P1,MK-NIAH,MK_NIAH_S076,43,checkpoints/phase4_1/cms_3lvl_seed_43.pt,accuracy,0.0,15.2,361.22,frozen-checkpoint inference evaluation
P1,MK-NIAH,MK_NIAH_S076,43,checkpoints/phase4_1/cms_3lvl_seed_43.pt,target_prob,0.1826,15.2,361.22,frozen-checkpoint inference evaluation
P1,MK-NIAH,MK_NIAH_S077,43,checkpoints/phase4_1/cms_3lvl_seed_43.pt,accuracy,0.0,15.2,361.22,frozen-checkpoint inference evaluation
P1,MK-NIAH,MK_NIAH_S077,43,checkpoints/phase4_1/cms_3lvl_seed_43.pt,target_prob,0.2069,15.2,361.22,frozen-checkpoint inference evaluation
P1,MK-NIAH,MK_NIAH_S078,43,checkpoints/phase4_1/cms_3lvl_seed_43.pt,accuracy,0.0,15.2,361.22,frozen-checkpoint inference evaluation
P1,MK-NIAH,MK_NIAH_S078,43,checkpoints/phase4_1/cms_3lvl_seed_43.pt,target_prob,0.2654,15.2,361.22,frozen-checkpoint inference evaluation
P1,MK-NIAH,MK_NIAH_S079,43,checkpoints/phase4_1/cms_3lvl_seed_43.pt,accuracy,0.0,15.2,361.22,frozen-checkpoint inference evaluation
P1,MK-NIAH,MK_NIAH_S079,43,checkpoints/phase4_1/cms_3lvl_seed_43.pt,target_prob,0.1238,15.2,361.22,frozen-checkpoint inference evaluation
P1,MK-NIAH,MK_NIAH_S080,43,checkpoints/phase4_1/cms_3lvl_seed_43.pt,accuracy,0.0,15.2,361.22,frozen-checkpoint inference evaluation
P1,MK-NIAH,MK_NIAH_S080,43,checkpoints/phase4_1/cms_3lvl_seed_43.pt,target_prob,0.1304,15.2,361.22,frozen-checkpoint inference evaluation
P1,MK-NIAH,MK_NIAH_S081,43,checkpoints/phase4_1/cms_3lvl_seed_43.pt,accuracy,0.0,15.2,361.22,frozen-checkpoint inference evaluation
P1,MK-NIAH,MK_NIAH_S081,43,checkpoints/phase4_1/cms_3lvl_seed_43.pt,target_prob,0.2554,15.2,361.22,frozen-checkpoint inference evaluation
P1,MK-NIAH,MK_NIAH_S082,43,checkpoints/phase4_1/cms_3lvl_seed_43.pt,accuracy,0.0,15.2,361.22,frozen-checkpoint inference evaluation
P1,MK-NIAH,MK_NIAH_S082,43,checkpoints/phase4_1/cms_3lvl_seed_43.pt,target_prob,0.0664,15.2,361.22,frozen-checkpoint inference evaluation
P1,MK-NIAH,MK_NIAH_S083,43,checkpoints/phase4_1/cms_3lvl_seed_43.pt,accuracy,0.0,15.2,361.22,frozen-checkpoint inference evaluation
P1,MK-NIAH,MK_NIAH_S083,43,checkpoints/phase4_1/cms_3lvl_seed_43.pt,target_prob,0.0363,15.2,361.22,frozen-checkpoint inference evaluation
P1,MK-NIAH,MK_NIAH_S084,43,checkpoints/phase4_1/cms_3lvl_seed_43.pt,accuracy,0.0,15.2,361.22,frozen-checkpoint inference evaluation
P1,MK-NIAH,MK_NIAH_S084,43,checkpoints/phase4_1/cms_3lvl_seed_43.pt,target_prob,0.1559,15.2,361.22,frozen-checkpoint inference evaluation
P1,MK-NIAH,MK_NIAH_S085,43,checkpoints/phase4_1/cms_3lvl_seed_43.pt,accuracy,0.0,15.2,361.22,frozen-checkpoint inference evaluation
P1,MK-NIAH,MK_NIAH_S085,43,checkpoints/phase4_1/cms_3lvl_seed_43.pt,target_prob,0.1936,15.2,361.22,frozen-checkpoint inference evaluation
P1,MK-NIAH,MK_NIAH_S086,43,checkpoints/phase4_1/cms_3lvl_seed_43.pt,accuracy,0.0,15.2,361.22,frozen-checkpoint inference evaluation
P1,MK-NIAH,MK_NIAH_S086,43,checkpoints/phase4_1/cms_3lvl_seed_43.pt,target_prob,0.071,15.2,361.22,frozen-checkpoint inference evaluation
P1,MK-NIAH,MK_NIAH_S087,43,checkpoints/phase4_1/cms_3lvl_seed_43.pt,accuracy,0.0,15.2,361.22,frozen-checkpoint inference evaluation
P1,MK-NIAH,MK_NIAH_S087,43,checkpoints/phase4_1/cms_3lvl_seed_43.pt,target_prob,0.1621,15.2,361.22,frozen-checkpoint inference evaluation
P1,MK-NIAH,MK_NIAH_S088,43,checkpoints/phase4_1/cms_3lvl_seed_43.pt,accuracy,0.0,15.2,361.22,frozen-checkpoint inference evaluation
P1,MK-NIAH,MK_NIAH_S088,43,checkpoints/phase4_1/cms_3lvl_seed_43.pt,target_prob,0.0352,15.2,361.22,frozen-checkpoint inference evaluation
P1,MK-NIAH,MK_NIAH_S089,43,checkpoints/phase4_1/cms_3lvl_seed_43.pt,accuracy,0.0,15.2,361.22,frozen-checkpoint inference evaluation
P1,MK-NIAH,MK_NIAH_S089,43,checkpoints/phase4_1/cms_3lvl_seed_43.pt,target_prob,0.1663,15.2,361.22,frozen-checkpoint inference evaluation
P1,MK-NIAH,MK_NIAH_S090,43,checkpoints/phase4_1/cms_3lvl_seed_43.pt,accuracy,0.0,15.2,361.22,frozen-checkpoint inference evaluation
P1,MK-NIAH,MK_NIAH_S090,43,checkpoints/phase4_1/cms_3lvl_seed_43.pt,target_prob,0.1791,15.2,361.22,frozen-checkpoint inference evaluation
P1,MK-NIAH,MK_NIAH_S091,43,checkpoints/phase4_1/cms_3lvl_seed_43.pt,accuracy,0.0,15.2,361.22,frozen-checkpoint inference evaluation
P1,MK-NIAH,MK_NIAH_S091,43,checkpoints/phase4_1/cms_3lvl_seed_43.pt,target_prob,0.121,15.2,361.22,frozen-checkpoint inference evaluation
P1,MK-NIAH,MK_NIAH_S092,43,checkpoints/phase4_1/cms_3lvl_seed_43.pt,accuracy,0.0,15.2,361.22,frozen-checkpoint inference evaluation
P1,MK-NIAH,MK_NIAH_S092,43,checkpoints/phase4_1/cms_3lvl_seed_43.pt,target_prob,0.0749,15.2,361.22,frozen-checkpoint inference evaluation
P1,MK-NIAH,MK_NIAH_S093,43,checkpoints/phase4_1/cms_3lvl_seed_43.pt,accuracy,0.0,15.2,361.22,frozen-checkpoint inference evaluation
P1,MK-NIAH,MK_NIAH_S093,43,checkpoints/phase4_1/cms_3lvl_seed_43.pt,target_prob,0.1404,15.2,361.22,frozen-checkpoint inference evaluation
P1,MK-NIAH,MK_NIAH_S094,43,checkpoints/phase4_1/cms_3lvl_seed_43.pt,accuracy,0.0,15.2,361.22,frozen-checkpoint inference evaluation
P1,MK-NIAH,MK_NIAH_S094,43,checkpoints/phase4_1/cms_3lvl_seed_43.pt,target_prob,0.0562,15.2,361.22,frozen-checkpoint inference evaluation
P1,MK-NIAH,MK_NIAH_S095,43,checkpoints/phase4_1/cms_3lvl_seed_43.pt,accuracy,0.0,15.2,361.22,frozen-checkpoint inference evaluation
P1,MK-NIAH,MK_NIAH_S095,43,checkpoints/phase4_1/cms_3lvl_seed_43.pt,target_prob,0.0673,15.2,361.22,frozen-checkpoint inference evaluation
P1,MK-NIAH,MK_NIAH_S096,43,checkpoints/phase4_1/cms_3lvl_seed_43.pt,accuracy,0.0,15.2,361.22,frozen-checkpoint inference evaluation
P1,MK-NIAH,MK_NIAH_S096,43,checkpoints/phase4_1/cms_3lvl_seed_43.pt,target_prob,0.239,15.2,361.22,frozen-checkpoint inference evaluation
P1,MK-NIAH,MK_NIAH_S097,43,checkpoints/phase4_1/cms_3lvl_seed_43.pt,accuracy,0.0,15.2,361.22,frozen-checkpoint inference evaluation
P1,MK-NIAH,MK_NIAH_S097,43,checkpoints/phase4_1/cms_3lvl_seed_43.pt,target_prob,0.0659,15.2,361.22,frozen-checkpoint inference evaluation
P1,MK-NIAH,MK_NIAH_S098,43,checkpoints/phase4_1/cms_3lvl_seed_43.pt,accuracy,0.0,15.2,361.22,frozen-checkpoint inference evaluation
P1,MK-NIAH,MK_NIAH_S098,43,checkpoints/phase4_1/cms_3lvl_seed_43.pt,target_prob,0.1797,15.2,361.22,frozen-checkpoint inference evaluation
P1,MK-NIAH,MK_NIAH_S099,43,checkpoints/phase4_1/cms_3lvl_seed_43.pt,accuracy,0.0,15.2,361.22,frozen-checkpoint inference evaluation
P1,MK-NIAH,MK_NIAH_S099,43,checkpoints/phase4_1/cms_3lvl_seed_43.pt,target_prob,0.2056,15.2,361.22,frozen-checkpoint inference evaluation
B1,QASPER,QASPER_DOC_00,43,None (frozen backbone),token_f1,0.0,48.5,294.94,frozen-checkpoint inference evaluation
B1,QASPER,QASPER_DOC_00,43,None (frozen backbone),target_prob,0.5625,48.5,294.94,frozen-checkpoint inference evaluation
B1,QASPER,QASPER_DOC_00,43,None (frozen backbone),perplexity,0.0,48.5,294.94,frozen-checkpoint inference evaluation
B1,QASPER,QASPER_DOC_01,43,None (frozen backbone),token_f1,0.0,48.5,294.94,frozen-checkpoint inference evaluation
B1,QASPER,QASPER_DOC_01,43,None (frozen backbone),target_prob,0.217,48.5,294.94,frozen-checkpoint inference evaluation
B1,QASPER,QASPER_DOC_01,43,None (frozen backbone),perplexity,0.0,48.5,294.94,frozen-checkpoint inference evaluation
B1,QASPER,QASPER_DOC_02,43,None (frozen backbone),token_f1,0.0,48.5,294.94,frozen-checkpoint inference evaluation
B1,QASPER,QASPER_DOC_02,43,None (frozen backbone),target_prob,0.0001,48.5,294.94,frozen-checkpoint inference evaluation
B1,QASPER,QASPER_DOC_02,43,None (frozen backbone),perplexity,0.0,48.5,294.94,frozen-checkpoint inference evaluation
B1,QASPER,QASPER_DOC_03,43,None (frozen backbone),token_f1,0.0,48.5,294.94,frozen-checkpoint inference evaluation
B1,QASPER,QASPER_DOC_03,43,None (frozen backbone),target_prob,0.0066,48.5,294.94,frozen-checkpoint inference evaluation
B1,QASPER,QASPER_DOC_03,43,None (frozen backbone),perplexity,0.0,48.5,294.94,frozen-checkpoint inference evaluation
B1,QASPER,QASPER_DOC_04,43,None (frozen backbone),token_f1,0.0,48.5,294.94,frozen-checkpoint inference evaluation
B1,QASPER,QASPER_DOC_04,43,None (frozen backbone),target_prob,0.0028,48.5,294.94,frozen-checkpoint inference evaluation
B1,QASPER,QASPER_DOC_04,43,None (frozen backbone),perplexity,0.0,48.5,294.94,frozen-checkpoint inference evaluation
B1,QASPER,QASPER_DOC_05,43,None (frozen backbone),token_f1,0.0,48.5,294.94,frozen-checkpoint inference evaluation
B1,QASPER,QASPER_DOC_05,43,None (frozen backbone),target_prob,0.6987,48.5,294.94,frozen-checkpoint inference evaluation
B1,QASPER,QASPER_DOC_05,43,None (frozen backbone),perplexity,0.0,48.5,294.94,frozen-checkpoint inference evaluation
B1,QASPER,QASPER_DOC_06,43,None (frozen backbone),token_f1,0.0,48.5,294.94,frozen-checkpoint inference evaluation
B1,QASPER,QASPER_DOC_06,43,None (frozen backbone),target_prob,0.0122,48.5,294.94,frozen-checkpoint inference evaluation
B1,QASPER,QASPER_DOC_06,43,None (frozen backbone),perplexity,0.0,48.5,294.94,frozen-checkpoint inference evaluation
B1,QASPER,QASPER_DOC_07,43,None (frozen backbone),token_f1,0.0,48.5,294.94,frozen-checkpoint inference evaluation
B1,QASPER,QASPER_DOC_07,43,None (frozen backbone),target_prob,0.0,48.5,294.94,frozen-checkpoint inference evaluation
B1,QASPER,QASPER_DOC_07,43,None (frozen backbone),perplexity,0.0,48.5,294.94,frozen-checkpoint inference evaluation
B1,QASPER,QASPER_DOC_08,43,None (frozen backbone),token_f1,0.0,48.5,294.94,frozen-checkpoint inference evaluation
B1,QASPER,QASPER_DOC_08,43,None (frozen backbone),target_prob,0.0139,48.5,294.94,frozen-checkpoint inference evaluation
B1,QASPER,QASPER_DOC_08,43,None (frozen backbone),perplexity,0.0,48.5,294.94,frozen-checkpoint inference evaluation
B1,QASPER,QASPER_DOC_09,43,None (frozen backbone),token_f1,0.0,48.5,294.94,frozen-checkpoint inference evaluation
B1,QASPER,QASPER_DOC_09,43,None (frozen backbone),target_prob,0.0004,48.5,294.94,frozen-checkpoint inference evaluation
B1,QASPER,QASPER_DOC_09,43,None (frozen backbone),perplexity,0.0,48.5,294.94,frozen-checkpoint inference evaluation
B4,QASPER,QASPER_DOC_00,43,checkpoints/phase4_1/cms_1lvl_seed_43.pt,token_f1,0.0,48.5,328.78,frozen-checkpoint inference evaluation
B4,QASPER,QASPER_DOC_00,43,checkpoints/phase4_1/cms_1lvl_seed_43.pt,target_prob,0.4998,48.5,328.78,frozen-checkpoint inference evaluation
B4,QASPER,QASPER_DOC_00,43,checkpoints/phase4_1/cms_1lvl_seed_43.pt,perplexity,0.0,48.5,328.78,frozen-checkpoint inference evaluation
B4,QASPER,QASPER_DOC_01,43,checkpoints/phase4_1/cms_1lvl_seed_43.pt,token_f1,0.0,48.5,328.78,frozen-checkpoint inference evaluation
B4,QASPER,QASPER_DOC_01,43,checkpoints/phase4_1/cms_1lvl_seed_43.pt,target_prob,0.0758,48.5,328.78,frozen-checkpoint inference evaluation
B4,QASPER,QASPER_DOC_01,43,checkpoints/phase4_1/cms_1lvl_seed_43.pt,perplexity,0.0,48.5,328.78,frozen-checkpoint inference evaluation
B4,QASPER,QASPER_DOC_02,43,checkpoints/phase4_1/cms_1lvl_seed_43.pt,token_f1,0.0,48.5,328.78,frozen-checkpoint inference evaluation
B4,QASPER,QASPER_DOC_02,43,checkpoints/phase4_1/cms_1lvl_seed_43.pt,target_prob,0.0,48.5,328.78,frozen-checkpoint inference evaluation
B4,QASPER,QASPER_DOC_02,43,checkpoints/phase4_1/cms_1lvl_seed_43.pt,perplexity,0.0,48.5,328.78,frozen-checkpoint inference evaluation
B4,QASPER,QASPER_DOC_03,43,checkpoints/phase4_1/cms_1lvl_seed_43.pt,token_f1,0.0,48.5,328.78,frozen-checkpoint inference evaluation
B4,QASPER,QASPER_DOC_03,43,checkpoints/phase4_1/cms_1lvl_seed_43.pt,target_prob,0.0189,48.5,328.78,frozen-checkpoint inference evaluation
B4,QASPER,QASPER_DOC_03,43,checkpoints/phase4_1/cms_1lvl_seed_43.pt,perplexity,0.0,48.5,328.78,frozen-checkpoint inference evaluation
B4,QASPER,QASPER_DOC_04,43,checkpoints/phase4_1/cms_1lvl_seed_43.pt,token_f1,0.0,48.5,328.78,frozen-checkpoint inference evaluation
B4,QASPER,QASPER_DOC_04,43,checkpoints/phase4_1/cms_1lvl_seed_43.pt,target_prob,0.0214,48.5,328.78,frozen-checkpoint inference evaluation
B4,QASPER,QASPER_DOC_04,43,checkpoints/phase4_1/cms_1lvl_seed_43.pt,perplexity,0.0,48.5,328.78,frozen-checkpoint inference evaluation
B4,QASPER,QASPER_DOC_05,43,checkpoints/phase4_1/cms_1lvl_seed_43.pt,token_f1,0.0,48.5,328.78,frozen-checkpoint inference evaluation
B4,QASPER,QASPER_DOC_05,43,checkpoints/phase4_1/cms_1lvl_seed_43.pt,target_prob,0.5552,48.5,328.78,frozen-checkpoint inference evaluation
B4,QASPER,QASPER_DOC_05,43,checkpoints/phase4_1/cms_1lvl_seed_43.pt,perplexity,0.0,48.5,328.78,frozen-checkpoint inference evaluation
B4,QASPER,QASPER_DOC_06,43,checkpoints/phase4_1/cms_1lvl_seed_43.pt,token_f1,0.0,48.5,328.78,frozen-checkpoint inference evaluation
B4,QASPER,QASPER_DOC_06,43,checkpoints/phase4_1/cms_1lvl_seed_43.pt,target_prob,0.0462,48.5,328.78,frozen-checkpoint inference evaluation
B4,QASPER,QASPER_DOC_06,43,checkpoints/phase4_1/cms_1lvl_seed_43.pt,perplexity,0.0,48.5,328.78,frozen-checkpoint inference evaluation
B4,QASPER,QASPER_DOC_07,43,checkpoints/phase4_1/cms_1lvl_seed_43.pt,token_f1,0.0,48.5,328.78,frozen-checkpoint inference evaluation
B4,QASPER,QASPER_DOC_07,43,checkpoints/phase4_1/cms_1lvl_seed_43.pt,target_prob,0.0,48.5,328.78,frozen-checkpoint inference evaluation
B4,QASPER,QASPER_DOC_07,43,checkpoints/phase4_1/cms_1lvl_seed_43.pt,perplexity,0.0,48.5,328.78,frozen-checkpoint inference evaluation
B4,QASPER,QASPER_DOC_08,43,checkpoints/phase4_1/cms_1lvl_seed_43.pt,token_f1,0.0,48.5,328.78,frozen-checkpoint inference evaluation
B4,QASPER,QASPER_DOC_08,43,checkpoints/phase4_1/cms_1lvl_seed_43.pt,target_prob,0.0047,48.5,328.78,frozen-checkpoint inference evaluation
B4,QASPER,QASPER_DOC_08,43,checkpoints/phase4_1/cms_1lvl_seed_43.pt,perplexity,0.0,48.5,328.78,frozen-checkpoint inference evaluation
B4,QASPER,QASPER_DOC_09,43,checkpoints/phase4_1/cms_1lvl_seed_43.pt,token_f1,0.0,48.5,328.78,frozen-checkpoint inference evaluation
B4,QASPER,QASPER_DOC_09,43,checkpoints/phase4_1/cms_1lvl_seed_43.pt,target_prob,0.0,48.5,328.78,frozen-checkpoint inference evaluation
B4,QASPER,QASPER_DOC_09,43,checkpoints/phase4_1/cms_1lvl_seed_43.pt,perplexity,0.0,48.5,328.78,frozen-checkpoint inference evaluation
B5,QASPER,QASPER_DOC_00,43,checkpoints/phase4_1/cms_3lvl_seed_43.pt,token_f1,0.0,48.5,361.22,frozen-checkpoint inference evaluation
B5,QASPER,QASPER_DOC_00,43,checkpoints/phase4_1/cms_3lvl_seed_43.pt,target_prob,0.3162,48.5,361.22,frozen-checkpoint inference evaluation
B5,QASPER,QASPER_DOC_00,43,checkpoints/phase4_1/cms_3lvl_seed_43.pt,perplexity,0.0,48.5,361.22,frozen-checkpoint inference evaluation
B5,QASPER,QASPER_DOC_01,43,checkpoints/phase4_1/cms_3lvl_seed_43.pt,token_f1,0.0,48.5,361.22,frozen-checkpoint inference evaluation
B5,QASPER,QASPER_DOC_01,43,checkpoints/phase4_1/cms_3lvl_seed_43.pt,target_prob,0.0315,48.5,361.22,frozen-checkpoint inference evaluation
B5,QASPER,QASPER_DOC_01,43,checkpoints/phase4_1/cms_3lvl_seed_43.pt,perplexity,0.0,48.5,361.22,frozen-checkpoint inference evaluation
B5,QASPER,QASPER_DOC_02,43,checkpoints/phase4_1/cms_3lvl_seed_43.pt,token_f1,0.0,48.5,361.22,frozen-checkpoint inference evaluation
B5,QASPER,QASPER_DOC_02,43,checkpoints/phase4_1/cms_3lvl_seed_43.pt,target_prob,0.0,48.5,361.22,frozen-checkpoint inference evaluation
B5,QASPER,QASPER_DOC_02,43,checkpoints/phase4_1/cms_3lvl_seed_43.pt,perplexity,0.0,48.5,361.22,frozen-checkpoint inference evaluation
B5,QASPER,QASPER_DOC_03,43,checkpoints/phase4_1/cms_3lvl_seed_43.pt,token_f1,0.0,48.5,361.22,frozen-checkpoint inference evaluation
B5,QASPER,QASPER_DOC_03,43,checkpoints/phase4_1/cms_3lvl_seed_43.pt,target_prob,0.009,48.5,361.22,frozen-checkpoint inference evaluation
B5,QASPER,QASPER_DOC_03,43,checkpoints/phase4_1/cms_3lvl_seed_43.pt,perplexity,0.0,48.5,361.22,frozen-checkpoint inference evaluation
B5,QASPER,QASPER_DOC_04,43,checkpoints/phase4_1/cms_3lvl_seed_43.pt,token_f1,0.0,48.5,361.22,frozen-checkpoint inference evaluation
B5,QASPER,QASPER_DOC_04,43,checkpoints/phase4_1/cms_3lvl_seed_43.pt,target_prob,0.0085,48.5,361.22,frozen-checkpoint inference evaluation
B5,QASPER,QASPER_DOC_04,43,checkpoints/phase4_1/cms_3lvl_seed_43.pt,perplexity,0.0,48.5,361.22,frozen-checkpoint inference evaluation
B5,QASPER,QASPER_DOC_05,43,checkpoints/phase4_1/cms_3lvl_seed_43.pt,token_f1,0.0,48.5,361.22,frozen-checkpoint inference evaluation
B5,QASPER,QASPER_DOC_05,43,checkpoints/phase4_1/cms_3lvl_seed_43.pt,target_prob,0.6729,48.5,361.22,frozen-checkpoint inference evaluation
B5,QASPER,QASPER_DOC_05,43,checkpoints/phase4_1/cms_3lvl_seed_43.pt,perplexity,0.0,48.5,361.22,frozen-checkpoint inference evaluation
B5,QASPER,QASPER_DOC_06,43,checkpoints/phase4_1/cms_3lvl_seed_43.pt,token_f1,0.0,48.5,361.22,frozen-checkpoint inference evaluation
B5,QASPER,QASPER_DOC_06,43,checkpoints/phase4_1/cms_3lvl_seed_43.pt,target_prob,0.0174,48.5,361.22,frozen-checkpoint inference evaluation
B5,QASPER,QASPER_DOC_06,43,checkpoints/phase4_1/cms_3lvl_seed_43.pt,perplexity,0.0,48.5,361.22,frozen-checkpoint inference evaluation
B5,QASPER,QASPER_DOC_07,43,checkpoints/phase4_1/cms_3lvl_seed_43.pt,token_f1,0.0,48.5,361.22,frozen-checkpoint inference evaluation
B5,QASPER,QASPER_DOC_07,43,checkpoints/phase4_1/cms_3lvl_seed_43.pt,target_prob,0.0,48.5,361.22,frozen-checkpoint inference evaluation
B5,QASPER,QASPER_DOC_07,43,checkpoints/phase4_1/cms_3lvl_seed_43.pt,perplexity,0.0,48.5,361.22,frozen-checkpoint inference evaluation
B5,QASPER,QASPER_DOC_08,43,checkpoints/phase4_1/cms_3lvl_seed_43.pt,token_f1,0.0,48.5,361.22,frozen-checkpoint inference evaluation
B5,QASPER,QASPER_DOC_08,43,checkpoints/phase4_1/cms_3lvl_seed_43.pt,target_prob,0.0027,48.5,361.22,frozen-checkpoint inference evaluation
B5,QASPER,QASPER_DOC_08,43,checkpoints/phase4_1/cms_3lvl_seed_43.pt,perplexity,0.0,48.5,361.22,frozen-checkpoint inference evaluation
B5,QASPER,QASPER_DOC_09,43,checkpoints/phase4_1/cms_3lvl_seed_43.pt,token_f1,0.0,48.5,361.22,frozen-checkpoint inference evaluation
B5,QASPER,QASPER_DOC_09,43,checkpoints/phase4_1/cms_3lvl_seed_43.pt,target_prob,0.0,48.5,361.22,frozen-checkpoint inference evaluation
B5,QASPER,QASPER_DOC_09,43,checkpoints/phase4_1/cms_3lvl_seed_43.pt,perplexity,0.0,48.5,361.22,frozen-checkpoint inference evaluation
P1,QASPER,QASPER_DOC_00,43,checkpoints/phase4_1/cms_3lvl_seed_43.pt,token_f1,0.0,48.5,361.22,frozen-checkpoint inference evaluation
P1,QASPER,QASPER_DOC_00,43,checkpoints/phase4_1/cms_3lvl_seed_43.pt,target_prob,0.541,48.5,361.22,frozen-checkpoint inference evaluation
P1,QASPER,QASPER_DOC_00,43,checkpoints/phase4_1/cms_3lvl_seed_43.pt,perplexity,0.0,48.5,361.22,frozen-checkpoint inference evaluation
P1,QASPER,QASPER_DOC_01,43,checkpoints/phase4_1/cms_3lvl_seed_43.pt,token_f1,0.0,48.5,361.22,frozen-checkpoint inference evaluation
P1,QASPER,QASPER_DOC_01,43,checkpoints/phase4_1/cms_3lvl_seed_43.pt,target_prob,0.0522,48.5,361.22,frozen-checkpoint inference evaluation
P1,QASPER,QASPER_DOC_01,43,checkpoints/phase4_1/cms_3lvl_seed_43.pt,perplexity,0.0,48.5,361.22,frozen-checkpoint inference evaluation
P1,QASPER,QASPER_DOC_02,43,checkpoints/phase4_1/cms_3lvl_seed_43.pt,token_f1,0.0,48.5,361.22,frozen-checkpoint inference evaluation
P1,QASPER,QASPER_DOC_02,43,checkpoints/phase4_1/cms_3lvl_seed_43.pt,target_prob,0.0,48.5,361.22,frozen-checkpoint inference evaluation
P1,QASPER,QASPER_DOC_02,43,checkpoints/phase4_1/cms_3lvl_seed_43.pt,perplexity,0.0,48.5,361.22,frozen-checkpoint inference evaluation
P1,QASPER,QASPER_DOC_03,43,checkpoints/phase4_1/cms_3lvl_seed_43.pt,token_f1,0.0,48.5,361.22,frozen-checkpoint inference evaluation
P1,QASPER,QASPER_DOC_03,43,checkpoints/phase4_1/cms_3lvl_seed_43.pt,target_prob,0.0428,48.5,361.22,frozen-checkpoint inference evaluation
P1,QASPER,QASPER_DOC_03,43,checkpoints/phase4_1/cms_3lvl_seed_43.pt,perplexity,0.0,48.5,361.22,frozen-checkpoint inference evaluation
P1,QASPER,QASPER_DOC_04,43,checkpoints/phase4_1/cms_3lvl_seed_43.pt,token_f1,0.0,48.5,361.22,frozen-checkpoint inference evaluation
P1,QASPER,QASPER_DOC_04,43,checkpoints/phase4_1/cms_3lvl_seed_43.pt,target_prob,0.0366,48.5,361.22,frozen-checkpoint inference evaluation
P1,QASPER,QASPER_DOC_04,43,checkpoints/phase4_1/cms_3lvl_seed_43.pt,perplexity,0.0,48.5,361.22,frozen-checkpoint inference evaluation
P1,QASPER,QASPER_DOC_05,43,checkpoints/phase4_1/cms_3lvl_seed_43.pt,token_f1,0.0,48.5,361.22,frozen-checkpoint inference evaluation
P1,QASPER,QASPER_DOC_05,43,checkpoints/phase4_1/cms_3lvl_seed_43.pt,target_prob,0.5605,48.5,361.22,frozen-checkpoint inference evaluation
P1,QASPER,QASPER_DOC_05,43,checkpoints/phase4_1/cms_3lvl_seed_43.pt,perplexity,0.0,48.5,361.22,frozen-checkpoint inference evaluation
P1,QASPER,QASPER_DOC_06,43,checkpoints/phase4_1/cms_3lvl_seed_43.pt,token_f1,0.0,48.5,361.22,frozen-checkpoint inference evaluation
P1,QASPER,QASPER_DOC_06,43,checkpoints/phase4_1/cms_3lvl_seed_43.pt,target_prob,0.0263,48.5,361.22,frozen-checkpoint inference evaluation
P1,QASPER,QASPER_DOC_06,43,checkpoints/phase4_1/cms_3lvl_seed_43.pt,perplexity,0.0,48.5,361.22,frozen-checkpoint inference evaluation
P1,QASPER,QASPER_DOC_07,43,checkpoints/phase4_1/cms_3lvl_seed_43.pt,token_f1,0.0,48.5,361.22,frozen-checkpoint inference evaluation
P1,QASPER,QASPER_DOC_07,43,checkpoints/phase4_1/cms_3lvl_seed_43.pt,target_prob,0.0,48.5,361.22,frozen-checkpoint inference evaluation
P1,QASPER,QASPER_DOC_07,43,checkpoints/phase4_1/cms_3lvl_seed_43.pt,perplexity,0.0,48.5,361.22,frozen-checkpoint inference evaluation
P1,QASPER,QASPER_DOC_08,43,checkpoints/phase4_1/cms_3lvl_seed_43.pt,token_f1,0.0,48.5,361.22,frozen-checkpoint inference evaluation
P1,QASPER,QASPER_DOC_08,43,checkpoints/phase4_1/cms_3lvl_seed_43.pt,target_prob,0.0048,48.5,361.22,frozen-checkpoint inference evaluation
P1,QASPER,QASPER_DOC_08,43,checkpoints/phase4_1/cms_3lvl_seed_43.pt,perplexity,0.0,48.5,361.22,frozen-checkpoint inference evaluation
P1,QASPER,QASPER_DOC_09,43,checkpoints/phase4_1/cms_3lvl_seed_43.pt,token_f1,0.0,48.5,361.22,frozen-checkpoint inference evaluation
P1,QASPER,QASPER_DOC_09,43,checkpoints/phase4_1/cms_3lvl_seed_43.pt,target_prob,0.0,48.5,361.22,frozen-checkpoint inference evaluation
P1,QASPER,QASPER_DOC_09,43,checkpoints/phase4_1/cms_3lvl_seed_43.pt,perplexity,0.0,48.5,361.22,frozen-checkpoint inference evaluation
B1,LongHealth,LH_D00_Q00,43,None (frozen backbone),accuracy,0.0,32.1,294.94,frozen-checkpoint inference evaluation
B1,LongHealth,LH_D00_Q00,43,None (frozen backbone),target_prob,0.0,32.1,294.94,frozen-checkpoint inference evaluation
B1,LongHealth,LH_D00_Q01,43,None (frozen backbone),accuracy,0.0,32.1,294.94,frozen-checkpoint inference evaluation
B1,LongHealth,LH_D00_Q01,43,None (frozen backbone),target_prob,0.0,32.1,294.94,frozen-checkpoint inference evaluation
B1,LongHealth,LH_D00_Q02,43,None (frozen backbone),accuracy,0.0,32.1,294.94,frozen-checkpoint inference evaluation
B1,LongHealth,LH_D00_Q02,43,None (frozen backbone),target_prob,0.0,32.1,294.94,frozen-checkpoint inference evaluation
B1,LongHealth,LH_D00_Q03,43,None (frozen backbone),accuracy,0.0,32.1,294.94,frozen-checkpoint inference evaluation
B1,LongHealth,LH_D00_Q03,43,None (frozen backbone),target_prob,0.0,32.1,294.94,frozen-checkpoint inference evaluation
B1,LongHealth,LH_D01_Q00,43,None (frozen backbone),accuracy,0.0,32.1,294.94,frozen-checkpoint inference evaluation
B1,LongHealth,LH_D01_Q00,43,None (frozen backbone),target_prob,0.0,32.1,294.94,frozen-checkpoint inference evaluation
B1,LongHealth,LH_D01_Q01,43,None (frozen backbone),accuracy,0.0,32.1,294.94,frozen-checkpoint inference evaluation
B1,LongHealth,LH_D01_Q01,43,None (frozen backbone),target_prob,0.0,32.1,294.94,frozen-checkpoint inference evaluation
B1,LongHealth,LH_D01_Q02,43,None (frozen backbone),accuracy,0.0,32.1,294.94,frozen-checkpoint inference evaluation
B1,LongHealth,LH_D01_Q02,43,None (frozen backbone),target_prob,0.0,32.1,294.94,frozen-checkpoint inference evaluation
B1,LongHealth,LH_D01_Q03,43,None (frozen backbone),accuracy,0.0,32.1,294.94,frozen-checkpoint inference evaluation
B1,LongHealth,LH_D01_Q03,43,None (frozen backbone),target_prob,0.0,32.1,294.94,frozen-checkpoint inference evaluation
B1,LongHealth,LH_D02_Q00,43,None (frozen backbone),accuracy,0.0,32.1,294.94,frozen-checkpoint inference evaluation
B1,LongHealth,LH_D02_Q00,43,None (frozen backbone),target_prob,0.0,32.1,294.94,frozen-checkpoint inference evaluation
B1,LongHealth,LH_D02_Q01,43,None (frozen backbone),accuracy,0.0,32.1,294.94,frozen-checkpoint inference evaluation
B1,LongHealth,LH_D02_Q01,43,None (frozen backbone),target_prob,0.0,32.1,294.94,frozen-checkpoint inference evaluation
B1,LongHealth,LH_D02_Q02,43,None (frozen backbone),accuracy,0.0,32.1,294.94,frozen-checkpoint inference evaluation
B1,LongHealth,LH_D02_Q02,43,None (frozen backbone),target_prob,0.0,32.1,294.94,frozen-checkpoint inference evaluation
B1,LongHealth,LH_D02_Q03,43,None (frozen backbone),accuracy,0.0,32.1,294.94,frozen-checkpoint inference evaluation
B1,LongHealth,LH_D02_Q03,43,None (frozen backbone),target_prob,0.0,32.1,294.94,frozen-checkpoint inference evaluation
B1,LongHealth,LH_D03_Q00,43,None (frozen backbone),accuracy,0.0,32.1,294.94,frozen-checkpoint inference evaluation
B1,LongHealth,LH_D03_Q00,43,None (frozen backbone),target_prob,0.0,32.1,294.94,frozen-checkpoint inference evaluation
B1,LongHealth,LH_D03_Q01,43,None (frozen backbone),accuracy,0.0,32.1,294.94,frozen-checkpoint inference evaluation
B1,LongHealth,LH_D03_Q01,43,None (frozen backbone),target_prob,0.0,32.1,294.94,frozen-checkpoint inference evaluation
B1,LongHealth,LH_D03_Q02,43,None (frozen backbone),accuracy,0.0,32.1,294.94,frozen-checkpoint inference evaluation
B1,LongHealth,LH_D03_Q02,43,None (frozen backbone),target_prob,0.0003,32.1,294.94,frozen-checkpoint inference evaluation
B1,LongHealth,LH_D03_Q03,43,None (frozen backbone),accuracy,0.0,32.1,294.94,frozen-checkpoint inference evaluation
B1,LongHealth,LH_D03_Q03,43,None (frozen backbone),target_prob,0.0,32.1,294.94,frozen-checkpoint inference evaluation
B1,LongHealth,LH_D04_Q00,43,None (frozen backbone),accuracy,0.0,32.1,294.94,frozen-checkpoint inference evaluation
B1,LongHealth,LH_D04_Q00,43,None (frozen backbone),target_prob,0.1888,32.1,294.94,frozen-checkpoint inference evaluation
B1,LongHealth,LH_D04_Q01,43,None (frozen backbone),accuracy,0.0,32.1,294.94,frozen-checkpoint inference evaluation
B1,LongHealth,LH_D04_Q01,43,None (frozen backbone),target_prob,0.0,32.1,294.94,frozen-checkpoint inference evaluation
B1,LongHealth,LH_D04_Q02,43,None (frozen backbone),accuracy,0.0,32.1,294.94,frozen-checkpoint inference evaluation
B1,LongHealth,LH_D04_Q02,43,None (frozen backbone),target_prob,0.0,32.1,294.94,frozen-checkpoint inference evaluation
B1,LongHealth,LH_D04_Q03,43,None (frozen backbone),accuracy,0.0,32.1,294.94,frozen-checkpoint inference evaluation
B1,LongHealth,LH_D04_Q03,43,None (frozen backbone),target_prob,0.0,32.1,294.94,frozen-checkpoint inference evaluation
B4,LongHealth,LH_D00_Q00,43,checkpoints/phase4_1/cms_1lvl_seed_43.pt,accuracy,0.0,32.1,328.78,frozen-checkpoint inference evaluation
B4,LongHealth,LH_D00_Q00,43,checkpoints/phase4_1/cms_1lvl_seed_43.pt,target_prob,0.0968,32.1,328.78,frozen-checkpoint inference evaluation
B4,LongHealth,LH_D00_Q01,43,checkpoints/phase4_1/cms_1lvl_seed_43.pt,accuracy,0.0,32.1,328.78,frozen-checkpoint inference evaluation
B4,LongHealth,LH_D00_Q01,43,checkpoints/phase4_1/cms_1lvl_seed_43.pt,target_prob,0.3809,32.1,328.78,frozen-checkpoint inference evaluation
B4,LongHealth,LH_D00_Q02,43,checkpoints/phase4_1/cms_1lvl_seed_43.pt,accuracy,0.0,32.1,328.78,frozen-checkpoint inference evaluation
B4,LongHealth,LH_D00_Q02,43,checkpoints/phase4_1/cms_1lvl_seed_43.pt,target_prob,0.0334,32.1,328.78,frozen-checkpoint inference evaluation
B4,LongHealth,LH_D00_Q03,43,checkpoints/phase4_1/cms_1lvl_seed_43.pt,accuracy,0.0,32.1,328.78,frozen-checkpoint inference evaluation
B4,LongHealth,LH_D00_Q03,43,checkpoints/phase4_1/cms_1lvl_seed_43.pt,target_prob,0.1406,32.1,328.78,frozen-checkpoint inference evaluation
B4,LongHealth,LH_D01_Q00,43,checkpoints/phase4_1/cms_1lvl_seed_43.pt,accuracy,0.0,32.1,328.78,frozen-checkpoint inference evaluation
B4,LongHealth,LH_D01_Q00,43,checkpoints/phase4_1/cms_1lvl_seed_43.pt,target_prob,0.1367,32.1,328.78,frozen-checkpoint inference evaluation
B4,LongHealth,LH_D01_Q01,43,checkpoints/phase4_1/cms_1lvl_seed_43.pt,accuracy,0.0,32.1,328.78,frozen-checkpoint inference evaluation
B4,LongHealth,LH_D01_Q01,43,checkpoints/phase4_1/cms_1lvl_seed_43.pt,target_prob,0.1713,32.1,328.78,frozen-checkpoint inference evaluation
B4,LongHealth,LH_D01_Q02,43,checkpoints/phase4_1/cms_1lvl_seed_43.pt,accuracy,0.0,32.1,328.78,frozen-checkpoint inference evaluation
B4,LongHealth,LH_D01_Q02,43,checkpoints/phase4_1/cms_1lvl_seed_43.pt,target_prob,0.0186,32.1,328.78,frozen-checkpoint inference evaluation
B4,LongHealth,LH_D01_Q03,43,checkpoints/phase4_1/cms_1lvl_seed_43.pt,accuracy,0.0,32.1,328.78,frozen-checkpoint inference evaluation
B4,LongHealth,LH_D01_Q03,43,checkpoints/phase4_1/cms_1lvl_seed_43.pt,target_prob,0.2251,32.1,328.78,frozen-checkpoint inference evaluation
B4,LongHealth,LH_D02_Q00,43,checkpoints/phase4_1/cms_1lvl_seed_43.pt,accuracy,0.0,32.1,328.78,frozen-checkpoint inference evaluation
B4,LongHealth,LH_D02_Q00,43,checkpoints/phase4_1/cms_1lvl_seed_43.pt,target_prob,0.0125,32.1,328.78,frozen-checkpoint inference evaluation
B4,LongHealth,LH_D02_Q01,43,checkpoints/phase4_1/cms_1lvl_seed_43.pt,accuracy,0.0,32.1,328.78,frozen-checkpoint inference evaluation
B4,LongHealth,LH_D02_Q01,43,checkpoints/phase4_1/cms_1lvl_seed_43.pt,target_prob,0.0902,32.1,328.78,frozen-checkpoint inference evaluation
B4,LongHealth,LH_D02_Q02,43,checkpoints/phase4_1/cms_1lvl_seed_43.pt,accuracy,0.0,32.1,328.78,frozen-checkpoint inference evaluation
B4,LongHealth,LH_D02_Q02,43,checkpoints/phase4_1/cms_1lvl_seed_43.pt,target_prob,0.115,32.1,328.78,frozen-checkpoint inference evaluation
B4,LongHealth,LH_D02_Q03,43,checkpoints/phase4_1/cms_1lvl_seed_43.pt,accuracy,0.0,32.1,328.78,frozen-checkpoint inference evaluation
B4,LongHealth,LH_D02_Q03,43,checkpoints/phase4_1/cms_1lvl_seed_43.pt,target_prob,0.0532,32.1,328.78,frozen-checkpoint inference evaluation
B4,LongHealth,LH_D03_Q00,43,checkpoints/phase4_1/cms_1lvl_seed_43.pt,accuracy,0.0,32.1,328.78,frozen-checkpoint inference evaluation
B4,LongHealth,LH_D03_Q00,43,checkpoints/phase4_1/cms_1lvl_seed_43.pt,target_prob,0.3008,32.1,328.78,frozen-checkpoint inference evaluation
B4,LongHealth,LH_D03_Q01,43,checkpoints/phase4_1/cms_1lvl_seed_43.pt,accuracy,0.0,32.1,328.78,frozen-checkpoint inference evaluation
B4,LongHealth,LH_D03_Q01,43,checkpoints/phase4_1/cms_1lvl_seed_43.pt,target_prob,0.0203,32.1,328.78,frozen-checkpoint inference evaluation
B4,LongHealth,LH_D03_Q02,43,checkpoints/phase4_1/cms_1lvl_seed_43.pt,accuracy,0.0,32.1,328.78,frozen-checkpoint inference evaluation
B4,LongHealth,LH_D03_Q02,43,checkpoints/phase4_1/cms_1lvl_seed_43.pt,target_prob,0.0657,32.1,328.78,frozen-checkpoint inference evaluation
B4,LongHealth,LH_D03_Q03,43,checkpoints/phase4_1/cms_1lvl_seed_43.pt,accuracy,0.0,32.1,328.78,frozen-checkpoint inference evaluation
B4,LongHealth,LH_D03_Q03,43,checkpoints/phase4_1/cms_1lvl_seed_43.pt,target_prob,0.1316,32.1,328.78,frozen-checkpoint inference evaluation
B4,LongHealth,LH_D04_Q00,43,checkpoints/phase4_1/cms_1lvl_seed_43.pt,accuracy,0.0,32.1,328.78,frozen-checkpoint inference evaluation
B4,LongHealth,LH_D04_Q00,43,checkpoints/phase4_1/cms_1lvl_seed_43.pt,target_prob,0.1032,32.1,328.78,frozen-checkpoint inference evaluation
B4,LongHealth,LH_D04_Q01,43,checkpoints/phase4_1/cms_1lvl_seed_43.pt,accuracy,0.0,32.1,328.78,frozen-checkpoint inference evaluation
B4,LongHealth,LH_D04_Q01,43,checkpoints/phase4_1/cms_1lvl_seed_43.pt,target_prob,0.1109,32.1,328.78,frozen-checkpoint inference evaluation
B4,LongHealth,LH_D04_Q02,43,checkpoints/phase4_1/cms_1lvl_seed_43.pt,accuracy,0.0,32.1,328.78,frozen-checkpoint inference evaluation
B4,LongHealth,LH_D04_Q02,43,checkpoints/phase4_1/cms_1lvl_seed_43.pt,target_prob,0.3003,32.1,328.78,frozen-checkpoint inference evaluation
B4,LongHealth,LH_D04_Q03,43,checkpoints/phase4_1/cms_1lvl_seed_43.pt,accuracy,0.0,32.1,328.78,frozen-checkpoint inference evaluation
B4,LongHealth,LH_D04_Q03,43,checkpoints/phase4_1/cms_1lvl_seed_43.pt,target_prob,0.1841,32.1,328.78,frozen-checkpoint inference evaluation
B5,LongHealth,LH_D00_Q00,43,checkpoints/phase4_1/cms_3lvl_seed_43.pt,accuracy,0.0,32.1,361.22,frozen-checkpoint inference evaluation
B5,LongHealth,LH_D00_Q00,43,checkpoints/phase4_1/cms_3lvl_seed_43.pt,target_prob,0.1268,32.1,361.22,frozen-checkpoint inference evaluation
B5,LongHealth,LH_D00_Q01,43,checkpoints/phase4_1/cms_3lvl_seed_43.pt,accuracy,0.0,32.1,361.22,frozen-checkpoint inference evaluation
B5,LongHealth,LH_D00_Q01,43,checkpoints/phase4_1/cms_3lvl_seed_43.pt,target_prob,0.1322,32.1,361.22,frozen-checkpoint inference evaluation
B5,LongHealth,LH_D00_Q02,43,checkpoints/phase4_1/cms_3lvl_seed_43.pt,accuracy,0.0,32.1,361.22,frozen-checkpoint inference evaluation
B5,LongHealth,LH_D00_Q02,43,checkpoints/phase4_1/cms_3lvl_seed_43.pt,target_prob,0.0703,32.1,361.22,frozen-checkpoint inference evaluation
B5,LongHealth,LH_D00_Q03,43,checkpoints/phase4_1/cms_3lvl_seed_43.pt,accuracy,0.0,32.1,361.22,frozen-checkpoint inference evaluation
B5,LongHealth,LH_D00_Q03,43,checkpoints/phase4_1/cms_3lvl_seed_43.pt,target_prob,0.165,32.1,361.22,frozen-checkpoint inference evaluation
B5,LongHealth,LH_D01_Q00,43,checkpoints/phase4_1/cms_3lvl_seed_43.pt,accuracy,0.0,32.1,361.22,frozen-checkpoint inference evaluation
B5,LongHealth,LH_D01_Q00,43,checkpoints/phase4_1/cms_3lvl_seed_43.pt,target_prob,0.1812,32.1,361.22,frozen-checkpoint inference evaluation
B5,LongHealth,LH_D01_Q01,43,checkpoints/phase4_1/cms_3lvl_seed_43.pt,accuracy,0.0,32.1,361.22,frozen-checkpoint inference evaluation
B5,LongHealth,LH_D01_Q01,43,checkpoints/phase4_1/cms_3lvl_seed_43.pt,target_prob,0.189,32.1,361.22,frozen-checkpoint inference evaluation
B5,LongHealth,LH_D01_Q02,43,checkpoints/phase4_1/cms_3lvl_seed_43.pt,accuracy,0.0,32.1,361.22,frozen-checkpoint inference evaluation
B5,LongHealth,LH_D01_Q02,43,checkpoints/phase4_1/cms_3lvl_seed_43.pt,target_prob,0.016,32.1,361.22,frozen-checkpoint inference evaluation
B5,LongHealth,LH_D01_Q03,43,checkpoints/phase4_1/cms_3lvl_seed_43.pt,accuracy,0.0,32.1,361.22,frozen-checkpoint inference evaluation
B5,LongHealth,LH_D01_Q03,43,checkpoints/phase4_1/cms_3lvl_seed_43.pt,target_prob,0.0779,32.1,361.22,frozen-checkpoint inference evaluation
B5,LongHealth,LH_D02_Q00,43,checkpoints/phase4_1/cms_3lvl_seed_43.pt,accuracy,0.0,32.1,361.22,frozen-checkpoint inference evaluation
B5,LongHealth,LH_D02_Q00,43,checkpoints/phase4_1/cms_3lvl_seed_43.pt,target_prob,0.0081,32.1,361.22,frozen-checkpoint inference evaluation
B5,LongHealth,LH_D02_Q01,43,checkpoints/phase4_1/cms_3lvl_seed_43.pt,accuracy,0.0,32.1,361.22,frozen-checkpoint inference evaluation
B5,LongHealth,LH_D02_Q01,43,checkpoints/phase4_1/cms_3lvl_seed_43.pt,target_prob,0.1246,32.1,361.22,frozen-checkpoint inference evaluation
B5,LongHealth,LH_D02_Q02,43,checkpoints/phase4_1/cms_3lvl_seed_43.pt,accuracy,0.0,32.1,361.22,frozen-checkpoint inference evaluation
B5,LongHealth,LH_D02_Q02,43,checkpoints/phase4_1/cms_3lvl_seed_43.pt,target_prob,0.035,32.1,361.22,frozen-checkpoint inference evaluation
B5,LongHealth,LH_D02_Q03,43,checkpoints/phase4_1/cms_3lvl_seed_43.pt,accuracy,0.0,32.1,361.22,frozen-checkpoint inference evaluation
B5,LongHealth,LH_D02_Q03,43,checkpoints/phase4_1/cms_3lvl_seed_43.pt,target_prob,0.0593,32.1,361.22,frozen-checkpoint inference evaluation
B5,LongHealth,LH_D03_Q00,43,checkpoints/phase4_1/cms_3lvl_seed_43.pt,accuracy,0.0,32.1,361.22,frozen-checkpoint inference evaluation
B5,LongHealth,LH_D03_Q00,43,checkpoints/phase4_1/cms_3lvl_seed_43.pt,target_prob,0.0928,32.1,361.22,frozen-checkpoint inference evaluation
B5,LongHealth,LH_D03_Q01,43,checkpoints/phase4_1/cms_3lvl_seed_43.pt,accuracy,0.0,32.1,361.22,frozen-checkpoint inference evaluation
B5,LongHealth,LH_D03_Q01,43,checkpoints/phase4_1/cms_3lvl_seed_43.pt,target_prob,0.0269,32.1,361.22,frozen-checkpoint inference evaluation
B5,LongHealth,LH_D03_Q02,43,checkpoints/phase4_1/cms_3lvl_seed_43.pt,accuracy,0.0,32.1,361.22,frozen-checkpoint inference evaluation
B5,LongHealth,LH_D03_Q02,43,checkpoints/phase4_1/cms_3lvl_seed_43.pt,target_prob,0.0943,32.1,361.22,frozen-checkpoint inference evaluation
B5,LongHealth,LH_D03_Q03,43,checkpoints/phase4_1/cms_3lvl_seed_43.pt,accuracy,0.0,32.1,361.22,frozen-checkpoint inference evaluation
B5,LongHealth,LH_D03_Q03,43,checkpoints/phase4_1/cms_3lvl_seed_43.pt,target_prob,0.1691,32.1,361.22,frozen-checkpoint inference evaluation
B5,LongHealth,LH_D04_Q00,43,checkpoints/phase4_1/cms_3lvl_seed_43.pt,accuracy,0.0,32.1,361.22,frozen-checkpoint inference evaluation
B5,LongHealth,LH_D04_Q00,43,checkpoints/phase4_1/cms_3lvl_seed_43.pt,target_prob,0.1249,32.1,361.22,frozen-checkpoint inference evaluation
B5,LongHealth,LH_D04_Q01,43,checkpoints/phase4_1/cms_3lvl_seed_43.pt,accuracy,0.0,32.1,361.22,frozen-checkpoint inference evaluation
B5,LongHealth,LH_D04_Q01,43,checkpoints/phase4_1/cms_3lvl_seed_43.pt,target_prob,0.188,32.1,361.22,frozen-checkpoint inference evaluation
B5,LongHealth,LH_D04_Q02,43,checkpoints/phase4_1/cms_3lvl_seed_43.pt,accuracy,0.0,32.1,361.22,frozen-checkpoint inference evaluation
B5,LongHealth,LH_D04_Q02,43,checkpoints/phase4_1/cms_3lvl_seed_43.pt,target_prob,0.0972,32.1,361.22,frozen-checkpoint inference evaluation
B5,LongHealth,LH_D04_Q03,43,checkpoints/phase4_1/cms_3lvl_seed_43.pt,accuracy,0.0,32.1,361.22,frozen-checkpoint inference evaluation
B5,LongHealth,LH_D04_Q03,43,checkpoints/phase4_1/cms_3lvl_seed_43.pt,target_prob,0.1975,32.1,361.22,frozen-checkpoint inference evaluation
P1,LongHealth,LH_D00_Q00,43,checkpoints/phase4_1/cms_3lvl_seed_43.pt,accuracy,0.0,32.1,361.22,frozen-checkpoint inference evaluation
P1,LongHealth,LH_D00_Q00,43,checkpoints/phase4_1/cms_3lvl_seed_43.pt,target_prob,0.0622,32.1,361.22,frozen-checkpoint inference evaluation
P1,LongHealth,LH_D00_Q01,43,checkpoints/phase4_1/cms_3lvl_seed_43.pt,accuracy,0.0,32.1,361.22,frozen-checkpoint inference evaluation
P1,LongHealth,LH_D00_Q01,43,checkpoints/phase4_1/cms_3lvl_seed_43.pt,target_prob,0.5176,32.1,361.22,frozen-checkpoint inference evaluation
P1,LongHealth,LH_D00_Q02,43,checkpoints/phase4_1/cms_3lvl_seed_43.pt,accuracy,0.0,32.1,361.22,frozen-checkpoint inference evaluation
P1,LongHealth,LH_D00_Q02,43,checkpoints/phase4_1/cms_3lvl_seed_43.pt,target_prob,0.0656,32.1,361.22,frozen-checkpoint inference evaluation
P1,LongHealth,LH_D00_Q03,43,checkpoints/phase4_1/cms_3lvl_seed_43.pt,accuracy,0.0,32.1,361.22,frozen-checkpoint inference evaluation
P1,LongHealth,LH_D00_Q03,43,checkpoints/phase4_1/cms_3lvl_seed_43.pt,target_prob,0.0785,32.1,361.22,frozen-checkpoint inference evaluation
P1,LongHealth,LH_D01_Q00,43,checkpoints/phase4_1/cms_3lvl_seed_43.pt,accuracy,0.0,32.1,361.22,frozen-checkpoint inference evaluation
P1,LongHealth,LH_D01_Q00,43,checkpoints/phase4_1/cms_3lvl_seed_43.pt,target_prob,0.072,32.1,361.22,frozen-checkpoint inference evaluation
P1,LongHealth,LH_D01_Q01,43,checkpoints/phase4_1/cms_3lvl_seed_43.pt,accuracy,0.0,32.1,361.22,frozen-checkpoint inference evaluation
P1,LongHealth,LH_D01_Q01,43,checkpoints/phase4_1/cms_3lvl_seed_43.pt,target_prob,0.0819,32.1,361.22,frozen-checkpoint inference evaluation
P1,LongHealth,LH_D01_Q02,43,checkpoints/phase4_1/cms_3lvl_seed_43.pt,accuracy,0.0,32.1,361.22,frozen-checkpoint inference evaluation
P1,LongHealth,LH_D01_Q02,43,checkpoints/phase4_1/cms_3lvl_seed_43.pt,target_prob,0.0103,32.1,361.22,frozen-checkpoint inference evaluation
P1,LongHealth,LH_D01_Q03,43,checkpoints/phase4_1/cms_3lvl_seed_43.pt,accuracy,0.0,32.1,361.22,frozen-checkpoint inference evaluation
P1,LongHealth,LH_D01_Q03,43,checkpoints/phase4_1/cms_3lvl_seed_43.pt,target_prob,0.4148,32.1,361.22,frozen-checkpoint inference evaluation
P1,LongHealth,LH_D02_Q00,43,checkpoints/phase4_1/cms_3lvl_seed_43.pt,accuracy,0.0,32.1,361.22,frozen-checkpoint inference evaluation
P1,LongHealth,LH_D02_Q00,43,checkpoints/phase4_1/cms_3lvl_seed_43.pt,target_prob,0.0076,32.1,361.22,frozen-checkpoint inference evaluation
P1,LongHealth,LH_D02_Q01,43,checkpoints/phase4_1/cms_3lvl_seed_43.pt,accuracy,0.0,32.1,361.22,frozen-checkpoint inference evaluation
P1,LongHealth,LH_D02_Q01,43,checkpoints/phase4_1/cms_3lvl_seed_43.pt,target_prob,0.11,32.1,361.22,frozen-checkpoint inference evaluation
P1,LongHealth,LH_D02_Q02,43,checkpoints/phase4_1/cms_3lvl_seed_43.pt,accuracy,0.0,32.1,361.22,frozen-checkpoint inference evaluation
P1,LongHealth,LH_D02_Q02,43,checkpoints/phase4_1/cms_3lvl_seed_43.pt,target_prob,0.2654,32.1,361.22,frozen-checkpoint inference evaluation
P1,LongHealth,LH_D02_Q03,43,checkpoints/phase4_1/cms_3lvl_seed_43.pt,accuracy,0.0,32.1,361.22,frozen-checkpoint inference evaluation
P1,LongHealth,LH_D02_Q03,43,checkpoints/phase4_1/cms_3lvl_seed_43.pt,target_prob,0.0316,32.1,361.22,frozen-checkpoint inference evaluation
P1,LongHealth,LH_D03_Q00,43,checkpoints/phase4_1/cms_3lvl_seed_43.pt,accuracy,0.0,32.1,361.22,frozen-checkpoint inference evaluation
P1,LongHealth,LH_D03_Q00,43,checkpoints/phase4_1/cms_3lvl_seed_43.pt,target_prob,0.4854,32.1,361.22,frozen-checkpoint inference evaluation
P1,LongHealth,LH_D03_Q01,43,checkpoints/phase4_1/cms_3lvl_seed_43.pt,accuracy,0.0,32.1,361.22,frozen-checkpoint inference evaluation
P1,LongHealth,LH_D03_Q01,43,checkpoints/phase4_1/cms_3lvl_seed_43.pt,target_prob,0.0193,32.1,361.22,frozen-checkpoint inference evaluation
P1,LongHealth,LH_D03_Q02,43,checkpoints/phase4_1/cms_3lvl_seed_43.pt,accuracy,0.0,32.1,361.22,frozen-checkpoint inference evaluation
P1,LongHealth,LH_D03_Q02,43,checkpoints/phase4_1/cms_3lvl_seed_43.pt,target_prob,0.036,32.1,361.22,frozen-checkpoint inference evaluation
P1,LongHealth,LH_D03_Q03,43,checkpoints/phase4_1/cms_3lvl_seed_43.pt,accuracy,0.0,32.1,361.22,frozen-checkpoint inference evaluation
P1,LongHealth,LH_D03_Q03,43,checkpoints/phase4_1/cms_3lvl_seed_43.pt,target_prob,0.0866,32.1,361.22,frozen-checkpoint inference evaluation
P1,LongHealth,LH_D04_Q00,43,checkpoints/phase4_1/cms_3lvl_seed_43.pt,accuracy,0.0,32.1,361.22,frozen-checkpoint inference evaluation
P1,LongHealth,LH_D04_Q00,43,checkpoints/phase4_1/cms_3lvl_seed_43.pt,target_prob,0.0568,32.1,361.22,frozen-checkpoint inference evaluation
P1,LongHealth,LH_D04_Q01,43,checkpoints/phase4_1/cms_3lvl_seed_43.pt,accuracy,0.0,32.1,361.22,frozen-checkpoint inference evaluation
P1,LongHealth,LH_D04_Q01,43,checkpoints/phase4_1/cms_3lvl_seed_43.pt,target_prob,0.0927,32.1,361.22,frozen-checkpoint inference evaluation
P1,LongHealth,LH_D04_Q02,43,checkpoints/phase4_1/cms_3lvl_seed_43.pt,accuracy,0.0,32.1,361.22,frozen-checkpoint inference evaluation
P1,LongHealth,LH_D04_Q02,43,checkpoints/phase4_1/cms_3lvl_seed_43.pt,target_prob,0.5107,32.1,361.22,frozen-checkpoint inference evaluation
P1,LongHealth,LH_D04_Q03,43,checkpoints/phase4_1/cms_3lvl_seed_43.pt,accuracy,0.0,32.1,361.22,frozen-checkpoint inference evaluation
P1,LongHealth,LH_D04_Q03,43,checkpoints/phase4_1/cms_3lvl_seed_43.pt,target_prob,0.096,32.1,361.22,frozen-checkpoint inference evaluation
B1,MK-NIAH,MK_NIAH_S000,44,None (frozen backbone),accuracy,1.0,15.2,294.94,frozen-checkpoint inference evaluation
B1,MK-NIAH,MK_NIAH_S000,44,None (frozen backbone),target_prob,0.5679,15.2,294.94,frozen-checkpoint inference evaluation
B1,MK-NIAH,MK_NIAH_S001,44,None (frozen backbone),accuracy,0.0,15.2,294.94,frozen-checkpoint inference evaluation
B1,MK-NIAH,MK_NIAH_S001,44,None (frozen backbone),target_prob,0.6289,15.2,294.94,frozen-checkpoint inference evaluation
B1,MK-NIAH,MK_NIAH_S002,44,None (frozen backbone),accuracy,1.0,15.2,294.94,frozen-checkpoint inference evaluation
B1,MK-NIAH,MK_NIAH_S002,44,None (frozen backbone),target_prob,0.3992,15.2,294.94,frozen-checkpoint inference evaluation
B1,MK-NIAH,MK_NIAH_S003,44,None (frozen backbone),accuracy,1.0,15.2,294.94,frozen-checkpoint inference evaluation
B1,MK-NIAH,MK_NIAH_S003,44,None (frozen backbone),target_prob,0.5913,15.2,294.94,frozen-checkpoint inference evaluation
B1,MK-NIAH,MK_NIAH_S004,44,None (frozen backbone),accuracy,0.0,15.2,294.94,frozen-checkpoint inference evaluation
B1,MK-NIAH,MK_NIAH_S004,44,None (frozen backbone),target_prob,0.5381,15.2,294.94,frozen-checkpoint inference evaluation
B1,MK-NIAH,MK_NIAH_S005,44,None (frozen backbone),accuracy,1.0,15.2,294.94,frozen-checkpoint inference evaluation
B1,MK-NIAH,MK_NIAH_S005,44,None (frozen backbone),target_prob,0.5415,15.2,294.94,frozen-checkpoint inference evaluation
B1,MK-NIAH,MK_NIAH_S006,44,None (frozen backbone),accuracy,1.0,15.2,294.94,frozen-checkpoint inference evaluation
B1,MK-NIAH,MK_NIAH_S006,44,None (frozen backbone),target_prob,0.4683,15.2,294.94,frozen-checkpoint inference evaluation
B1,MK-NIAH,MK_NIAH_S007,44,None (frozen backbone),accuracy,0.0,15.2,294.94,frozen-checkpoint inference evaluation
B1,MK-NIAH,MK_NIAH_S007,44,None (frozen backbone),target_prob,0.6001,15.2,294.94,frozen-checkpoint inference evaluation
B1,MK-NIAH,MK_NIAH_S008,44,None (frozen backbone),accuracy,0.0,15.2,294.94,frozen-checkpoint inference evaluation
B1,MK-NIAH,MK_NIAH_S008,44,None (frozen backbone),target_prob,0.4312,15.2,294.94,frozen-checkpoint inference evaluation
B1,MK-NIAH,MK_NIAH_S009,44,None (frozen backbone),accuracy,1.0,15.2,294.94,frozen-checkpoint inference evaluation
B1,MK-NIAH,MK_NIAH_S009,44,None (frozen backbone),target_prob,0.5303,15.2,294.94,frozen-checkpoint inference evaluation
B1,MK-NIAH,MK_NIAH_S010,44,None (frozen backbone),accuracy,0.0,15.2,294.94,frozen-checkpoint inference evaluation
B1,MK-NIAH,MK_NIAH_S010,44,None (frozen backbone),target_prob,0.4658,15.2,294.94,frozen-checkpoint inference evaluation
B1,MK-NIAH,MK_NIAH_S011,44,None (frozen backbone),accuracy,0.0,15.2,294.94,frozen-checkpoint inference evaluation
B1,MK-NIAH,MK_NIAH_S011,44,None (frozen backbone),target_prob,0.4275,15.2,294.94,frozen-checkpoint inference evaluation
B1,MK-NIAH,MK_NIAH_S012,44,None (frozen backbone),accuracy,1.0,15.2,294.94,frozen-checkpoint inference evaluation
B1,MK-NIAH,MK_NIAH_S012,44,None (frozen backbone),target_prob,0.5376,15.2,294.94,frozen-checkpoint inference evaluation
B1,MK-NIAH,MK_NIAH_S013,44,None (frozen backbone),accuracy,0.0,15.2,294.94,frozen-checkpoint inference evaluation
B1,MK-NIAH,MK_NIAH_S013,44,None (frozen backbone),target_prob,0.6748,15.2,294.94,frozen-checkpoint inference evaluation
B1,MK-NIAH,MK_NIAH_S014,44,None (frozen backbone),accuracy,0.0,15.2,294.94,frozen-checkpoint inference evaluation
B1,MK-NIAH,MK_NIAH_S014,44,None (frozen backbone),target_prob,0.5933,15.2,294.94,frozen-checkpoint inference evaluation
B1,MK-NIAH,MK_NIAH_S015,44,None (frozen backbone),accuracy,1.0,15.2,294.94,frozen-checkpoint inference evaluation
B1,MK-NIAH,MK_NIAH_S015,44,None (frozen backbone),target_prob,0.4683,15.2,294.94,frozen-checkpoint inference evaluation
B1,MK-NIAH,MK_NIAH_S016,44,None (frozen backbone),accuracy,0.0,15.2,294.94,frozen-checkpoint inference evaluation
B1,MK-NIAH,MK_NIAH_S016,44,None (frozen backbone),target_prob,0.6489,15.2,294.94,frozen-checkpoint inference evaluation
B1,MK-NIAH,MK_NIAH_S017,44,None (frozen backbone),accuracy,1.0,15.2,294.94,frozen-checkpoint inference evaluation
B1,MK-NIAH,MK_NIAH_S017,44,None (frozen backbone),target_prob,0.4988,15.2,294.94,frozen-checkpoint inference evaluation
B1,MK-NIAH,MK_NIAH_S018,44,None (frozen backbone),accuracy,1.0,15.2,294.94,frozen-checkpoint inference evaluation
B1,MK-NIAH,MK_NIAH_S018,44,None (frozen backbone),target_prob,0.52,15.2,294.94,frozen-checkpoint inference evaluation
B1,MK-NIAH,MK_NIAH_S019,44,None (frozen backbone),accuracy,1.0,15.2,294.94,frozen-checkpoint inference evaluation
B1,MK-NIAH,MK_NIAH_S019,44,None (frozen backbone),target_prob,0.5923,15.2,294.94,frozen-checkpoint inference evaluation
B1,MK-NIAH,MK_NIAH_S020,44,None (frozen backbone),accuracy,1.0,15.2,294.94,frozen-checkpoint inference evaluation
B1,MK-NIAH,MK_NIAH_S020,44,None (frozen backbone),target_prob,0.4563,15.2,294.94,frozen-checkpoint inference evaluation
B1,MK-NIAH,MK_NIAH_S021,44,None (frozen backbone),accuracy,1.0,15.2,294.94,frozen-checkpoint inference evaluation
B1,MK-NIAH,MK_NIAH_S021,44,None (frozen backbone),target_prob,0.5977,15.2,294.94,frozen-checkpoint inference evaluation
B1,MK-NIAH,MK_NIAH_S022,44,None (frozen backbone),accuracy,1.0,15.2,294.94,frozen-checkpoint inference evaluation
B1,MK-NIAH,MK_NIAH_S022,44,None (frozen backbone),target_prob,0.5918,15.2,294.94,frozen-checkpoint inference evaluation
B1,MK-NIAH,MK_NIAH_S023,44,None (frozen backbone),accuracy,0.0,15.2,294.94,frozen-checkpoint inference evaluation
B1,MK-NIAH,MK_NIAH_S023,44,None (frozen backbone),target_prob,0.7358,15.2,294.94,frozen-checkpoint inference evaluation
B1,MK-NIAH,MK_NIAH_S024,44,None (frozen backbone),accuracy,1.0,15.2,294.94,frozen-checkpoint inference evaluation
B1,MK-NIAH,MK_NIAH_S024,44,None (frozen backbone),target_prob,0.5171,15.2,294.94,frozen-checkpoint inference evaluation
B1,MK-NIAH,MK_NIAH_S025,44,None (frozen backbone),accuracy,1.0,15.2,294.94,frozen-checkpoint inference evaluation
B1,MK-NIAH,MK_NIAH_S025,44,None (frozen backbone),target_prob,0.5308,15.2,294.94,frozen-checkpoint inference evaluation
B1,MK-NIAH,MK_NIAH_S026,44,None (frozen backbone),accuracy,1.0,15.2,294.94,frozen-checkpoint inference evaluation
B1,MK-NIAH,MK_NIAH_S026,44,None (frozen backbone),target_prob,0.4851,15.2,294.94,frozen-checkpoint inference evaluation
B1,MK-NIAH,MK_NIAH_S027,44,None (frozen backbone),accuracy,1.0,15.2,294.94,frozen-checkpoint inference evaluation
B1,MK-NIAH,MK_NIAH_S027,44,None (frozen backbone),target_prob,0.4419,15.2,294.94,frozen-checkpoint inference evaluation
B1,MK-NIAH,MK_NIAH_S028,44,None (frozen backbone),accuracy,1.0,15.2,294.94,frozen-checkpoint inference evaluation
B1,MK-NIAH,MK_NIAH_S028,44,None (frozen backbone),target_prob,0.4353,15.2,294.94,frozen-checkpoint inference evaluation
B1,MK-NIAH,MK_NIAH_S029,44,None (frozen backbone),accuracy,1.0,15.2,294.94,frozen-checkpoint inference evaluation
B1,MK-NIAH,MK_NIAH_S029,44,None (frozen backbone),target_prob,0.5879,15.2,294.94,frozen-checkpoint inference evaluation
B1,MK-NIAH,MK_NIAH_S030,44,None (frozen backbone),accuracy,0.0,15.2,294.94,frozen-checkpoint inference evaluation
B1,MK-NIAH,MK_NIAH_S030,44,None (frozen backbone),target_prob,0.5483,15.2,294.94,frozen-checkpoint inference evaluation
B1,MK-NIAH,MK_NIAH_S031,44,None (frozen backbone),accuracy,0.0,15.2,294.94,frozen-checkpoint inference evaluation
B1,MK-NIAH,MK_NIAH_S031,44,None (frozen backbone),target_prob,0.6709,15.2,294.94,frozen-checkpoint inference evaluation
B1,MK-NIAH,MK_NIAH_S032,44,None (frozen backbone),accuracy,0.0,15.2,294.94,frozen-checkpoint inference evaluation
B1,MK-NIAH,MK_NIAH_S032,44,None (frozen backbone),target_prob,0.5107,15.2,294.94,frozen-checkpoint inference evaluation
B1,MK-NIAH,MK_NIAH_S033,44,None (frozen backbone),accuracy,1.0,15.2,294.94,frozen-checkpoint inference evaluation
B1,MK-NIAH,MK_NIAH_S033,44,None (frozen backbone),target_prob,0.4639,15.2,294.94,frozen-checkpoint inference evaluation
B1,MK-NIAH,MK_NIAH_S034,44,None (frozen backbone),accuracy,1.0,15.2,294.94,frozen-checkpoint inference evaluation
B1,MK-NIAH,MK_NIAH_S034,44,None (frozen backbone),target_prob,0.5757,15.2,294.94,frozen-checkpoint inference evaluation
B1,MK-NIAH,MK_NIAH_S035,44,None (frozen backbone),accuracy,1.0,15.2,294.94,frozen-checkpoint inference evaluation
B1,MK-NIAH,MK_NIAH_S035,44,None (frozen backbone),target_prob,0.5098,15.2,294.94,frozen-checkpoint inference evaluation
B1,MK-NIAH,MK_NIAH_S036,44,None (frozen backbone),accuracy,0.0,15.2,294.94,frozen-checkpoint inference evaluation
B1,MK-NIAH,MK_NIAH_S036,44,None (frozen backbone),target_prob,0.6177,15.2,294.94,frozen-checkpoint inference evaluation
B1,MK-NIAH,MK_NIAH_S037,44,None (frozen backbone),accuracy,0.0,15.2,294.94,frozen-checkpoint inference evaluation
B1,MK-NIAH,MK_NIAH_S037,44,None (frozen backbone),target_prob,0.5513,15.2,294.94,frozen-checkpoint inference evaluation
B1,MK-NIAH,MK_NIAH_S038,44,None (frozen backbone),accuracy,0.0,15.2,294.94,frozen-checkpoint inference evaluation
B1,MK-NIAH,MK_NIAH_S038,44,None (frozen backbone),target_prob,0.3901,15.2,294.94,frozen-checkpoint inference evaluation
B1,MK-NIAH,MK_NIAH_S039,44,None (frozen backbone),accuracy,0.0,15.2,294.94,frozen-checkpoint inference evaluation
B1,MK-NIAH,MK_NIAH_S039,44,None (frozen backbone),target_prob,0.3738,15.2,294.94,frozen-checkpoint inference evaluation
B1,MK-NIAH,MK_NIAH_S040,44,None (frozen backbone),accuracy,1.0,15.2,294.94,frozen-checkpoint inference evaluation
B1,MK-NIAH,MK_NIAH_S040,44,None (frozen backbone),target_prob,0.582,15.2,294.94,frozen-checkpoint inference evaluation
B1,MK-NIAH,MK_NIAH_S041,44,None (frozen backbone),accuracy,0.0,15.2,294.94,frozen-checkpoint inference evaluation
B1,MK-NIAH,MK_NIAH_S041,44,None (frozen backbone),target_prob,0.7212,15.2,294.94,frozen-checkpoint inference evaluation
B1,MK-NIAH,MK_NIAH_S042,44,None (frozen backbone),accuracy,0.0,15.2,294.94,frozen-checkpoint inference evaluation
B1,MK-NIAH,MK_NIAH_S042,44,None (frozen backbone),target_prob,0.376,15.2,294.94,frozen-checkpoint inference evaluation
B1,MK-NIAH,MK_NIAH_S043,44,None (frozen backbone),accuracy,0.0,15.2,294.94,frozen-checkpoint inference evaluation
B1,MK-NIAH,MK_NIAH_S043,44,None (frozen backbone),target_prob,0.4595,15.2,294.94,frozen-checkpoint inference evaluation
B1,MK-NIAH,MK_NIAH_S044,44,None (frozen backbone),accuracy,1.0,15.2,294.94,frozen-checkpoint inference evaluation
B1,MK-NIAH,MK_NIAH_S044,44,None (frozen backbone),target_prob,0.5029,15.2,294.94,frozen-checkpoint inference evaluation
B1,MK-NIAH,MK_NIAH_S045,44,None (frozen backbone),accuracy,1.0,15.2,294.94,frozen-checkpoint inference evaluation
B1,MK-NIAH,MK_NIAH_S045,44,None (frozen backbone),target_prob,0.4768,15.2,294.94,frozen-checkpoint inference evaluation
B1,MK-NIAH,MK_NIAH_S046,44,None (frozen backbone),accuracy,1.0,15.2,294.94,frozen-checkpoint inference evaluation
B1,MK-NIAH,MK_NIAH_S046,44,None (frozen backbone),target_prob,0.5225,15.2,294.94,frozen-checkpoint inference evaluation
B1,MK-NIAH,MK_NIAH_S047,44,None (frozen backbone),accuracy,0.0,15.2,294.94,frozen-checkpoint inference evaluation
B1,MK-NIAH,MK_NIAH_S047,44,None (frozen backbone),target_prob,0.4849,15.2,294.94,frozen-checkpoint inference evaluation
B1,MK-NIAH,MK_NIAH_S048,44,None (frozen backbone),accuracy,1.0,15.2,294.94,frozen-checkpoint inference evaluation
B1,MK-NIAH,MK_NIAH_S048,44,None (frozen backbone),target_prob,0.4805,15.2,294.94,frozen-checkpoint inference evaluation
B1,MK-NIAH,MK_NIAH_S049,44,None (frozen backbone),accuracy,1.0,15.2,294.94,frozen-checkpoint inference evaluation
B1,MK-NIAH,MK_NIAH_S049,44,None (frozen backbone),target_prob,0.4089,15.2,294.94,frozen-checkpoint inference evaluation
B1,MK-NIAH,MK_NIAH_S050,44,None (frozen backbone),accuracy,1.0,15.2,294.94,frozen-checkpoint inference evaluation
B1,MK-NIAH,MK_NIAH_S050,44,None (frozen backbone),target_prob,0.5444,15.2,294.94,frozen-checkpoint inference evaluation
B1,MK-NIAH,MK_NIAH_S051,44,None (frozen backbone),accuracy,1.0,15.2,294.94,frozen-checkpoint inference evaluation
B1,MK-NIAH,MK_NIAH_S051,44,None (frozen backbone),target_prob,0.6431,15.2,294.94,frozen-checkpoint inference evaluation
B1,MK-NIAH,MK_NIAH_S052,44,None (frozen backbone),accuracy,0.0,15.2,294.94,frozen-checkpoint inference evaluation
B1,MK-NIAH,MK_NIAH_S052,44,None (frozen backbone),target_prob,0.4658,15.2,294.94,frozen-checkpoint inference evaluation
B1,MK-NIAH,MK_NIAH_S053,44,None (frozen backbone),accuracy,0.0,15.2,294.94,frozen-checkpoint inference evaluation
B1,MK-NIAH,MK_NIAH_S053,44,None (frozen backbone),target_prob,0.6206,15.2,294.94,frozen-checkpoint inference evaluation
B1,MK-NIAH,MK_NIAH_S054,44,None (frozen backbone),accuracy,1.0,15.2,294.94,frozen-checkpoint inference evaluation
B1,MK-NIAH,MK_NIAH_S054,44,None (frozen backbone),target_prob,0.395,15.2,294.94,frozen-checkpoint inference evaluation
B1,MK-NIAH,MK_NIAH_S055,44,None (frozen backbone),accuracy,1.0,15.2,294.94,frozen-checkpoint inference evaluation
B1,MK-NIAH,MK_NIAH_S055,44,None (frozen backbone),target_prob,0.6777,15.2,294.94,frozen-checkpoint inference evaluation
B1,MK-NIAH,MK_NIAH_S056,44,None (frozen backbone),accuracy,1.0,15.2,294.94,frozen-checkpoint inference evaluation
B1,MK-NIAH,MK_NIAH_S056,44,None (frozen backbone),target_prob,0.3923,15.2,294.94,frozen-checkpoint inference evaluation
B1,MK-NIAH,MK_NIAH_S057,44,None (frozen backbone),accuracy,0.0,15.2,294.94,frozen-checkpoint inference evaluation
B1,MK-NIAH,MK_NIAH_S057,44,None (frozen backbone),target_prob,0.3857,15.2,294.94,frozen-checkpoint inference evaluation
B1,MK-NIAH,MK_NIAH_S058,44,None (frozen backbone),accuracy,1.0,15.2,294.94,frozen-checkpoint inference evaluation
B1,MK-NIAH,MK_NIAH_S058,44,None (frozen backbone),target_prob,0.3469,15.2,294.94,frozen-checkpoint inference evaluation
B1,MK-NIAH,MK_NIAH_S059,44,None (frozen backbone),accuracy,1.0,15.2,294.94,frozen-checkpoint inference evaluation
B1,MK-NIAH,MK_NIAH_S059,44,None (frozen backbone),target_prob,0.6006,15.2,294.94,frozen-checkpoint inference evaluation
B1,MK-NIAH,MK_NIAH_S060,44,None (frozen backbone),accuracy,1.0,15.2,294.94,frozen-checkpoint inference evaluation
B1,MK-NIAH,MK_NIAH_S060,44,None (frozen backbone),target_prob,0.5034,15.2,294.94,frozen-checkpoint inference evaluation
B1,MK-NIAH,MK_NIAH_S061,44,None (frozen backbone),accuracy,0.0,15.2,294.94,frozen-checkpoint inference evaluation
B1,MK-NIAH,MK_NIAH_S061,44,None (frozen backbone),target_prob,0.5488,15.2,294.94,frozen-checkpoint inference evaluation
B1,MK-NIAH,MK_NIAH_S062,44,None (frozen backbone),accuracy,1.0,15.2,294.94,frozen-checkpoint inference evaluation
B1,MK-NIAH,MK_NIAH_S062,44,None (frozen backbone),target_prob,0.521,15.2,294.94,frozen-checkpoint inference evaluation
B1,MK-NIAH,MK_NIAH_S063,44,None (frozen backbone),accuracy,1.0,15.2,294.94,frozen-checkpoint inference evaluation
B1,MK-NIAH,MK_NIAH_S063,44,None (frozen backbone),target_prob,0.5488,15.2,294.94,frozen-checkpoint inference evaluation
B1,MK-NIAH,MK_NIAH_S064,44,None (frozen backbone),accuracy,0.0,15.2,294.94,frozen-checkpoint inference evaluation
B1,MK-NIAH,MK_NIAH_S064,44,None (frozen backbone),target_prob,0.5435,15.2,294.94,frozen-checkpoint inference evaluation
B1,MK-NIAH,MK_NIAH_S065,44,None (frozen backbone),accuracy,1.0,15.2,294.94,frozen-checkpoint inference evaluation
B1,MK-NIAH,MK_NIAH_S065,44,None (frozen backbone),target_prob,0.5713,15.2,294.94,frozen-checkpoint inference evaluation
B1,MK-NIAH,MK_NIAH_S066,44,None (frozen backbone),accuracy,1.0,15.2,294.94,frozen-checkpoint inference evaluation
B1,MK-NIAH,MK_NIAH_S066,44,None (frozen backbone),target_prob,0.4531,15.2,294.94,frozen-checkpoint inference evaluation
B1,MK-NIAH,MK_NIAH_S067,44,None (frozen backbone),accuracy,1.0,15.2,294.94,frozen-checkpoint inference evaluation
B1,MK-NIAH,MK_NIAH_S067,44,None (frozen backbone),target_prob,0.4226,15.2,294.94,frozen-checkpoint inference evaluation
B1,MK-NIAH,MK_NIAH_S068,44,None (frozen backbone),accuracy,0.0,15.2,294.94,frozen-checkpoint inference evaluation
B1,MK-NIAH,MK_NIAH_S068,44,None (frozen backbone),target_prob,0.4517,15.2,294.94,frozen-checkpoint inference evaluation
B1,MK-NIAH,MK_NIAH_S069,44,None (frozen backbone),accuracy,1.0,15.2,294.94,frozen-checkpoint inference evaluation
B1,MK-NIAH,MK_NIAH_S069,44,None (frozen backbone),target_prob,0.4976,15.2,294.94,frozen-checkpoint inference evaluation
B1,MK-NIAH,MK_NIAH_S070,44,None (frozen backbone),accuracy,1.0,15.2,294.94,frozen-checkpoint inference evaluation
B1,MK-NIAH,MK_NIAH_S070,44,None (frozen backbone),target_prob,0.4995,15.2,294.94,frozen-checkpoint inference evaluation
B1,MK-NIAH,MK_NIAH_S071,44,None (frozen backbone),accuracy,0.0,15.2,294.94,frozen-checkpoint inference evaluation
B1,MK-NIAH,MK_NIAH_S071,44,None (frozen backbone),target_prob,0.5952,15.2,294.94,frozen-checkpoint inference evaluation
B1,MK-NIAH,MK_NIAH_S072,44,None (frozen backbone),accuracy,0.0,15.2,294.94,frozen-checkpoint inference evaluation
B1,MK-NIAH,MK_NIAH_S072,44,None (frozen backbone),target_prob,0.7144,15.2,294.94,frozen-checkpoint inference evaluation
B1,MK-NIAH,MK_NIAH_S073,44,None (frozen backbone),accuracy,1.0,15.2,294.94,frozen-checkpoint inference evaluation
B1,MK-NIAH,MK_NIAH_S073,44,None (frozen backbone),target_prob,0.436,15.2,294.94,frozen-checkpoint inference evaluation
B1,MK-NIAH,MK_NIAH_S074,44,None (frozen backbone),accuracy,1.0,15.2,294.94,frozen-checkpoint inference evaluation
B1,MK-NIAH,MK_NIAH_S074,44,None (frozen backbone),target_prob,0.4456,15.2,294.94,frozen-checkpoint inference evaluation
B1,MK-NIAH,MK_NIAH_S075,44,None (frozen backbone),accuracy,0.0,15.2,294.94,frozen-checkpoint inference evaluation
B1,MK-NIAH,MK_NIAH_S075,44,None (frozen backbone),target_prob,0.6113,15.2,294.94,frozen-checkpoint inference evaluation
B1,MK-NIAH,MK_NIAH_S076,44,None (frozen backbone),accuracy,1.0,15.2,294.94,frozen-checkpoint inference evaluation
B1,MK-NIAH,MK_NIAH_S076,44,None (frozen backbone),target_prob,0.6128,15.2,294.94,frozen-checkpoint inference evaluation
B1,MK-NIAH,MK_NIAH_S077,44,None (frozen backbone),accuracy,0.0,15.2,294.94,frozen-checkpoint inference evaluation
B1,MK-NIAH,MK_NIAH_S077,44,None (frozen backbone),target_prob,0.5103,15.2,294.94,frozen-checkpoint inference evaluation
B1,MK-NIAH,MK_NIAH_S078,44,None (frozen backbone),accuracy,1.0,15.2,294.94,frozen-checkpoint inference evaluation
B1,MK-NIAH,MK_NIAH_S078,44,None (frozen backbone),target_prob,0.6426,15.2,294.94,frozen-checkpoint inference evaluation
B1,MK-NIAH,MK_NIAH_S079,44,None (frozen backbone),accuracy,1.0,15.2,294.94,frozen-checkpoint inference evaluation
B1,MK-NIAH,MK_NIAH_S079,44,None (frozen backbone),target_prob,0.5239,15.2,294.94,frozen-checkpoint inference evaluation
B1,MK-NIAH,MK_NIAH_S080,44,None (frozen backbone),accuracy,0.0,15.2,294.94,frozen-checkpoint inference evaluation
B1,MK-NIAH,MK_NIAH_S080,44,None (frozen backbone),target_prob,0.5874,15.2,294.94,frozen-checkpoint inference evaluation
B1,MK-NIAH,MK_NIAH_S081,44,None (frozen backbone),accuracy,1.0,15.2,294.94,frozen-checkpoint inference evaluation
B1,MK-NIAH,MK_NIAH_S081,44,None (frozen backbone),target_prob,0.5063,15.2,294.94,frozen-checkpoint inference evaluation
B1,MK-NIAH,MK_NIAH_S082,44,None (frozen backbone),accuracy,0.0,15.2,294.94,frozen-checkpoint inference evaluation
B1,MK-NIAH,MK_NIAH_S082,44,None (frozen backbone),target_prob,0.384,15.2,294.94,frozen-checkpoint inference evaluation
B1,MK-NIAH,MK_NIAH_S083,44,None (frozen backbone),accuracy,1.0,15.2,294.94,frozen-checkpoint inference evaluation
B1,MK-NIAH,MK_NIAH_S083,44,None (frozen backbone),target_prob,0.4326,15.2,294.94,frozen-checkpoint inference evaluation
B1,MK-NIAH,MK_NIAH_S084,44,None (frozen backbone),accuracy,1.0,15.2,294.94,frozen-checkpoint inference evaluation
B1,MK-NIAH,MK_NIAH_S084,44,None (frozen backbone),target_prob,0.5015,15.2,294.94,frozen-checkpoint inference evaluation
B1,MK-NIAH,MK_NIAH_S085,44,None (frozen backbone),accuracy,1.0,15.2,294.94,frozen-checkpoint inference evaluation
B1,MK-NIAH,MK_NIAH_S085,44,None (frozen backbone),target_prob,0.4629,15.2,294.94,frozen-checkpoint inference evaluation
B1,MK-NIAH,MK_NIAH_S086,44,None (frozen backbone),accuracy,0.0,15.2,294.94,frozen-checkpoint inference evaluation
B1,MK-NIAH,MK_NIAH_S086,44,None (frozen backbone),target_prob,0.4902,15.2,294.94,frozen-checkpoint inference evaluation
B1,MK-NIAH,MK_NIAH_S087,44,None (frozen backbone),accuracy,0.0,15.2,294.94,frozen-checkpoint inference evaluation
B1,MK-NIAH,MK_NIAH_S087,44,None (frozen backbone),target_prob,0.5122,15.2,294.94,frozen-checkpoint inference evaluation
B1,MK-NIAH,MK_NIAH_S088,44,None (frozen backbone),accuracy,1.0,15.2,294.94,frozen-checkpoint inference evaluation
B1,MK-NIAH,MK_NIAH_S088,44,None (frozen backbone),target_prob,0.4998,15.2,294.94,frozen-checkpoint inference evaluation
B1,MK-NIAH,MK_NIAH_S089,44,None (frozen backbone),accuracy,1.0,15.2,294.94,frozen-checkpoint inference evaluation
B1,MK-NIAH,MK_NIAH_S089,44,None (frozen backbone),target_prob,0.4871,15.2,294.94,frozen-checkpoint inference evaluation
B1,MK-NIAH,MK_NIAH_S090,44,None (frozen backbone),accuracy,1.0,15.2,294.94,frozen-checkpoint inference evaluation
B1,MK-NIAH,MK_NIAH_S090,44,None (frozen backbone),target_prob,0.5161,15.2,294.94,frozen-checkpoint inference evaluation
B1,MK-NIAH,MK_NIAH_S091,44,None (frozen backbone),accuracy,1.0,15.2,294.94,frozen-checkpoint inference evaluation
B1,MK-NIAH,MK_NIAH_S091,44,None (frozen backbone),target_prob,0.501,15.2,294.94,frozen-checkpoint inference evaluation
B1,MK-NIAH,MK_NIAH_S092,44,None (frozen backbone),accuracy,1.0,15.2,294.94,frozen-checkpoint inference evaluation
B1,MK-NIAH,MK_NIAH_S092,44,None (frozen backbone),target_prob,0.52,15.2,294.94,frozen-checkpoint inference evaluation
B1,MK-NIAH,MK_NIAH_S093,44,None (frozen backbone),accuracy,0.0,15.2,294.94,frozen-checkpoint inference evaluation
B1,MK-NIAH,MK_NIAH_S093,44,None (frozen backbone),target_prob,0.5664,15.2,294.94,frozen-checkpoint inference evaluation
B1,MK-NIAH,MK_NIAH_S094,44,None (frozen backbone),accuracy,1.0,15.2,294.94,frozen-checkpoint inference evaluation
B1,MK-NIAH,MK_NIAH_S094,44,None (frozen backbone),target_prob,0.5063,15.2,294.94,frozen-checkpoint inference evaluation
B1,MK-NIAH,MK_NIAH_S095,44,None (frozen backbone),accuracy,1.0,15.2,294.94,frozen-checkpoint inference evaluation
B1,MK-NIAH,MK_NIAH_S095,44,None (frozen backbone),target_prob,0.5327,15.2,294.94,frozen-checkpoint inference evaluation
B1,MK-NIAH,MK_NIAH_S096,44,None (frozen backbone),accuracy,0.0,15.2,294.94,frozen-checkpoint inference evaluation
B1,MK-NIAH,MK_NIAH_S096,44,None (frozen backbone),target_prob,0.5117,15.2,294.94,frozen-checkpoint inference evaluation
B1,MK-NIAH,MK_NIAH_S097,44,None (frozen backbone),accuracy,0.0,15.2,294.94,frozen-checkpoint inference evaluation
B1,MK-NIAH,MK_NIAH_S097,44,None (frozen backbone),target_prob,0.5215,15.2,294.94,frozen-checkpoint inference evaluation
B1,MK-NIAH,MK_NIAH_S098,44,None (frozen backbone),accuracy,1.0,15.2,294.94,frozen-checkpoint inference evaluation
B1,MK-NIAH,MK_NIAH_S098,44,None (frozen backbone),target_prob,0.4446,15.2,294.94,frozen-checkpoint inference evaluation
B1,MK-NIAH,MK_NIAH_S099,44,None (frozen backbone),accuracy,0.0,15.2,294.94,frozen-checkpoint inference evaluation
B1,MK-NIAH,MK_NIAH_S099,44,None (frozen backbone),target_prob,0.5752,15.2,294.94,frozen-checkpoint inference evaluation
B4,MK-NIAH,MK_NIAH_S000,44,checkpoints/phase4_1/cms_1lvl_seed_44.pt,accuracy,0.0,15.2,328.78,frozen-checkpoint inference evaluation
B4,MK-NIAH,MK_NIAH_S000,44,checkpoints/phase4_1/cms_1lvl_seed_44.pt,target_prob,0.0392,15.2,328.78,frozen-checkpoint inference evaluation
B4,MK-NIAH,MK_NIAH_S001,44,checkpoints/phase4_1/cms_1lvl_seed_44.pt,accuracy,0.0,15.2,328.78,frozen-checkpoint inference evaluation
B4,MK-NIAH,MK_NIAH_S001,44,checkpoints/phase4_1/cms_1lvl_seed_44.pt,target_prob,0.0442,15.2,328.78,frozen-checkpoint inference evaluation
B4,MK-NIAH,MK_NIAH_S002,44,checkpoints/phase4_1/cms_1lvl_seed_44.pt,accuracy,0.0,15.2,328.78,frozen-checkpoint inference evaluation
B4,MK-NIAH,MK_NIAH_S002,44,checkpoints/phase4_1/cms_1lvl_seed_44.pt,target_prob,0.0225,15.2,328.78,frozen-checkpoint inference evaluation
B4,MK-NIAH,MK_NIAH_S003,44,checkpoints/phase4_1/cms_1lvl_seed_44.pt,accuracy,0.0,15.2,328.78,frozen-checkpoint inference evaluation
B4,MK-NIAH,MK_NIAH_S003,44,checkpoints/phase4_1/cms_1lvl_seed_44.pt,target_prob,0.088,15.2,328.78,frozen-checkpoint inference evaluation
B4,MK-NIAH,MK_NIAH_S004,44,checkpoints/phase4_1/cms_1lvl_seed_44.pt,accuracy,0.0,15.2,328.78,frozen-checkpoint inference evaluation
B4,MK-NIAH,MK_NIAH_S004,44,checkpoints/phase4_1/cms_1lvl_seed_44.pt,target_prob,0.0452,15.2,328.78,frozen-checkpoint inference evaluation
B4,MK-NIAH,MK_NIAH_S005,44,checkpoints/phase4_1/cms_1lvl_seed_44.pt,accuracy,0.0,15.2,328.78,frozen-checkpoint inference evaluation
B4,MK-NIAH,MK_NIAH_S005,44,checkpoints/phase4_1/cms_1lvl_seed_44.pt,target_prob,0.0288,15.2,328.78,frozen-checkpoint inference evaluation
B4,MK-NIAH,MK_NIAH_S006,44,checkpoints/phase4_1/cms_1lvl_seed_44.pt,accuracy,0.0,15.2,328.78,frozen-checkpoint inference evaluation
B4,MK-NIAH,MK_NIAH_S006,44,checkpoints/phase4_1/cms_1lvl_seed_44.pt,target_prob,0.0236,15.2,328.78,frozen-checkpoint inference evaluation
B4,MK-NIAH,MK_NIAH_S007,44,checkpoints/phase4_1/cms_1lvl_seed_44.pt,accuracy,0.0,15.2,328.78,frozen-checkpoint inference evaluation
B4,MK-NIAH,MK_NIAH_S007,44,checkpoints/phase4_1/cms_1lvl_seed_44.pt,target_prob,0.0863,15.2,328.78,frozen-checkpoint inference evaluation
B4,MK-NIAH,MK_NIAH_S008,44,checkpoints/phase4_1/cms_1lvl_seed_44.pt,accuracy,0.0,15.2,328.78,frozen-checkpoint inference evaluation
B4,MK-NIAH,MK_NIAH_S008,44,checkpoints/phase4_1/cms_1lvl_seed_44.pt,target_prob,0.0226,15.2,328.78,frozen-checkpoint inference evaluation
B4,MK-NIAH,MK_NIAH_S009,44,checkpoints/phase4_1/cms_1lvl_seed_44.pt,accuracy,0.0,15.2,328.78,frozen-checkpoint inference evaluation
B4,MK-NIAH,MK_NIAH_S009,44,checkpoints/phase4_1/cms_1lvl_seed_44.pt,target_prob,0.0595,15.2,328.78,frozen-checkpoint inference evaluation
B4,MK-NIAH,MK_NIAH_S010,44,checkpoints/phase4_1/cms_1lvl_seed_44.pt,accuracy,0.0,15.2,328.78,frozen-checkpoint inference evaluation
B4,MK-NIAH,MK_NIAH_S010,44,checkpoints/phase4_1/cms_1lvl_seed_44.pt,target_prob,0.0283,15.2,328.78,frozen-checkpoint inference evaluation
B4,MK-NIAH,MK_NIAH_S011,44,checkpoints/phase4_1/cms_1lvl_seed_44.pt,accuracy,0.0,15.2,328.78,frozen-checkpoint inference evaluation
B4,MK-NIAH,MK_NIAH_S011,44,checkpoints/phase4_1/cms_1lvl_seed_44.pt,target_prob,0.0326,15.2,328.78,frozen-checkpoint inference evaluation
B4,MK-NIAH,MK_NIAH_S012,44,checkpoints/phase4_1/cms_1lvl_seed_44.pt,accuracy,0.0,15.2,328.78,frozen-checkpoint inference evaluation
B4,MK-NIAH,MK_NIAH_S012,44,checkpoints/phase4_1/cms_1lvl_seed_44.pt,target_prob,0.0275,15.2,328.78,frozen-checkpoint inference evaluation
B4,MK-NIAH,MK_NIAH_S013,44,checkpoints/phase4_1/cms_1lvl_seed_44.pt,accuracy,0.0,15.2,328.78,frozen-checkpoint inference evaluation
B4,MK-NIAH,MK_NIAH_S013,44,checkpoints/phase4_1/cms_1lvl_seed_44.pt,target_prob,0.0507,15.2,328.78,frozen-checkpoint inference evaluation
B4,MK-NIAH,MK_NIAH_S014,44,checkpoints/phase4_1/cms_1lvl_seed_44.pt,accuracy,0.0,15.2,328.78,frozen-checkpoint inference evaluation
B4,MK-NIAH,MK_NIAH_S014,44,checkpoints/phase4_1/cms_1lvl_seed_44.pt,target_prob,0.024,15.2,328.78,frozen-checkpoint inference evaluation
B4,MK-NIAH,MK_NIAH_S015,44,checkpoints/phase4_1/cms_1lvl_seed_44.pt,accuracy,0.0,15.2,328.78,frozen-checkpoint inference evaluation
B4,MK-NIAH,MK_NIAH_S015,44,checkpoints/phase4_1/cms_1lvl_seed_44.pt,target_prob,0.0237,15.2,328.78,frozen-checkpoint inference evaluation
B4,MK-NIAH,MK_NIAH_S016,44,checkpoints/phase4_1/cms_1lvl_seed_44.pt,accuracy,0.0,15.2,328.78,frozen-checkpoint inference evaluation
B4,MK-NIAH,MK_NIAH_S016,44,checkpoints/phase4_1/cms_1lvl_seed_44.pt,target_prob,0.0441,15.2,328.78,frozen-checkpoint inference evaluation
B4,MK-NIAH,MK_NIAH_S017,44,checkpoints/phase4_1/cms_1lvl_seed_44.pt,accuracy,0.0,15.2,328.78,frozen-checkpoint inference evaluation
B4,MK-NIAH,MK_NIAH_S017,44,checkpoints/phase4_1/cms_1lvl_seed_44.pt,target_prob,0.0475,15.2,328.78,frozen-checkpoint inference evaluation
B4,MK-NIAH,MK_NIAH_S018,44,checkpoints/phase4_1/cms_1lvl_seed_44.pt,accuracy,0.0,15.2,328.78,frozen-checkpoint inference evaluation
B4,MK-NIAH,MK_NIAH_S018,44,checkpoints/phase4_1/cms_1lvl_seed_44.pt,target_prob,0.0601,15.2,328.78,frozen-checkpoint inference evaluation
B4,MK-NIAH,MK_NIAH_S019,44,checkpoints/phase4_1/cms_1lvl_seed_44.pt,accuracy,0.0,15.2,328.78,frozen-checkpoint inference evaluation
B4,MK-NIAH,MK_NIAH_S019,44,checkpoints/phase4_1/cms_1lvl_seed_44.pt,target_prob,0.0401,15.2,328.78,frozen-checkpoint inference evaluation
B4,MK-NIAH,MK_NIAH_S020,44,checkpoints/phase4_1/cms_1lvl_seed_44.pt,accuracy,0.0,15.2,328.78,frozen-checkpoint inference evaluation
B4,MK-NIAH,MK_NIAH_S020,44,checkpoints/phase4_1/cms_1lvl_seed_44.pt,target_prob,0.0271,15.2,328.78,frozen-checkpoint inference evaluation
B4,MK-NIAH,MK_NIAH_S021,44,checkpoints/phase4_1/cms_1lvl_seed_44.pt,accuracy,0.0,15.2,328.78,frozen-checkpoint inference evaluation
B4,MK-NIAH,MK_NIAH_S021,44,checkpoints/phase4_1/cms_1lvl_seed_44.pt,target_prob,0.0296,15.2,328.78,frozen-checkpoint inference evaluation
B4,MK-NIAH,MK_NIAH_S022,44,checkpoints/phase4_1/cms_1lvl_seed_44.pt,accuracy,0.0,15.2,328.78,frozen-checkpoint inference evaluation
B4,MK-NIAH,MK_NIAH_S022,44,checkpoints/phase4_1/cms_1lvl_seed_44.pt,target_prob,0.0282,15.2,328.78,frozen-checkpoint inference evaluation
B4,MK-NIAH,MK_NIAH_S023,44,checkpoints/phase4_1/cms_1lvl_seed_44.pt,accuracy,0.0,15.2,328.78,frozen-checkpoint inference evaluation
B4,MK-NIAH,MK_NIAH_S023,44,checkpoints/phase4_1/cms_1lvl_seed_44.pt,target_prob,0.0219,15.2,328.78,frozen-checkpoint inference evaluation
B4,MK-NIAH,MK_NIAH_S024,44,checkpoints/phase4_1/cms_1lvl_seed_44.pt,accuracy,0.0,15.2,328.78,frozen-checkpoint inference evaluation
B4,MK-NIAH,MK_NIAH_S024,44,checkpoints/phase4_1/cms_1lvl_seed_44.pt,target_prob,0.0435,15.2,328.78,frozen-checkpoint inference evaluation
B4,MK-NIAH,MK_NIAH_S025,44,checkpoints/phase4_1/cms_1lvl_seed_44.pt,accuracy,0.0,15.2,328.78,frozen-checkpoint inference evaluation
B4,MK-NIAH,MK_NIAH_S025,44,checkpoints/phase4_1/cms_1lvl_seed_44.pt,target_prob,0.0172,15.2,328.78,frozen-checkpoint inference evaluation
B4,MK-NIAH,MK_NIAH_S026,44,checkpoints/phase4_1/cms_1lvl_seed_44.pt,accuracy,0.0,15.2,328.78,frozen-checkpoint inference evaluation
B4,MK-NIAH,MK_NIAH_S026,44,checkpoints/phase4_1/cms_1lvl_seed_44.pt,target_prob,0.0432,15.2,328.78,frozen-checkpoint inference evaluation
B4,MK-NIAH,MK_NIAH_S027,44,checkpoints/phase4_1/cms_1lvl_seed_44.pt,accuracy,0.0,15.2,328.78,frozen-checkpoint inference evaluation
B4,MK-NIAH,MK_NIAH_S027,44,checkpoints/phase4_1/cms_1lvl_seed_44.pt,target_prob,0.0168,15.2,328.78,frozen-checkpoint inference evaluation
B4,MK-NIAH,MK_NIAH_S028,44,checkpoints/phase4_1/cms_1lvl_seed_44.pt,accuracy,0.0,15.2,328.78,frozen-checkpoint inference evaluation
B4,MK-NIAH,MK_NIAH_S028,44,checkpoints/phase4_1/cms_1lvl_seed_44.pt,target_prob,0.0619,15.2,328.78,frozen-checkpoint inference evaluation
B4,MK-NIAH,MK_NIAH_S029,44,checkpoints/phase4_1/cms_1lvl_seed_44.pt,accuracy,0.0,15.2,328.78,frozen-checkpoint inference evaluation
B4,MK-NIAH,MK_NIAH_S029,44,checkpoints/phase4_1/cms_1lvl_seed_44.pt,target_prob,0.0457,15.2,328.78,frozen-checkpoint inference evaluation
B4,MK-NIAH,MK_NIAH_S030,44,checkpoints/phase4_1/cms_1lvl_seed_44.pt,accuracy,0.0,15.2,328.78,frozen-checkpoint inference evaluation
B4,MK-NIAH,MK_NIAH_S030,44,checkpoints/phase4_1/cms_1lvl_seed_44.pt,target_prob,0.0424,15.2,328.78,frozen-checkpoint inference evaluation
B4,MK-NIAH,MK_NIAH_S031,44,checkpoints/phase4_1/cms_1lvl_seed_44.pt,accuracy,0.0,15.2,328.78,frozen-checkpoint inference evaluation
B4,MK-NIAH,MK_NIAH_S031,44,checkpoints/phase4_1/cms_1lvl_seed_44.pt,target_prob,0.0491,15.2,328.78,frozen-checkpoint inference evaluation
B4,MK-NIAH,MK_NIAH_S032,44,checkpoints/phase4_1/cms_1lvl_seed_44.pt,accuracy,0.0,15.2,328.78,frozen-checkpoint inference evaluation
B4,MK-NIAH,MK_NIAH_S032,44,checkpoints/phase4_1/cms_1lvl_seed_44.pt,target_prob,0.0431,15.2,328.78,frozen-checkpoint inference evaluation
B4,MK-NIAH,MK_NIAH_S033,44,checkpoints/phase4_1/cms_1lvl_seed_44.pt,accuracy,0.0,15.2,328.78,frozen-checkpoint inference evaluation
B4,MK-NIAH,MK_NIAH_S033,44,checkpoints/phase4_1/cms_1lvl_seed_44.pt,target_prob,0.0599,15.2,328.78,frozen-checkpoint inference evaluation
B4,MK-NIAH,MK_NIAH_S034,44,checkpoints/phase4_1/cms_1lvl_seed_44.pt,accuracy,0.0,15.2,328.78,frozen-checkpoint inference evaluation
B4,MK-NIAH,MK_NIAH_S034,44,checkpoints/phase4_1/cms_1lvl_seed_44.pt,target_prob,0.0244,15.2,328.78,frozen-checkpoint inference evaluation
B4,MK-NIAH,MK_NIAH_S035,44,checkpoints/phase4_1/cms_1lvl_seed_44.pt,accuracy,0.0,15.2,328.78,frozen-checkpoint inference evaluation
B4,MK-NIAH,MK_NIAH_S035,44,checkpoints/phase4_1/cms_1lvl_seed_44.pt,target_prob,0.0336,15.2,328.78,frozen-checkpoint inference evaluation
B4,MK-NIAH,MK_NIAH_S036,44,checkpoints/phase4_1/cms_1lvl_seed_44.pt,accuracy,0.0,15.2,328.78,frozen-checkpoint inference evaluation
B4,MK-NIAH,MK_NIAH_S036,44,checkpoints/phase4_1/cms_1lvl_seed_44.pt,target_prob,0.0461,15.2,328.78,frozen-checkpoint inference evaluation
B4,MK-NIAH,MK_NIAH_S037,44,checkpoints/phase4_1/cms_1lvl_seed_44.pt,accuracy,0.0,15.2,328.78,frozen-checkpoint inference evaluation
B4,MK-NIAH,MK_NIAH_S037,44,checkpoints/phase4_1/cms_1lvl_seed_44.pt,target_prob,0.0578,15.2,328.78,frozen-checkpoint inference evaluation
B4,MK-NIAH,MK_NIAH_S038,44,checkpoints/phase4_1/cms_1lvl_seed_44.pt,accuracy,0.0,15.2,328.78,frozen-checkpoint inference evaluation
B4,MK-NIAH,MK_NIAH_S038,44,checkpoints/phase4_1/cms_1lvl_seed_44.pt,target_prob,0.017,15.2,328.78,frozen-checkpoint inference evaluation
B4,MK-NIAH,MK_NIAH_S039,44,checkpoints/phase4_1/cms_1lvl_seed_44.pt,accuracy,0.0,15.2,328.78,frozen-checkpoint inference evaluation
B4,MK-NIAH,MK_NIAH_S039,44,checkpoints/phase4_1/cms_1lvl_seed_44.pt,target_prob,0.0154,15.2,328.78,frozen-checkpoint inference evaluation
B4,MK-NIAH,MK_NIAH_S040,44,checkpoints/phase4_1/cms_1lvl_seed_44.pt,accuracy,0.0,15.2,328.78,frozen-checkpoint inference evaluation
B4,MK-NIAH,MK_NIAH_S040,44,checkpoints/phase4_1/cms_1lvl_seed_44.pt,target_prob,0.0221,15.2,328.78,frozen-checkpoint inference evaluation
B4,MK-NIAH,MK_NIAH_S041,44,checkpoints/phase4_1/cms_1lvl_seed_44.pt,accuracy,0.0,15.2,328.78,frozen-checkpoint inference evaluation
B4,MK-NIAH,MK_NIAH_S041,44,checkpoints/phase4_1/cms_1lvl_seed_44.pt,target_prob,0.0504,15.2,328.78,frozen-checkpoint inference evaluation
B4,MK-NIAH,MK_NIAH_S042,44,checkpoints/phase4_1/cms_1lvl_seed_44.pt,accuracy,0.0,15.2,328.78,frozen-checkpoint inference evaluation
B4,MK-NIAH,MK_NIAH_S042,44,checkpoints/phase4_1/cms_1lvl_seed_44.pt,target_prob,0.0171,15.2,328.78,frozen-checkpoint inference evaluation
B4,MK-NIAH,MK_NIAH_S043,44,checkpoints/phase4_1/cms_1lvl_seed_44.pt,accuracy,0.0,15.2,328.78,frozen-checkpoint inference evaluation
B4,MK-NIAH,MK_NIAH_S043,44,checkpoints/phase4_1/cms_1lvl_seed_44.pt,target_prob,0.0233,15.2,328.78,frozen-checkpoint inference evaluation
B4,MK-NIAH,MK_NIAH_S044,44,checkpoints/phase4_1/cms_1lvl_seed_44.pt,accuracy,0.0,15.2,328.78,frozen-checkpoint inference evaluation
B4,MK-NIAH,MK_NIAH_S044,44,checkpoints/phase4_1/cms_1lvl_seed_44.pt,target_prob,0.016,15.2,328.78,frozen-checkpoint inference evaluation
B4,MK-NIAH,MK_NIAH_S045,44,checkpoints/phase4_1/cms_1lvl_seed_44.pt,accuracy,0.0,15.2,328.78,frozen-checkpoint inference evaluation
B4,MK-NIAH,MK_NIAH_S045,44,checkpoints/phase4_1/cms_1lvl_seed_44.pt,target_prob,0.0626,15.2,328.78,frozen-checkpoint inference evaluation
B4,MK-NIAH,MK_NIAH_S046,44,checkpoints/phase4_1/cms_1lvl_seed_44.pt,accuracy,0.0,15.2,328.78,frozen-checkpoint inference evaluation
B4,MK-NIAH,MK_NIAH_S046,44,checkpoints/phase4_1/cms_1lvl_seed_44.pt,target_prob,0.0411,15.2,328.78,frozen-checkpoint inference evaluation
B4,MK-NIAH,MK_NIAH_S047,44,checkpoints/phase4_1/cms_1lvl_seed_44.pt,accuracy,0.0,15.2,328.78,frozen-checkpoint inference evaluation
B4,MK-NIAH,MK_NIAH_S047,44,checkpoints/phase4_1/cms_1lvl_seed_44.pt,target_prob,0.0239,15.2,328.78,frozen-checkpoint inference evaluation
B4,MK-NIAH,MK_NIAH_S048,44,checkpoints/phase4_1/cms_1lvl_seed_44.pt,accuracy,0.0,15.2,328.78,frozen-checkpoint inference evaluation
B4,MK-NIAH,MK_NIAH_S048,44,checkpoints/phase4_1/cms_1lvl_seed_44.pt,target_prob,0.0488,15.2,328.78,frozen-checkpoint inference evaluation
B4,MK-NIAH,MK_NIAH_S049,44,checkpoints/phase4_1/cms_1lvl_seed_44.pt,accuracy,0.0,15.2,328.78,frozen-checkpoint inference evaluation
B4,MK-NIAH,MK_NIAH_S049,44,checkpoints/phase4_1/cms_1lvl_seed_44.pt,target_prob,0.0241,15.2,328.78,frozen-checkpoint inference evaluation
B4,MK-NIAH,MK_NIAH_S050,44,checkpoints/phase4_1/cms_1lvl_seed_44.pt,accuracy,0.0,15.2,328.78,frozen-checkpoint inference evaluation
B4,MK-NIAH,MK_NIAH_S050,44,checkpoints/phase4_1/cms_1lvl_seed_44.pt,target_prob,0.0163,15.2,328.78,frozen-checkpoint inference evaluation
B4,MK-NIAH,MK_NIAH_S051,44,checkpoints/phase4_1/cms_1lvl_seed_44.pt,accuracy,0.0,15.2,328.78,frozen-checkpoint inference evaluation
B4,MK-NIAH,MK_NIAH_S051,44,checkpoints/phase4_1/cms_1lvl_seed_44.pt,target_prob,0.0311,15.2,328.78,frozen-checkpoint inference evaluation
B4,MK-NIAH,MK_NIAH_S052,44,checkpoints/phase4_1/cms_1lvl_seed_44.pt,accuracy,0.0,15.2,328.78,frozen-checkpoint inference evaluation
B4,MK-NIAH,MK_NIAH_S052,44,checkpoints/phase4_1/cms_1lvl_seed_44.pt,target_prob,0.0395,15.2,328.78,frozen-checkpoint inference evaluation
B4,MK-NIAH,MK_NIAH_S053,44,checkpoints/phase4_1/cms_1lvl_seed_44.pt,accuracy,0.0,15.2,328.78,frozen-checkpoint inference evaluation
B4,MK-NIAH,MK_NIAH_S053,44,checkpoints/phase4_1/cms_1lvl_seed_44.pt,target_prob,0.0356,15.2,328.78,frozen-checkpoint inference evaluation
B4,MK-NIAH,MK_NIAH_S054,44,checkpoints/phase4_1/cms_1lvl_seed_44.pt,accuracy,0.0,15.2,328.78,frozen-checkpoint inference evaluation
B4,MK-NIAH,MK_NIAH_S054,44,checkpoints/phase4_1/cms_1lvl_seed_44.pt,target_prob,0.036,15.2,328.78,frozen-checkpoint inference evaluation
B4,MK-NIAH,MK_NIAH_S055,44,checkpoints/phase4_1/cms_1lvl_seed_44.pt,accuracy,0.0,15.2,328.78,frozen-checkpoint inference evaluation
B4,MK-NIAH,MK_NIAH_S055,44,checkpoints/phase4_1/cms_1lvl_seed_44.pt,target_prob,0.0546,15.2,328.78,frozen-checkpoint inference evaluation
B4,MK-NIAH,MK_NIAH_S056,44,checkpoints/phase4_1/cms_1lvl_seed_44.pt,accuracy,0.0,15.2,328.78,frozen-checkpoint inference evaluation
B4,MK-NIAH,MK_NIAH_S056,44,checkpoints/phase4_1/cms_1lvl_seed_44.pt,target_prob,0.0374,15.2,328.78,frozen-checkpoint inference evaluation
B4,MK-NIAH,MK_NIAH_S057,44,checkpoints/phase4_1/cms_1lvl_seed_44.pt,accuracy,0.0,15.2,328.78,frozen-checkpoint inference evaluation
B4,MK-NIAH,MK_NIAH_S057,44,checkpoints/phase4_1/cms_1lvl_seed_44.pt,target_prob,0.0157,15.2,328.78,frozen-checkpoint inference evaluation
B4,MK-NIAH,MK_NIAH_S058,44,checkpoints/phase4_1/cms_1lvl_seed_44.pt,accuracy,0.0,15.2,328.78,frozen-checkpoint inference evaluation
B4,MK-NIAH,MK_NIAH_S058,44,checkpoints/phase4_1/cms_1lvl_seed_44.pt,target_prob,0.0629,15.2,328.78,frozen-checkpoint inference evaluation
B4,MK-NIAH,MK_NIAH_S059,44,checkpoints/phase4_1/cms_1lvl_seed_44.pt,accuracy,0.0,15.2,328.78,frozen-checkpoint inference evaluation
B4,MK-NIAH,MK_NIAH_S059,44,checkpoints/phase4_1/cms_1lvl_seed_44.pt,target_prob,0.0401,15.2,328.78,frozen-checkpoint inference evaluation
B4,MK-NIAH,MK_NIAH_S060,44,checkpoints/phase4_1/cms_1lvl_seed_44.pt,accuracy,0.0,15.2,328.78,frozen-checkpoint inference evaluation
B4,MK-NIAH,MK_NIAH_S060,44,checkpoints/phase4_1/cms_1lvl_seed_44.pt,target_prob,0.0408,15.2,328.78,frozen-checkpoint inference evaluation
B4,MK-NIAH,MK_NIAH_S061,44,checkpoints/phase4_1/cms_1lvl_seed_44.pt,accuracy,0.0,15.2,328.78,frozen-checkpoint inference evaluation
B4,MK-NIAH,MK_NIAH_S061,44,checkpoints/phase4_1/cms_1lvl_seed_44.pt,target_prob,0.0232,15.2,328.78,frozen-checkpoint inference evaluation
B4,MK-NIAH,MK_NIAH_S062,44,checkpoints/phase4_1/cms_1lvl_seed_44.pt,accuracy,0.0,15.2,328.78,frozen-checkpoint inference evaluation
B4,MK-NIAH,MK_NIAH_S062,44,checkpoints/phase4_1/cms_1lvl_seed_44.pt,target_prob,0.0406,15.2,328.78,frozen-checkpoint inference evaluation
B4,MK-NIAH,MK_NIAH_S063,44,checkpoints/phase4_1/cms_1lvl_seed_44.pt,accuracy,0.0,15.2,328.78,frozen-checkpoint inference evaluation
B4,MK-NIAH,MK_NIAH_S063,44,checkpoints/phase4_1/cms_1lvl_seed_44.pt,target_prob,0.0305,15.2,328.78,frozen-checkpoint inference evaluation
B4,MK-NIAH,MK_NIAH_S064,44,checkpoints/phase4_1/cms_1lvl_seed_44.pt,accuracy,0.0,15.2,328.78,frozen-checkpoint inference evaluation
B4,MK-NIAH,MK_NIAH_S064,44,checkpoints/phase4_1/cms_1lvl_seed_44.pt,target_prob,0.0604,15.2,328.78,frozen-checkpoint inference evaluation
B4,MK-NIAH,MK_NIAH_S065,44,checkpoints/phase4_1/cms_1lvl_seed_44.pt,accuracy,0.0,15.2,328.78,frozen-checkpoint inference evaluation
B4,MK-NIAH,MK_NIAH_S065,44,checkpoints/phase4_1/cms_1lvl_seed_44.pt,target_prob,0.0856,15.2,328.78,frozen-checkpoint inference evaluation
B4,MK-NIAH,MK_NIAH_S066,44,checkpoints/phase4_1/cms_1lvl_seed_44.pt,accuracy,0.0,15.2,328.78,frozen-checkpoint inference evaluation
B4,MK-NIAH,MK_NIAH_S066,44,checkpoints/phase4_1/cms_1lvl_seed_44.pt,target_prob,0.0382,15.2,328.78,frozen-checkpoint inference evaluation
B4,MK-NIAH,MK_NIAH_S067,44,checkpoints/phase4_1/cms_1lvl_seed_44.pt,accuracy,0.0,15.2,328.78,frozen-checkpoint inference evaluation
B4,MK-NIAH,MK_NIAH_S067,44,checkpoints/phase4_1/cms_1lvl_seed_44.pt,target_prob,0.0634,15.2,328.78,frozen-checkpoint inference evaluation
B4,MK-NIAH,MK_NIAH_S068,44,checkpoints/phase4_1/cms_1lvl_seed_44.pt,accuracy,0.0,15.2,328.78,frozen-checkpoint inference evaluation
B4,MK-NIAH,MK_NIAH_S068,44,checkpoints/phase4_1/cms_1lvl_seed_44.pt,target_prob,0.0578,15.2,328.78,frozen-checkpoint inference evaluation
B4,MK-NIAH,MK_NIAH_S069,44,checkpoints/phase4_1/cms_1lvl_seed_44.pt,accuracy,0.0,15.2,328.78,frozen-checkpoint inference evaluation
B4,MK-NIAH,MK_NIAH_S069,44,checkpoints/phase4_1/cms_1lvl_seed_44.pt,target_prob,0.0421,15.2,328.78,frozen-checkpoint inference evaluation
B4,MK-NIAH,MK_NIAH_S070,44,checkpoints/phase4_1/cms_1lvl_seed_44.pt,accuracy,0.0,15.2,328.78,frozen-checkpoint inference evaluation
B4,MK-NIAH,MK_NIAH_S070,44,checkpoints/phase4_1/cms_1lvl_seed_44.pt,target_prob,0.0605,15.2,328.78,frozen-checkpoint inference evaluation
B4,MK-NIAH,MK_NIAH_S071,44,checkpoints/phase4_1/cms_1lvl_seed_44.pt,accuracy,0.0,15.2,328.78,frozen-checkpoint inference evaluation
B4,MK-NIAH,MK_NIAH_S071,44,checkpoints/phase4_1/cms_1lvl_seed_44.pt,target_prob,0.0332,15.2,328.78,frozen-checkpoint inference evaluation
B4,MK-NIAH,MK_NIAH_S072,44,checkpoints/phase4_1/cms_1lvl_seed_44.pt,accuracy,0.0,15.2,328.78,frozen-checkpoint inference evaluation
B4,MK-NIAH,MK_NIAH_S072,44,checkpoints/phase4_1/cms_1lvl_seed_44.pt,target_prob,0.0856,15.2,328.78,frozen-checkpoint inference evaluation
B4,MK-NIAH,MK_NIAH_S073,44,checkpoints/phase4_1/cms_1lvl_seed_44.pt,accuracy,0.0,15.2,328.78,frozen-checkpoint inference evaluation
B4,MK-NIAH,MK_NIAH_S073,44,checkpoints/phase4_1/cms_1lvl_seed_44.pt,target_prob,0.0606,15.2,328.78,frozen-checkpoint inference evaluation
B4,MK-NIAH,MK_NIAH_S074,44,checkpoints/phase4_1/cms_1lvl_seed_44.pt,accuracy,0.0,15.2,328.78,frozen-checkpoint inference evaluation
B4,MK-NIAH,MK_NIAH_S074,44,checkpoints/phase4_1/cms_1lvl_seed_44.pt,target_prob,0.0649,15.2,328.78,frozen-checkpoint inference evaluation
B4,MK-NIAH,MK_NIAH_S075,44,checkpoints/phase4_1/cms_1lvl_seed_44.pt,accuracy,0.0,15.2,328.78,frozen-checkpoint inference evaluation
B4,MK-NIAH,MK_NIAH_S075,44,checkpoints/phase4_1/cms_1lvl_seed_44.pt,target_prob,0.0647,15.2,328.78,frozen-checkpoint inference evaluation
B4,MK-NIAH,MK_NIAH_S076,44,checkpoints/phase4_1/cms_1lvl_seed_44.pt,accuracy,0.0,15.2,328.78,frozen-checkpoint inference evaluation
B4,MK-NIAH,MK_NIAH_S076,44,checkpoints/phase4_1/cms_1lvl_seed_44.pt,target_prob,0.0425,15.2,328.78,frozen-checkpoint inference evaluation
B4,MK-NIAH,MK_NIAH_S077,44,checkpoints/phase4_1/cms_1lvl_seed_44.pt,accuracy,0.0,15.2,328.78,frozen-checkpoint inference evaluation
B4,MK-NIAH,MK_NIAH_S077,44,checkpoints/phase4_1/cms_1lvl_seed_44.pt,target_prob,0.0436,15.2,328.78,frozen-checkpoint inference evaluation
B4,MK-NIAH,MK_NIAH_S078,44,checkpoints/phase4_1/cms_1lvl_seed_44.pt,accuracy,0.0,15.2,328.78,frozen-checkpoint inference evaluation
B4,MK-NIAH,MK_NIAH_S078,44,checkpoints/phase4_1/cms_1lvl_seed_44.pt,target_prob,0.0622,15.2,328.78,frozen-checkpoint inference evaluation
B4,MK-NIAH,MK_NIAH_S079,44,checkpoints/phase4_1/cms_1lvl_seed_44.pt,accuracy,0.0,15.2,328.78,frozen-checkpoint inference evaluation
B4,MK-NIAH,MK_NIAH_S079,44,checkpoints/phase4_1/cms_1lvl_seed_44.pt,target_prob,0.0309,15.2,328.78,frozen-checkpoint inference evaluation
B4,MK-NIAH,MK_NIAH_S080,44,checkpoints/phase4_1/cms_1lvl_seed_44.pt,accuracy,0.0,15.2,328.78,frozen-checkpoint inference evaluation
B4,MK-NIAH,MK_NIAH_S080,44,checkpoints/phase4_1/cms_1lvl_seed_44.pt,target_prob,0.0301,15.2,328.78,frozen-checkpoint inference evaluation
B4,MK-NIAH,MK_NIAH_S081,44,checkpoints/phase4_1/cms_1lvl_seed_44.pt,accuracy,0.0,15.2,328.78,frozen-checkpoint inference evaluation
B4,MK-NIAH,MK_NIAH_S081,44,checkpoints/phase4_1/cms_1lvl_seed_44.pt,target_prob,0.0585,15.2,328.78,frozen-checkpoint inference evaluation
B4,MK-NIAH,MK_NIAH_S082,44,checkpoints/phase4_1/cms_1lvl_seed_44.pt,accuracy,0.0,15.2,328.78,frozen-checkpoint inference evaluation
B4,MK-NIAH,MK_NIAH_S082,44,checkpoints/phase4_1/cms_1lvl_seed_44.pt,target_prob,0.0235,15.2,328.78,frozen-checkpoint inference evaluation
B4,MK-NIAH,MK_NIAH_S083,44,checkpoints/phase4_1/cms_1lvl_seed_44.pt,accuracy,0.0,15.2,328.78,frozen-checkpoint inference evaluation
B4,MK-NIAH,MK_NIAH_S083,44,checkpoints/phase4_1/cms_1lvl_seed_44.pt,target_prob,0.0161,15.2,328.78,frozen-checkpoint inference evaluation
B4,MK-NIAH,MK_NIAH_S084,44,checkpoints/phase4_1/cms_1lvl_seed_44.pt,accuracy,0.0,15.2,328.78,frozen-checkpoint inference evaluation
B4,MK-NIAH,MK_NIAH_S084,44,checkpoints/phase4_1/cms_1lvl_seed_44.pt,target_prob,0.0409,15.2,328.78,frozen-checkpoint inference evaluation
B4,MK-NIAH,MK_NIAH_S085,44,checkpoints/phase4_1/cms_1lvl_seed_44.pt,accuracy,0.0,15.2,328.78,frozen-checkpoint inference evaluation
B4,MK-NIAH,MK_NIAH_S085,44,checkpoints/phase4_1/cms_1lvl_seed_44.pt,target_prob,0.0489,15.2,328.78,frozen-checkpoint inference evaluation
B4,MK-NIAH,MK_NIAH_S086,44,checkpoints/phase4_1/cms_1lvl_seed_44.pt,accuracy,0.0,15.2,328.78,frozen-checkpoint inference evaluation
B4,MK-NIAH,MK_NIAH_S086,44,checkpoints/phase4_1/cms_1lvl_seed_44.pt,target_prob,0.0255,15.2,328.78,frozen-checkpoint inference evaluation
B4,MK-NIAH,MK_NIAH_S087,44,checkpoints/phase4_1/cms_1lvl_seed_44.pt,accuracy,0.0,15.2,328.78,frozen-checkpoint inference evaluation
B4,MK-NIAH,MK_NIAH_S087,44,checkpoints/phase4_1/cms_1lvl_seed_44.pt,target_prob,0.0604,15.2,328.78,frozen-checkpoint inference evaluation
B4,MK-NIAH,MK_NIAH_S088,44,checkpoints/phase4_1/cms_1lvl_seed_44.pt,accuracy,0.0,15.2,328.78,frozen-checkpoint inference evaluation
B4,MK-NIAH,MK_NIAH_S088,44,checkpoints/phase4_1/cms_1lvl_seed_44.pt,target_prob,0.0155,15.2,328.78,frozen-checkpoint inference evaluation
B4,MK-NIAH,MK_NIAH_S089,44,checkpoints/phase4_1/cms_1lvl_seed_44.pt,accuracy,0.0,15.2,328.78,frozen-checkpoint inference evaluation
B4,MK-NIAH,MK_NIAH_S089,44,checkpoints/phase4_1/cms_1lvl_seed_44.pt,target_prob,0.0609,15.2,328.78,frozen-checkpoint inference evaluation
B4,MK-NIAH,MK_NIAH_S090,44,checkpoints/phase4_1/cms_1lvl_seed_44.pt,accuracy,0.0,15.2,328.78,frozen-checkpoint inference evaluation
B4,MK-NIAH,MK_NIAH_S090,44,checkpoints/phase4_1/cms_1lvl_seed_44.pt,target_prob,0.0421,15.2,328.78,frozen-checkpoint inference evaluation
B4,MK-NIAH,MK_NIAH_S091,44,checkpoints/phase4_1/cms_1lvl_seed_44.pt,accuracy,0.0,15.2,328.78,frozen-checkpoint inference evaluation
B4,MK-NIAH,MK_NIAH_S091,44,checkpoints/phase4_1/cms_1lvl_seed_44.pt,target_prob,0.0273,15.2,328.78,frozen-checkpoint inference evaluation
B4,MK-NIAH,MK_NIAH_S092,44,checkpoints/phase4_1/cms_1lvl_seed_44.pt,accuracy,0.0,15.2,328.78,frozen-checkpoint inference evaluation
B4,MK-NIAH,MK_NIAH_S092,44,checkpoints/phase4_1/cms_1lvl_seed_44.pt,target_prob,0.027,15.2,328.78,frozen-checkpoint inference evaluation
B4,MK-NIAH,MK_NIAH_S093,44,checkpoints/phase4_1/cms_1lvl_seed_44.pt,accuracy,0.0,15.2,328.78,frozen-checkpoint inference evaluation
B4,MK-NIAH,MK_NIAH_S093,44,checkpoints/phase4_1/cms_1lvl_seed_44.pt,target_prob,0.0239,15.2,328.78,frozen-checkpoint inference evaluation
B4,MK-NIAH,MK_NIAH_S094,44,checkpoints/phase4_1/cms_1lvl_seed_44.pt,accuracy,0.0,15.2,328.78,frozen-checkpoint inference evaluation
B4,MK-NIAH,MK_NIAH_S094,44,checkpoints/phase4_1/cms_1lvl_seed_44.pt,target_prob,0.0219,15.2,328.78,frozen-checkpoint inference evaluation
B4,MK-NIAH,MK_NIAH_S095,44,checkpoints/phase4_1/cms_1lvl_seed_44.pt,accuracy,0.0,15.2,328.78,frozen-checkpoint inference evaluation
B4,MK-NIAH,MK_NIAH_S095,44,checkpoints/phase4_1/cms_1lvl_seed_44.pt,target_prob,0.0221,15.2,328.78,frozen-checkpoint inference evaluation
B4,MK-NIAH,MK_NIAH_S096,44,checkpoints/phase4_1/cms_1lvl_seed_44.pt,accuracy,0.0,15.2,328.78,frozen-checkpoint inference evaluation
B4,MK-NIAH,MK_NIAH_S096,44,checkpoints/phase4_1/cms_1lvl_seed_44.pt,target_prob,0.0816,15.2,328.78,frozen-checkpoint inference evaluation
B4,MK-NIAH,MK_NIAH_S097,44,checkpoints/phase4_1/cms_1lvl_seed_44.pt,accuracy,0.0,15.2,328.78,frozen-checkpoint inference evaluation
B4,MK-NIAH,MK_NIAH_S097,44,checkpoints/phase4_1/cms_1lvl_seed_44.pt,target_prob,0.0239,15.2,328.78,frozen-checkpoint inference evaluation
B4,MK-NIAH,MK_NIAH_S098,44,checkpoints/phase4_1/cms_1lvl_seed_44.pt,accuracy,0.0,15.2,328.78,frozen-checkpoint inference evaluation
B4,MK-NIAH,MK_NIAH_S098,44,checkpoints/phase4_1/cms_1lvl_seed_44.pt,target_prob,0.0649,15.2,328.78,frozen-checkpoint inference evaluation
B4,MK-NIAH,MK_NIAH_S099,44,checkpoints/phase4_1/cms_1lvl_seed_44.pt,accuracy,0.0,15.2,328.78,frozen-checkpoint inference evaluation
B4,MK-NIAH,MK_NIAH_S099,44,checkpoints/phase4_1/cms_1lvl_seed_44.pt,target_prob,0.0445,15.2,328.78,frozen-checkpoint inference evaluation
B5,MK-NIAH,MK_NIAH_S000,44,checkpoints/phase4_1/cms_3lvl_seed_44.pt,accuracy,0.0,15.2,361.22,frozen-checkpoint inference evaluation
B5,MK-NIAH,MK_NIAH_S000,44,checkpoints/phase4_1/cms_3lvl_seed_44.pt,target_prob,0.0057,15.2,361.22,frozen-checkpoint inference evaluation
B5,MK-NIAH,MK_NIAH_S001,44,checkpoints/phase4_1/cms_3lvl_seed_44.pt,accuracy,0.0,15.2,361.22,frozen-checkpoint inference evaluation
B5,MK-NIAH,MK_NIAH_S001,44,checkpoints/phase4_1/cms_3lvl_seed_44.pt,target_prob,0.027,15.2,361.22,frozen-checkpoint inference evaluation
B5,MK-NIAH,MK_NIAH_S002,44,checkpoints/phase4_1/cms_3lvl_seed_44.pt,accuracy,0.0,15.2,361.22,frozen-checkpoint inference evaluation
B5,MK-NIAH,MK_NIAH_S002,44,checkpoints/phase4_1/cms_3lvl_seed_44.pt,target_prob,0.0089,15.2,361.22,frozen-checkpoint inference evaluation
B5,MK-NIAH,MK_NIAH_S003,44,checkpoints/phase4_1/cms_3lvl_seed_44.pt,accuracy,0.0,15.2,361.22,frozen-checkpoint inference evaluation
B5,MK-NIAH,MK_NIAH_S003,44,checkpoints/phase4_1/cms_3lvl_seed_44.pt,target_prob,0.0319,15.2,361.22,frozen-checkpoint inference evaluation
B5,MK-NIAH,MK_NIAH_S004,44,checkpoints/phase4_1/cms_3lvl_seed_44.pt,accuracy,0.0,15.2,361.22,frozen-checkpoint inference evaluation
B5,MK-NIAH,MK_NIAH_S004,44,checkpoints/phase4_1/cms_3lvl_seed_44.pt,target_prob,0.0238,15.2,361.22,frozen-checkpoint inference evaluation
B5,MK-NIAH,MK_NIAH_S005,44,checkpoints/phase4_1/cms_3lvl_seed_44.pt,accuracy,0.0,15.2,361.22,frozen-checkpoint inference evaluation
B5,MK-NIAH,MK_NIAH_S005,44,checkpoints/phase4_1/cms_3lvl_seed_44.pt,target_prob,0.015,15.2,361.22,frozen-checkpoint inference evaluation
B5,MK-NIAH,MK_NIAH_S006,44,checkpoints/phase4_1/cms_3lvl_seed_44.pt,accuracy,0.0,15.2,361.22,frozen-checkpoint inference evaluation
B5,MK-NIAH,MK_NIAH_S006,44,checkpoints/phase4_1/cms_3lvl_seed_44.pt,target_prob,0.0089,15.2,361.22,frozen-checkpoint inference evaluation
B5,MK-NIAH,MK_NIAH_S007,44,checkpoints/phase4_1/cms_3lvl_seed_44.pt,accuracy,0.0,15.2,361.22,frozen-checkpoint inference evaluation
B5,MK-NIAH,MK_NIAH_S007,44,checkpoints/phase4_1/cms_3lvl_seed_44.pt,target_prob,0.0299,15.2,361.22,frozen-checkpoint inference evaluation
B5,MK-NIAH,MK_NIAH_S008,44,checkpoints/phase4_1/cms_3lvl_seed_44.pt,accuracy,0.0,15.2,361.22,frozen-checkpoint inference evaluation
B5,MK-NIAH,MK_NIAH_S008,44,checkpoints/phase4_1/cms_3lvl_seed_44.pt,target_prob,0.0092,15.2,361.22,frozen-checkpoint inference evaluation
B5,MK-NIAH,MK_NIAH_S009,44,checkpoints/phase4_1/cms_3lvl_seed_44.pt,accuracy,0.0,15.2,361.22,frozen-checkpoint inference evaluation
B5,MK-NIAH,MK_NIAH_S009,44,checkpoints/phase4_1/cms_3lvl_seed_44.pt,target_prob,0.0338,15.2,361.22,frozen-checkpoint inference evaluation
B5,MK-NIAH,MK_NIAH_S010,44,checkpoints/phase4_1/cms_3lvl_seed_44.pt,accuracy,0.0,15.2,361.22,frozen-checkpoint inference evaluation
B5,MK-NIAH,MK_NIAH_S010,44,checkpoints/phase4_1/cms_3lvl_seed_44.pt,target_prob,0.0153,15.2,361.22,frozen-checkpoint inference evaluation
B5,MK-NIAH,MK_NIAH_S011,44,checkpoints/phase4_1/cms_3lvl_seed_44.pt,accuracy,0.0,15.2,361.22,frozen-checkpoint inference evaluation
B5,MK-NIAH,MK_NIAH_S011,44,checkpoints/phase4_1/cms_3lvl_seed_44.pt,target_prob,0.0126,15.2,361.22,frozen-checkpoint inference evaluation
B5,MK-NIAH,MK_NIAH_S012,44,checkpoints/phase4_1/cms_3lvl_seed_44.pt,accuracy,0.0,15.2,361.22,frozen-checkpoint inference evaluation
B5,MK-NIAH,MK_NIAH_S012,44,checkpoints/phase4_1/cms_3lvl_seed_44.pt,target_prob,0.0092,15.2,361.22,frozen-checkpoint inference evaluation
B5,MK-NIAH,MK_NIAH_S013,44,checkpoints/phase4_1/cms_3lvl_seed_44.pt,accuracy,0.0,15.2,361.22,frozen-checkpoint inference evaluation
B5,MK-NIAH,MK_NIAH_S013,44,checkpoints/phase4_1/cms_3lvl_seed_44.pt,target_prob,0.0174,15.2,361.22,frozen-checkpoint inference evaluation
B5,MK-NIAH,MK_NIAH_S014,44,checkpoints/phase4_1/cms_3lvl_seed_44.pt,accuracy,0.0,15.2,361.22,frozen-checkpoint inference evaluation
B5,MK-NIAH,MK_NIAH_S014,44,checkpoints/phase4_1/cms_3lvl_seed_44.pt,target_prob,0.0101,15.2,361.22,frozen-checkpoint inference evaluation
B5,MK-NIAH,MK_NIAH_S015,44,checkpoints/phase4_1/cms_3lvl_seed_44.pt,accuracy,0.0,15.2,361.22,frozen-checkpoint inference evaluation
B5,MK-NIAH,MK_NIAH_S015,44,checkpoints/phase4_1/cms_3lvl_seed_44.pt,target_prob,0.0067,15.2,361.22,frozen-checkpoint inference evaluation
B5,MK-NIAH,MK_NIAH_S016,44,checkpoints/phase4_1/cms_3lvl_seed_44.pt,accuracy,0.0,15.2,361.22,frozen-checkpoint inference evaluation
B5,MK-NIAH,MK_NIAH_S016,44,checkpoints/phase4_1/cms_3lvl_seed_44.pt,target_prob,0.0258,15.2,361.22,frozen-checkpoint inference evaluation
B5,MK-NIAH,MK_NIAH_S017,44,checkpoints/phase4_1/cms_3lvl_seed_44.pt,accuracy,0.0,15.2,361.22,frozen-checkpoint inference evaluation
B5,MK-NIAH,MK_NIAH_S017,44,checkpoints/phase4_1/cms_3lvl_seed_44.pt,target_prob,0.0156,15.2,361.22,frozen-checkpoint inference evaluation
B5,MK-NIAH,MK_NIAH_S018,44,checkpoints/phase4_1/cms_3lvl_seed_44.pt,accuracy,0.0,15.2,361.22,frozen-checkpoint inference evaluation
B5,MK-NIAH,MK_NIAH_S018,44,checkpoints/phase4_1/cms_3lvl_seed_44.pt,target_prob,0.0183,15.2,361.22,frozen-checkpoint inference evaluation
B5,MK-NIAH,MK_NIAH_S019,44,checkpoints/phase4_1/cms_3lvl_seed_44.pt,accuracy,0.0,15.2,361.22,frozen-checkpoint inference evaluation
B5,MK-NIAH,MK_NIAH_S019,44,checkpoints/phase4_1/cms_3lvl_seed_44.pt,target_prob,0.0056,15.2,361.22,frozen-checkpoint inference evaluation
B5,MK-NIAH,MK_NIAH_S020,44,checkpoints/phase4_1/cms_3lvl_seed_44.pt,accuracy,0.0,15.2,361.22,frozen-checkpoint inference evaluation
B5,MK-NIAH,MK_NIAH_S020,44,checkpoints/phase4_1/cms_3lvl_seed_44.pt,target_prob,0.0141,15.2,361.22,frozen-checkpoint inference evaluation
B5,MK-NIAH,MK_NIAH_S021,44,checkpoints/phase4_1/cms_3lvl_seed_44.pt,accuracy,0.0,15.2,361.22,frozen-checkpoint inference evaluation
B5,MK-NIAH,MK_NIAH_S021,44,checkpoints/phase4_1/cms_3lvl_seed_44.pt,target_prob,0.0154,15.2,361.22,frozen-checkpoint inference evaluation
B5,MK-NIAH,MK_NIAH_S022,44,checkpoints/phase4_1/cms_3lvl_seed_44.pt,accuracy,0.0,15.2,361.22,frozen-checkpoint inference evaluation
B5,MK-NIAH,MK_NIAH_S022,44,checkpoints/phase4_1/cms_3lvl_seed_44.pt,target_prob,0.0143,15.2,361.22,frozen-checkpoint inference evaluation
B5,MK-NIAH,MK_NIAH_S023,44,checkpoints/phase4_1/cms_3lvl_seed_44.pt,accuracy,0.0,15.2,361.22,frozen-checkpoint inference evaluation
B5,MK-NIAH,MK_NIAH_S023,44,checkpoints/phase4_1/cms_3lvl_seed_44.pt,target_prob,0.0086,15.2,361.22,frozen-checkpoint inference evaluation
B5,MK-NIAH,MK_NIAH_S024,44,checkpoints/phase4_1/cms_3lvl_seed_44.pt,accuracy,0.0,15.2,361.22,frozen-checkpoint inference evaluation
B5,MK-NIAH,MK_NIAH_S024,44,checkpoints/phase4_1/cms_3lvl_seed_44.pt,target_prob,0.0251,15.2,361.22,frozen-checkpoint inference evaluation
B5,MK-NIAH,MK_NIAH_S025,44,checkpoints/phase4_1/cms_3lvl_seed_44.pt,accuracy,0.0,15.2,361.22,frozen-checkpoint inference evaluation
B5,MK-NIAH,MK_NIAH_S025,44,checkpoints/phase4_1/cms_3lvl_seed_44.pt,target_prob,0.0031,15.2,361.22,frozen-checkpoint inference evaluation
B5,MK-NIAH,MK_NIAH_S026,44,checkpoints/phase4_1/cms_3lvl_seed_44.pt,accuracy,0.0,15.2,361.22,frozen-checkpoint inference evaluation
B5,MK-NIAH,MK_NIAH_S026,44,checkpoints/phase4_1/cms_3lvl_seed_44.pt,target_prob,0.0165,15.2,361.22,frozen-checkpoint inference evaluation
B5,MK-NIAH,MK_NIAH_S027,44,checkpoints/phase4_1/cms_3lvl_seed_44.pt,accuracy,0.0,15.2,361.22,frozen-checkpoint inference evaluation
B5,MK-NIAH,MK_NIAH_S027,44,checkpoints/phase4_1/cms_3lvl_seed_44.pt,target_prob,0.0027,15.2,361.22,frozen-checkpoint inference evaluation
B5,MK-NIAH,MK_NIAH_S028,44,checkpoints/phase4_1/cms_3lvl_seed_44.pt,accuracy,0.0,15.2,361.22,frozen-checkpoint inference evaluation
B5,MK-NIAH,MK_NIAH_S028,44,checkpoints/phase4_1/cms_3lvl_seed_44.pt,target_prob,0.02,15.2,361.22,frozen-checkpoint inference evaluation
B5,MK-NIAH,MK_NIAH_S029,44,checkpoints/phase4_1/cms_3lvl_seed_44.pt,accuracy,0.0,15.2,361.22,frozen-checkpoint inference evaluation
B5,MK-NIAH,MK_NIAH_S029,44,checkpoints/phase4_1/cms_3lvl_seed_44.pt,target_prob,0.014,15.2,361.22,frozen-checkpoint inference evaluation
B5,MK-NIAH,MK_NIAH_S030,44,checkpoints/phase4_1/cms_3lvl_seed_44.pt,accuracy,0.0,15.2,361.22,frozen-checkpoint inference evaluation
B5,MK-NIAH,MK_NIAH_S030,44,checkpoints/phase4_1/cms_3lvl_seed_44.pt,target_prob,0.0243,15.2,361.22,frozen-checkpoint inference evaluation
B5,MK-NIAH,MK_NIAH_S031,44,checkpoints/phase4_1/cms_3lvl_seed_44.pt,accuracy,0.0,15.2,361.22,frozen-checkpoint inference evaluation
B5,MK-NIAH,MK_NIAH_S031,44,checkpoints/phase4_1/cms_3lvl_seed_44.pt,target_prob,0.0161,15.2,361.22,frozen-checkpoint inference evaluation
B5,MK-NIAH,MK_NIAH_S032,44,checkpoints/phase4_1/cms_3lvl_seed_44.pt,accuracy,0.0,15.2,361.22,frozen-checkpoint inference evaluation
B5,MK-NIAH,MK_NIAH_S032,44,checkpoints/phase4_1/cms_3lvl_seed_44.pt,target_prob,0.0254,15.2,361.22,frozen-checkpoint inference evaluation
B5,MK-NIAH,MK_NIAH_S033,44,checkpoints/phase4_1/cms_3lvl_seed_44.pt,accuracy,0.0,15.2,361.22,frozen-checkpoint inference evaluation
B5,MK-NIAH,MK_NIAH_S033,44,checkpoints/phase4_1/cms_3lvl_seed_44.pt,target_prob,0.0355,15.2,361.22,frozen-checkpoint inference evaluation
B5,MK-NIAH,MK_NIAH_S034,44,checkpoints/phase4_1/cms_3lvl_seed_44.pt,accuracy,0.0,15.2,361.22,frozen-checkpoint inference evaluation
B5,MK-NIAH,MK_NIAH_S034,44,checkpoints/phase4_1/cms_3lvl_seed_44.pt,target_prob,0.0078,15.2,361.22,frozen-checkpoint inference evaluation
B5,MK-NIAH,MK_NIAH_S035,44,checkpoints/phase4_1/cms_3lvl_seed_44.pt,accuracy,0.0,15.2,361.22,frozen-checkpoint inference evaluation
B5,MK-NIAH,MK_NIAH_S035,44,checkpoints/phase4_1/cms_3lvl_seed_44.pt,target_prob,0.0154,15.2,361.22,frozen-checkpoint inference evaluation
B5,MK-NIAH,MK_NIAH_S036,44,checkpoints/phase4_1/cms_3lvl_seed_44.pt,accuracy,0.0,15.2,361.22,frozen-checkpoint inference evaluation
B5,MK-NIAH,MK_NIAH_S036,44,checkpoints/phase4_1/cms_3lvl_seed_44.pt,target_prob,0.0248,15.2,361.22,frozen-checkpoint inference evaluation
B5,MK-NIAH,MK_NIAH_S037,44,checkpoints/phase4_1/cms_3lvl_seed_44.pt,accuracy,0.0,15.2,361.22,frozen-checkpoint inference evaluation
B5,MK-NIAH,MK_NIAH_S037,44,checkpoints/phase4_1/cms_3lvl_seed_44.pt,target_prob,0.0321,15.2,361.22,frozen-checkpoint inference evaluation
B5,MK-NIAH,MK_NIAH_S038,44,checkpoints/phase4_1/cms_3lvl_seed_44.pt,accuracy,0.0,15.2,361.22,frozen-checkpoint inference evaluation
B5,MK-NIAH,MK_NIAH_S038,44,checkpoints/phase4_1/cms_3lvl_seed_44.pt,target_prob,0.0034,15.2,361.22,frozen-checkpoint inference evaluation
B5,MK-NIAH,MK_NIAH_S039,44,checkpoints/phase4_1/cms_3lvl_seed_44.pt,accuracy,0.0,15.2,361.22,frozen-checkpoint inference evaluation
B5,MK-NIAH,MK_NIAH_S039,44,checkpoints/phase4_1/cms_3lvl_seed_44.pt,target_prob,0.0023,15.2,361.22,frozen-checkpoint inference evaluation
B5,MK-NIAH,MK_NIAH_S040,44,checkpoints/phase4_1/cms_3lvl_seed_44.pt,accuracy,0.0,15.2,361.22,frozen-checkpoint inference evaluation
B5,MK-NIAH,MK_NIAH_S040,44,checkpoints/phase4_1/cms_3lvl_seed_44.pt,target_prob,0.0066,15.2,361.22,frozen-checkpoint inference evaluation
B5,MK-NIAH,MK_NIAH_S041,44,checkpoints/phase4_1/cms_3lvl_seed_44.pt,accuracy,0.0,15.2,361.22,frozen-checkpoint inference evaluation
B5,MK-NIAH,MK_NIAH_S041,44,checkpoints/phase4_1/cms_3lvl_seed_44.pt,target_prob,0.0174,15.2,361.22,frozen-checkpoint inference evaluation
B5,MK-NIAH,MK_NIAH_S042,44,checkpoints/phase4_1/cms_3lvl_seed_44.pt,accuracy,0.0,15.2,361.22,frozen-checkpoint inference evaluation
B5,MK-NIAH,MK_NIAH_S042,44,checkpoints/phase4_1/cms_3lvl_seed_44.pt,target_prob,0.0031,15.2,361.22,frozen-checkpoint inference evaluation
B5,MK-NIAH,MK_NIAH_S043,44,checkpoints/phase4_1/cms_3lvl_seed_44.pt,accuracy,0.0,15.2,361.22,frozen-checkpoint inference evaluation
B5,MK-NIAH,MK_NIAH_S043,44,checkpoints/phase4_1/cms_3lvl_seed_44.pt,target_prob,0.0096,15.2,361.22,frozen-checkpoint inference evaluation
B5,MK-NIAH,MK_NIAH_S044,44,checkpoints/phase4_1/cms_3lvl_seed_44.pt,accuracy,0.0,15.2,361.22,frozen-checkpoint inference evaluation
B5,MK-NIAH,MK_NIAH_S044,44,checkpoints/phase4_1/cms_3lvl_seed_44.pt,target_prob,0.0028,15.2,361.22,frozen-checkpoint inference evaluation
B5,MK-NIAH,MK_NIAH_S045,44,checkpoints/phase4_1/cms_3lvl_seed_44.pt,accuracy,0.0,15.2,361.22,frozen-checkpoint inference evaluation
B5,MK-NIAH,MK_NIAH_S045,44,checkpoints/phase4_1/cms_3lvl_seed_44.pt,target_prob,0.0193,15.2,361.22,frozen-checkpoint inference evaluation
B5,MK-NIAH,MK_NIAH_S046,44,checkpoints/phase4_1/cms_3lvl_seed_44.pt,accuracy,0.0,15.2,361.22,frozen-checkpoint inference evaluation
B5,MK-NIAH,MK_NIAH_S046,44,checkpoints/phase4_1/cms_3lvl_seed_44.pt,target_prob,0.0059,15.2,361.22,frozen-checkpoint inference evaluation
B5,MK-NIAH,MK_NIAH_S047,44,checkpoints/phase4_1/cms_3lvl_seed_44.pt,accuracy,0.0,15.2,361.22,frozen-checkpoint inference evaluation
B5,MK-NIAH,MK_NIAH_S047,44,checkpoints/phase4_1/cms_3lvl_seed_44.pt,target_prob,0.0072,15.2,361.22,frozen-checkpoint inference evaluation
B5,MK-NIAH,MK_NIAH_S048,44,checkpoints/phase4_1/cms_3lvl_seed_44.pt,accuracy,0.0,15.2,361.22,frozen-checkpoint inference evaluation
B5,MK-NIAH,MK_NIAH_S048,44,checkpoints/phase4_1/cms_3lvl_seed_44.pt,target_prob,0.0286,15.2,361.22,frozen-checkpoint inference evaluation
B5,MK-NIAH,MK_NIAH_S049,44,checkpoints/phase4_1/cms_3lvl_seed_44.pt,accuracy,0.0,15.2,361.22,frozen-checkpoint inference evaluation
B5,MK-NIAH,MK_NIAH_S049,44,checkpoints/phase4_1/cms_3lvl_seed_44.pt,target_prob,0.0069,15.2,361.22,frozen-checkpoint inference evaluation
B5,MK-NIAH,MK_NIAH_S050,44,checkpoints/phase4_1/cms_3lvl_seed_44.pt,accuracy,0.0,15.2,361.22,frozen-checkpoint inference evaluation
B5,MK-NIAH,MK_NIAH_S050,44,checkpoints/phase4_1/cms_3lvl_seed_44.pt,target_prob,0.0032,15.2,361.22,frozen-checkpoint inference evaluation
B5,MK-NIAH,MK_NIAH_S051,44,checkpoints/phase4_1/cms_3lvl_seed_44.pt,accuracy,0.0,15.2,361.22,frozen-checkpoint inference evaluation
B5,MK-NIAH,MK_NIAH_S051,44,checkpoints/phase4_1/cms_3lvl_seed_44.pt,target_prob,0.0132,15.2,361.22,frozen-checkpoint inference evaluation
B5,MK-NIAH,MK_NIAH_S052,44,checkpoints/phase4_1/cms_3lvl_seed_44.pt,accuracy,0.0,15.2,361.22,frozen-checkpoint inference evaluation
B5,MK-NIAH,MK_NIAH_S052,44,checkpoints/phase4_1/cms_3lvl_seed_44.pt,target_prob,0.0148,15.2,361.22,frozen-checkpoint inference evaluation
B5,MK-NIAH,MK_NIAH_S053,44,checkpoints/phase4_1/cms_3lvl_seed_44.pt,accuracy,0.0,15.2,361.22,frozen-checkpoint inference evaluation
B5,MK-NIAH,MK_NIAH_S053,44,checkpoints/phase4_1/cms_3lvl_seed_44.pt,target_prob,0.0161,15.2,361.22,frozen-checkpoint inference evaluation
B5,MK-NIAH,MK_NIAH_S054,44,checkpoints/phase4_1/cms_3lvl_seed_44.pt,accuracy,0.0,15.2,361.22,frozen-checkpoint inference evaluation
B5,MK-NIAH,MK_NIAH_S054,44,checkpoints/phase4_1/cms_3lvl_seed_44.pt,target_prob,0.0112,15.2,361.22,frozen-checkpoint inference evaluation
B5,MK-NIAH,MK_NIAH_S055,44,checkpoints/phase4_1/cms_3lvl_seed_44.pt,accuracy,0.0,15.2,361.22,frozen-checkpoint inference evaluation
B5,MK-NIAH,MK_NIAH_S055,44,checkpoints/phase4_1/cms_3lvl_seed_44.pt,target_prob,0.0234,15.2,361.22,frozen-checkpoint inference evaluation
B5,MK-NIAH,MK_NIAH_S056,44,checkpoints/phase4_1/cms_3lvl_seed_44.pt,accuracy,0.0,15.2,361.22,frozen-checkpoint inference evaluation
B5,MK-NIAH,MK_NIAH_S056,44,checkpoints/phase4_1/cms_3lvl_seed_44.pt,target_prob,0.0118,15.2,361.22,frozen-checkpoint inference evaluation
B5,MK-NIAH,MK_NIAH_S057,44,checkpoints/phase4_1/cms_3lvl_seed_44.pt,accuracy,0.0,15.2,361.22,frozen-checkpoint inference evaluation
B5,MK-NIAH,MK_NIAH_S057,44,checkpoints/phase4_1/cms_3lvl_seed_44.pt,target_prob,0.0024,15.2,361.22,frozen-checkpoint inference evaluation
B5,MK-NIAH,MK_NIAH_S058,44,checkpoints/phase4_1/cms_3lvl_seed_44.pt,accuracy,0.0,15.2,361.22,frozen-checkpoint inference evaluation
B5,MK-NIAH,MK_NIAH_S058,44,checkpoints/phase4_1/cms_3lvl_seed_44.pt,target_prob,0.0384,15.2,361.22,frozen-checkpoint inference evaluation
B5,MK-NIAH,MK_NIAH_S059,44,checkpoints/phase4_1/cms_3lvl_seed_44.pt,accuracy,0.0,15.2,361.22,frozen-checkpoint inference evaluation
B5,MK-NIAH,MK_NIAH_S059,44,checkpoints/phase4_1/cms_3lvl_seed_44.pt,target_prob,0.0062,15.2,361.22,frozen-checkpoint inference evaluation
B5,MK-NIAH,MK_NIAH_S060,44,checkpoints/phase4_1/cms_3lvl_seed_44.pt,accuracy,0.0,15.2,361.22,frozen-checkpoint inference evaluation
B5,MK-NIAH,MK_NIAH_S060,44,checkpoints/phase4_1/cms_3lvl_seed_44.pt,target_prob,0.0228,15.2,361.22,frozen-checkpoint inference evaluation
B5,MK-NIAH,MK_NIAH_S061,44,checkpoints/phase4_1/cms_3lvl_seed_44.pt,accuracy,0.0,15.2,361.22,frozen-checkpoint inference evaluation
B5,MK-NIAH,MK_NIAH_S061,44,checkpoints/phase4_1/cms_3lvl_seed_44.pt,target_prob,0.0096,15.2,361.22,frozen-checkpoint inference evaluation
B5,MK-NIAH,MK_NIAH_S062,44,checkpoints/phase4_1/cms_3lvl_seed_44.pt,accuracy,0.0,15.2,361.22,frozen-checkpoint inference evaluation
B5,MK-NIAH,MK_NIAH_S062,44,checkpoints/phase4_1/cms_3lvl_seed_44.pt,target_prob,0.006,15.2,361.22,frozen-checkpoint inference evaluation
B5,MK-NIAH,MK_NIAH_S063,44,checkpoints/phase4_1/cms_3lvl_seed_44.pt,accuracy,0.0,15.2,361.22,frozen-checkpoint inference evaluation
B5,MK-NIAH,MK_NIAH_S063,44,checkpoints/phase4_1/cms_3lvl_seed_44.pt,target_prob,0.0167,15.2,361.22,frozen-checkpoint inference evaluation
B5,MK-NIAH,MK_NIAH_S064,44,checkpoints/phase4_1/cms_3lvl_seed_44.pt,accuracy,0.0,15.2,361.22,frozen-checkpoint inference evaluation
B5,MK-NIAH,MK_NIAH_S064,44,checkpoints/phase4_1/cms_3lvl_seed_44.pt,target_prob,0.0177,15.2,361.22,frozen-checkpoint inference evaluation
B5,MK-NIAH,MK_NIAH_S065,44,checkpoints/phase4_1/cms_3lvl_seed_44.pt,accuracy,0.0,15.2,361.22,frozen-checkpoint inference evaluation
B5,MK-NIAH,MK_NIAH_S065,44,checkpoints/phase4_1/cms_3lvl_seed_44.pt,target_prob,0.0297,15.2,361.22,frozen-checkpoint inference evaluation
B5,MK-NIAH,MK_NIAH_S066,44,checkpoints/phase4_1/cms_3lvl_seed_44.pt,accuracy,0.0,15.2,361.22,frozen-checkpoint inference evaluation
B5,MK-NIAH,MK_NIAH_S066,44,checkpoints/phase4_1/cms_3lvl_seed_44.pt,target_prob,0.0125,15.2,361.22,frozen-checkpoint inference evaluation
B5,MK-NIAH,MK_NIAH_S067,44,checkpoints/phase4_1/cms_3lvl_seed_44.pt,accuracy,0.0,15.2,361.22,frozen-checkpoint inference evaluation
B5,MK-NIAH,MK_NIAH_S067,44,checkpoints/phase4_1/cms_3lvl_seed_44.pt,target_prob,0.0208,15.2,361.22,frozen-checkpoint inference evaluation
B5,MK-NIAH,MK_NIAH_S068,44,checkpoints/phase4_1/cms_3lvl_seed_44.pt,accuracy,0.0,15.2,361.22,frozen-checkpoint inference evaluation
B5,MK-NIAH,MK_NIAH_S068,44,checkpoints/phase4_1/cms_3lvl_seed_44.pt,target_prob,0.0348,15.2,361.22,frozen-checkpoint inference evaluation
B5,MK-NIAH,MK_NIAH_S069,44,checkpoints/phase4_1/cms_3lvl_seed_44.pt,accuracy,0.0,15.2,361.22,frozen-checkpoint inference evaluation
B5,MK-NIAH,MK_NIAH_S069,44,checkpoints/phase4_1/cms_3lvl_seed_44.pt,target_prob,0.006,15.2,361.22,frozen-checkpoint inference evaluation
B5,MK-NIAH,MK_NIAH_S070,44,checkpoints/phase4_1/cms_3lvl_seed_44.pt,accuracy,0.0,15.2,361.22,frozen-checkpoint inference evaluation
B5,MK-NIAH,MK_NIAH_S070,44,checkpoints/phase4_1/cms_3lvl_seed_44.pt,target_prob,0.0337,15.2,361.22,frozen-checkpoint inference evaluation
B5,MK-NIAH,MK_NIAH_S071,44,checkpoints/phase4_1/cms_3lvl_seed_44.pt,accuracy,0.0,15.2,361.22,frozen-checkpoint inference evaluation
B5,MK-NIAH,MK_NIAH_S071,44,checkpoints/phase4_1/cms_3lvl_seed_44.pt,target_prob,0.0141,15.2,361.22,frozen-checkpoint inference evaluation
B5,MK-NIAH,MK_NIAH_S072,44,checkpoints/phase4_1/cms_3lvl_seed_44.pt,accuracy,0.0,15.2,361.22,frozen-checkpoint inference evaluation
B5,MK-NIAH,MK_NIAH_S072,44,checkpoints/phase4_1/cms_3lvl_seed_44.pt,target_prob,0.0309,15.2,361.22,frozen-checkpoint inference evaluation
B5,MK-NIAH,MK_NIAH_S073,44,checkpoints/phase4_1/cms_3lvl_seed_44.pt,accuracy,0.0,15.2,361.22,frozen-checkpoint inference evaluation
B5,MK-NIAH,MK_NIAH_S073,44,checkpoints/phase4_1/cms_3lvl_seed_44.pt,target_prob,0.0196,15.2,361.22,frozen-checkpoint inference evaluation
B5,MK-NIAH,MK_NIAH_S074,44,checkpoints/phase4_1/cms_3lvl_seed_44.pt,accuracy,0.0,15.2,361.22,frozen-checkpoint inference evaluation
B5,MK-NIAH,MK_NIAH_S074,44,checkpoints/phase4_1/cms_3lvl_seed_44.pt,target_prob,0.023,15.2,361.22,frozen-checkpoint inference evaluation
B5,MK-NIAH,MK_NIAH_S075,44,checkpoints/phase4_1/cms_3lvl_seed_44.pt,accuracy,0.0,15.2,361.22,frozen-checkpoint inference evaluation
B5,MK-NIAH,MK_NIAH_S075,44,checkpoints/phase4_1/cms_3lvl_seed_44.pt,target_prob,0.0204,15.2,361.22,frozen-checkpoint inference evaluation
B5,MK-NIAH,MK_NIAH_S076,44,checkpoints/phase4_1/cms_3lvl_seed_44.pt,accuracy,0.0,15.2,361.22,frozen-checkpoint inference evaluation
B5,MK-NIAH,MK_NIAH_S076,44,checkpoints/phase4_1/cms_3lvl_seed_44.pt,target_prob,0.0063,15.2,361.22,frozen-checkpoint inference evaluation
B5,MK-NIAH,MK_NIAH_S077,44,checkpoints/phase4_1/cms_3lvl_seed_44.pt,accuracy,0.0,15.2,361.22,frozen-checkpoint inference evaluation
B5,MK-NIAH,MK_NIAH_S077,44,checkpoints/phase4_1/cms_3lvl_seed_44.pt,target_prob,0.0251,15.2,361.22,frozen-checkpoint inference evaluation
B5,MK-NIAH,MK_NIAH_S078,44,checkpoints/phase4_1/cms_3lvl_seed_44.pt,accuracy,0.0,15.2,361.22,frozen-checkpoint inference evaluation
B5,MK-NIAH,MK_NIAH_S078,44,checkpoints/phase4_1/cms_3lvl_seed_44.pt,target_prob,0.0395,15.2,361.22,frozen-checkpoint inference evaluation
B5,MK-NIAH,MK_NIAH_S079,44,checkpoints/phase4_1/cms_3lvl_seed_44.pt,accuracy,0.0,15.2,361.22,frozen-checkpoint inference evaluation
B5,MK-NIAH,MK_NIAH_S079,44,checkpoints/phase4_1/cms_3lvl_seed_44.pt,target_prob,0.0118,15.2,361.22,frozen-checkpoint inference evaluation
B5,MK-NIAH,MK_NIAH_S080,44,checkpoints/phase4_1/cms_3lvl_seed_44.pt,accuracy,0.0,15.2,361.22,frozen-checkpoint inference evaluation
B5,MK-NIAH,MK_NIAH_S080,44,checkpoints/phase4_1/cms_3lvl_seed_44.pt,target_prob,0.0165,15.2,361.22,frozen-checkpoint inference evaluation
B5,MK-NIAH,MK_NIAH_S081,44,checkpoints/phase4_1/cms_3lvl_seed_44.pt,accuracy,0.0,15.2,361.22,frozen-checkpoint inference evaluation
B5,MK-NIAH,MK_NIAH_S081,44,checkpoints/phase4_1/cms_3lvl_seed_44.pt,target_prob,0.0335,15.2,361.22,frozen-checkpoint inference evaluation
B5,MK-NIAH,MK_NIAH_S082,44,checkpoints/phase4_1/cms_3lvl_seed_44.pt,accuracy,0.0,15.2,361.22,frozen-checkpoint inference evaluation
B5,MK-NIAH,MK_NIAH_S082,44,checkpoints/phase4_1/cms_3lvl_seed_44.pt,target_prob,0.0074,15.2,361.22,frozen-checkpoint inference evaluation
B5,MK-NIAH,MK_NIAH_S083,44,checkpoints/phase4_1/cms_3lvl_seed_44.pt,accuracy,0.0,15.2,361.22,frozen-checkpoint inference evaluation
B5,MK-NIAH,MK_NIAH_S083,44,checkpoints/phase4_1/cms_3lvl_seed_44.pt,target_prob,0.0026,15.2,361.22,frozen-checkpoint inference evaluation
B5,MK-NIAH,MK_NIAH_S084,44,checkpoints/phase4_1/cms_3lvl_seed_44.pt,accuracy,0.0,15.2,361.22,frozen-checkpoint inference evaluation
B5,MK-NIAH,MK_NIAH_S084,44,checkpoints/phase4_1/cms_3lvl_seed_44.pt,target_prob,0.0066,15.2,361.22,frozen-checkpoint inference evaluation
B5,MK-NIAH,MK_NIAH_S085,44,checkpoints/phase4_1/cms_3lvl_seed_44.pt,accuracy,0.0,15.2,361.22,frozen-checkpoint inference evaluation
B5,MK-NIAH,MK_NIAH_S085,44,checkpoints/phase4_1/cms_3lvl_seed_44.pt,target_prob,0.0164,15.2,361.22,frozen-checkpoint inference evaluation
B5,MK-NIAH,MK_NIAH_S086,44,checkpoints/phase4_1/cms_3lvl_seed_44.pt,accuracy,0.0,15.2,361.22,frozen-checkpoint inference evaluation
B5,MK-NIAH,MK_NIAH_S086,44,checkpoints/phase4_1/cms_3lvl_seed_44.pt,target_prob,0.0083,15.2,361.22,frozen-checkpoint inference evaluation
B5,MK-NIAH,MK_NIAH_S087,44,checkpoints/phase4_1/cms_3lvl_seed_44.pt,accuracy,0.0,15.2,361.22,frozen-checkpoint inference evaluation
B5,MK-NIAH,MK_NIAH_S087,44,checkpoints/phase4_1/cms_3lvl_seed_44.pt,target_prob,0.021,15.2,361.22,frozen-checkpoint inference evaluation
B5,MK-NIAH,MK_NIAH_S088,44,checkpoints/phase4_1/cms_3lvl_seed_44.pt,accuracy,0.0,15.2,361.22,frozen-checkpoint inference evaluation
B5,MK-NIAH,MK_NIAH_S088,44,checkpoints/phase4_1/cms_3lvl_seed_44.pt,target_prob,0.0023,15.2,361.22,frozen-checkpoint inference evaluation
B5,MK-NIAH,MK_NIAH_S089,44,checkpoints/phase4_1/cms_3lvl_seed_44.pt,accuracy,0.0,15.2,361.22,frozen-checkpoint inference evaluation
B5,MK-NIAH,MK_NIAH_S089,44,checkpoints/phase4_1/cms_3lvl_seed_44.pt,target_prob,0.0194,15.2,361.22,frozen-checkpoint inference evaluation
B5,MK-NIAH,MK_NIAH_S090,44,checkpoints/phase4_1/cms_3lvl_seed_44.pt,accuracy,0.0,15.2,361.22,frozen-checkpoint inference evaluation
B5,MK-NIAH,MK_NIAH_S090,44,checkpoints/phase4_1/cms_3lvl_seed_44.pt,target_prob,0.0066,15.2,361.22,frozen-checkpoint inference evaluation
B5,MK-NIAH,MK_NIAH_S091,44,checkpoints/phase4_1/cms_3lvl_seed_44.pt,accuracy,0.0,15.2,361.22,frozen-checkpoint inference evaluation
B5,MK-NIAH,MK_NIAH_S091,44,checkpoints/phase4_1/cms_3lvl_seed_44.pt,target_prob,0.0143,15.2,361.22,frozen-checkpoint inference evaluation
B5,MK-NIAH,MK_NIAH_S092,44,checkpoints/phase4_1/cms_3lvl_seed_44.pt,accuracy,0.0,15.2,361.22,frozen-checkpoint inference evaluation
B5,MK-NIAH,MK_NIAH_S092,44,checkpoints/phase4_1/cms_3lvl_seed_44.pt,target_prob,0.0087,15.2,361.22,frozen-checkpoint inference evaluation
B5,MK-NIAH,MK_NIAH_S093,44,checkpoints/phase4_1/cms_3lvl_seed_44.pt,accuracy,0.0,15.2,361.22,frozen-checkpoint inference evaluation
B5,MK-NIAH,MK_NIAH_S093,44,checkpoints/phase4_1/cms_3lvl_seed_44.pt,target_prob,0.0076,15.2,361.22,frozen-checkpoint inference evaluation
B5,MK-NIAH,MK_NIAH_S094,44,checkpoints/phase4_1/cms_3lvl_seed_44.pt,accuracy,0.0,15.2,361.22,frozen-checkpoint inference evaluation
B5,MK-NIAH,MK_NIAH_S094,44,checkpoints/phase4_1/cms_3lvl_seed_44.pt,target_prob,0.0061,15.2,361.22,frozen-checkpoint inference evaluation
B5,MK-NIAH,MK_NIAH_S095,44,checkpoints/phase4_1/cms_3lvl_seed_44.pt,accuracy,0.0,15.2,361.22,frozen-checkpoint inference evaluation
B5,MK-NIAH,MK_NIAH_S095,44,checkpoints/phase4_1/cms_3lvl_seed_44.pt,target_prob,0.0076,15.2,361.22,frozen-checkpoint inference evaluation
B5,MK-NIAH,MK_NIAH_S096,44,checkpoints/phase4_1/cms_3lvl_seed_44.pt,accuracy,0.0,15.2,361.22,frozen-checkpoint inference evaluation
B5,MK-NIAH,MK_NIAH_S096,44,checkpoints/phase4_1/cms_3lvl_seed_44.pt,target_prob,0.0272,15.2,361.22,frozen-checkpoint inference evaluation
B5,MK-NIAH,MK_NIAH_S097,44,checkpoints/phase4_1/cms_3lvl_seed_44.pt,accuracy,0.0,15.2,361.22,frozen-checkpoint inference evaluation
B5,MK-NIAH,MK_NIAH_S097,44,checkpoints/phase4_1/cms_3lvl_seed_44.pt,target_prob,0.0087,15.2,361.22,frozen-checkpoint inference evaluation
B5,MK-NIAH,MK_NIAH_S098,44,checkpoints/phase4_1/cms_3lvl_seed_44.pt,accuracy,0.0,15.2,361.22,frozen-checkpoint inference evaluation
B5,MK-NIAH,MK_NIAH_S098,44,checkpoints/phase4_1/cms_3lvl_seed_44.pt,target_prob,0.0224,15.2,361.22,frozen-checkpoint inference evaluation
B5,MK-NIAH,MK_NIAH_S099,44,checkpoints/phase4_1/cms_3lvl_seed_44.pt,accuracy,0.0,15.2,361.22,frozen-checkpoint inference evaluation
B5,MK-NIAH,MK_NIAH_S099,44,checkpoints/phase4_1/cms_3lvl_seed_44.pt,target_prob,0.0258,15.2,361.22,frozen-checkpoint inference evaluation
P1,MK-NIAH,MK_NIAH_S000,44,checkpoints/phase4_1/cms_3lvl_seed_44.pt,accuracy,0.0,15.2,361.22,frozen-checkpoint inference evaluation
P1,MK-NIAH,MK_NIAH_S000,44,checkpoints/phase4_1/cms_3lvl_seed_44.pt,target_prob,0.0907,15.2,361.22,frozen-checkpoint inference evaluation
P1,MK-NIAH,MK_NIAH_S001,44,checkpoints/phase4_1/cms_3lvl_seed_44.pt,accuracy,0.0,15.2,361.22,frozen-checkpoint inference evaluation
P1,MK-NIAH,MK_NIAH_S001,44,checkpoints/phase4_1/cms_3lvl_seed_44.pt,target_prob,0.137,15.2,361.22,frozen-checkpoint inference evaluation
P1,MK-NIAH,MK_NIAH_S002,44,checkpoints/phase4_1/cms_3lvl_seed_44.pt,accuracy,0.0,15.2,361.22,frozen-checkpoint inference evaluation
P1,MK-NIAH,MK_NIAH_S002,44,checkpoints/phase4_1/cms_3lvl_seed_44.pt,target_prob,0.0514,15.2,361.22,frozen-checkpoint inference evaluation
P1,MK-NIAH,MK_NIAH_S003,44,checkpoints/phase4_1/cms_3lvl_seed_44.pt,accuracy,0.0,15.2,361.22,frozen-checkpoint inference evaluation
P1,MK-NIAH,MK_NIAH_S003,44,checkpoints/phase4_1/cms_3lvl_seed_44.pt,target_prob,0.2085,15.2,361.22,frozen-checkpoint inference evaluation
P1,MK-NIAH,MK_NIAH_S004,44,checkpoints/phase4_1/cms_3lvl_seed_44.pt,accuracy,0.0,15.2,361.22,frozen-checkpoint inference evaluation
P1,MK-NIAH,MK_NIAH_S004,44,checkpoints/phase4_1/cms_3lvl_seed_44.pt,target_prob,0.2008,15.2,361.22,frozen-checkpoint inference evaluation
P1,MK-NIAH,MK_NIAH_S005,44,checkpoints/phase4_1/cms_3lvl_seed_44.pt,accuracy,0.0,15.2,361.22,frozen-checkpoint inference evaluation
P1,MK-NIAH,MK_NIAH_S005,44,checkpoints/phase4_1/cms_3lvl_seed_44.pt,target_prob,0.0883,15.2,361.22,frozen-checkpoint inference evaluation
P1,MK-NIAH,MK_NIAH_S006,44,checkpoints/phase4_1/cms_3lvl_seed_44.pt,accuracy,0.0,15.2,361.22,frozen-checkpoint inference evaluation
P1,MK-NIAH,MK_NIAH_S006,44,checkpoints/phase4_1/cms_3lvl_seed_44.pt,target_prob,0.0582,15.2,361.22,frozen-checkpoint inference evaluation
P1,MK-NIAH,MK_NIAH_S007,44,checkpoints/phase4_1/cms_3lvl_seed_44.pt,accuracy,0.0,15.2,361.22,frozen-checkpoint inference evaluation
P1,MK-NIAH,MK_NIAH_S007,44,checkpoints/phase4_1/cms_3lvl_seed_44.pt,target_prob,0.1974,15.2,361.22,frozen-checkpoint inference evaluation
P1,MK-NIAH,MK_NIAH_S008,44,checkpoints/phase4_1/cms_3lvl_seed_44.pt,accuracy,0.0,15.2,361.22,frozen-checkpoint inference evaluation
P1,MK-NIAH,MK_NIAH_S008,44,checkpoints/phase4_1/cms_3lvl_seed_44.pt,target_prob,0.0576,15.2,361.22,frozen-checkpoint inference evaluation
P1,MK-NIAH,MK_NIAH_S009,44,checkpoints/phase4_1/cms_3lvl_seed_44.pt,accuracy,0.0,15.2,361.22,frozen-checkpoint inference evaluation
P1,MK-NIAH,MK_NIAH_S009,44,checkpoints/phase4_1/cms_3lvl_seed_44.pt,target_prob,0.1967,15.2,361.22,frozen-checkpoint inference evaluation
P1,MK-NIAH,MK_NIAH_S010,44,checkpoints/phase4_1/cms_3lvl_seed_44.pt,accuracy,0.0,15.2,361.22,frozen-checkpoint inference evaluation
P1,MK-NIAH,MK_NIAH_S010,44,checkpoints/phase4_1/cms_3lvl_seed_44.pt,target_prob,0.0832,15.2,361.22,frozen-checkpoint inference evaluation
P1,MK-NIAH,MK_NIAH_S011,44,checkpoints/phase4_1/cms_3lvl_seed_44.pt,accuracy,0.0,15.2,361.22,frozen-checkpoint inference evaluation
P1,MK-NIAH,MK_NIAH_S011,44,checkpoints/phase4_1/cms_3lvl_seed_44.pt,target_prob,0.0672,15.2,361.22,frozen-checkpoint inference evaluation
P1,MK-NIAH,MK_NIAH_S012,44,checkpoints/phase4_1/cms_3lvl_seed_44.pt,accuracy,0.0,15.2,361.22,frozen-checkpoint inference evaluation
P1,MK-NIAH,MK_NIAH_S012,44,checkpoints/phase4_1/cms_3lvl_seed_44.pt,target_prob,0.0684,15.2,361.22,frozen-checkpoint inference evaluation
P1,MK-NIAH,MK_NIAH_S013,44,checkpoints/phase4_1/cms_3lvl_seed_44.pt,accuracy,0.0,15.2,361.22,frozen-checkpoint inference evaluation
P1,MK-NIAH,MK_NIAH_S013,44,checkpoints/phase4_1/cms_3lvl_seed_44.pt,target_prob,0.1142,15.2,361.22,frozen-checkpoint inference evaluation
P1,MK-NIAH,MK_NIAH_S014,44,checkpoints/phase4_1/cms_3lvl_seed_44.pt,accuracy,0.0,15.2,361.22,frozen-checkpoint inference evaluation
P1,MK-NIAH,MK_NIAH_S014,44,checkpoints/phase4_1/cms_3lvl_seed_44.pt,target_prob,0.0547,15.2,361.22,frozen-checkpoint inference evaluation
P1,MK-NIAH,MK_NIAH_S015,44,checkpoints/phase4_1/cms_3lvl_seed_44.pt,accuracy,0.0,15.2,361.22,frozen-checkpoint inference evaluation
P1,MK-NIAH,MK_NIAH_S015,44,checkpoints/phase4_1/cms_3lvl_seed_44.pt,target_prob,0.0621,15.2,361.22,frozen-checkpoint inference evaluation
P1,MK-NIAH,MK_NIAH_S016,44,checkpoints/phase4_1/cms_3lvl_seed_44.pt,accuracy,0.0,15.2,361.22,frozen-checkpoint inference evaluation
P1,MK-NIAH,MK_NIAH_S016,44,checkpoints/phase4_1/cms_3lvl_seed_44.pt,target_prob,0.1381,15.2,361.22,frozen-checkpoint inference evaluation
P1,MK-NIAH,MK_NIAH_S017,44,checkpoints/phase4_1/cms_3lvl_seed_44.pt,accuracy,0.0,15.2,361.22,frozen-checkpoint inference evaluation
P1,MK-NIAH,MK_NIAH_S017,44,checkpoints/phase4_1/cms_3lvl_seed_44.pt,target_prob,0.0975,15.2,361.22,frozen-checkpoint inference evaluation
P1,MK-NIAH,MK_NIAH_S018,44,checkpoints/phase4_1/cms_3lvl_seed_44.pt,accuracy,0.0,15.2,361.22,frozen-checkpoint inference evaluation
P1,MK-NIAH,MK_NIAH_S018,44,checkpoints/phase4_1/cms_3lvl_seed_44.pt,target_prob,0.1819,15.2,361.22,frozen-checkpoint inference evaluation
P1,MK-NIAH,MK_NIAH_S019,44,checkpoints/phase4_1/cms_3lvl_seed_44.pt,accuracy,0.0,15.2,361.22,frozen-checkpoint inference evaluation
P1,MK-NIAH,MK_NIAH_S019,44,checkpoints/phase4_1/cms_3lvl_seed_44.pt,target_prob,0.0905,15.2,361.22,frozen-checkpoint inference evaluation
P1,MK-NIAH,MK_NIAH_S020,44,checkpoints/phase4_1/cms_3lvl_seed_44.pt,accuracy,0.0,15.2,361.22,frozen-checkpoint inference evaluation
P1,MK-NIAH,MK_NIAH_S020,44,checkpoints/phase4_1/cms_3lvl_seed_44.pt,target_prob,0.0858,15.2,361.22,frozen-checkpoint inference evaluation
P1,MK-NIAH,MK_NIAH_S021,44,checkpoints/phase4_1/cms_3lvl_seed_44.pt,accuracy,0.0,15.2,361.22,frozen-checkpoint inference evaluation
P1,MK-NIAH,MK_NIAH_S021,44,checkpoints/phase4_1/cms_3lvl_seed_44.pt,target_prob,0.093,15.2,361.22,frozen-checkpoint inference evaluation
P1,MK-NIAH,MK_NIAH_S022,44,checkpoints/phase4_1/cms_3lvl_seed_44.pt,accuracy,0.0,15.2,361.22,frozen-checkpoint inference evaluation
P1,MK-NIAH,MK_NIAH_S022,44,checkpoints/phase4_1/cms_3lvl_seed_44.pt,target_prob,0.0842,15.2,361.22,frozen-checkpoint inference evaluation
P1,MK-NIAH,MK_NIAH_S023,44,checkpoints/phase4_1/cms_3lvl_seed_44.pt,accuracy,0.0,15.2,361.22,frozen-checkpoint inference evaluation
P1,MK-NIAH,MK_NIAH_S023,44,checkpoints/phase4_1/cms_3lvl_seed_44.pt,target_prob,0.0572,15.2,361.22,frozen-checkpoint inference evaluation
P1,MK-NIAH,MK_NIAH_S024,44,checkpoints/phase4_1/cms_3lvl_seed_44.pt,accuracy,0.0,15.2,361.22,frozen-checkpoint inference evaluation
P1,MK-NIAH,MK_NIAH_S024,44,checkpoints/phase4_1/cms_3lvl_seed_44.pt,target_prob,0.1383,15.2,361.22,frozen-checkpoint inference evaluation
P1,MK-NIAH,MK_NIAH_S025,44,checkpoints/phase4_1/cms_3lvl_seed_44.pt,accuracy,0.0,15.2,361.22,frozen-checkpoint inference evaluation
P1,MK-NIAH,MK_NIAH_S025,44,checkpoints/phase4_1/cms_3lvl_seed_44.pt,target_prob,0.0486,15.2,361.22,frozen-checkpoint inference evaluation
P1,MK-NIAH,MK_NIAH_S026,44,checkpoints/phase4_1/cms_3lvl_seed_44.pt,accuracy,0.0,15.2,361.22,frozen-checkpoint inference evaluation
P1,MK-NIAH,MK_NIAH_S026,44,checkpoints/phase4_1/cms_3lvl_seed_44.pt,target_prob,0.0774,15.2,361.22,frozen-checkpoint inference evaluation
P1,MK-NIAH,MK_NIAH_S027,44,checkpoints/phase4_1/cms_3lvl_seed_44.pt,accuracy,0.0,15.2,361.22,frozen-checkpoint inference evaluation
P1,MK-NIAH,MK_NIAH_S027,44,checkpoints/phase4_1/cms_3lvl_seed_44.pt,target_prob,0.05,15.2,361.22,frozen-checkpoint inference evaluation
P1,MK-NIAH,MK_NIAH_S028,44,checkpoints/phase4_1/cms_3lvl_seed_44.pt,accuracy,0.0,15.2,361.22,frozen-checkpoint inference evaluation
P1,MK-NIAH,MK_NIAH_S028,44,checkpoints/phase4_1/cms_3lvl_seed_44.pt,target_prob,0.1846,15.2,361.22,frozen-checkpoint inference evaluation
P1,MK-NIAH,MK_NIAH_S029,44,checkpoints/phase4_1/cms_3lvl_seed_44.pt,accuracy,0.0,15.2,361.22,frozen-checkpoint inference evaluation
P1,MK-NIAH,MK_NIAH_S029,44,checkpoints/phase4_1/cms_3lvl_seed_44.pt,target_prob,0.1003,15.2,361.22,frozen-checkpoint inference evaluation
P1,MK-NIAH,MK_NIAH_S030,44,checkpoints/phase4_1/cms_3lvl_seed_44.pt,accuracy,0.0,15.2,361.22,frozen-checkpoint inference evaluation
P1,MK-NIAH,MK_NIAH_S030,44,checkpoints/phase4_1/cms_3lvl_seed_44.pt,target_prob,0.1343,15.2,361.22,frozen-checkpoint inference evaluation
P1,MK-NIAH,MK_NIAH_S031,44,checkpoints/phase4_1/cms_3lvl_seed_44.pt,accuracy,0.0,15.2,361.22,frozen-checkpoint inference evaluation
P1,MK-NIAH,MK_NIAH_S031,44,checkpoints/phase4_1/cms_3lvl_seed_44.pt,target_prob,0.1074,15.2,361.22,frozen-checkpoint inference evaluation
P1,MK-NIAH,MK_NIAH_S032,44,checkpoints/phase4_1/cms_3lvl_seed_44.pt,accuracy,0.0,15.2,361.22,frozen-checkpoint inference evaluation
P1,MK-NIAH,MK_NIAH_S032,44,checkpoints/phase4_1/cms_3lvl_seed_44.pt,target_prob,0.1368,15.2,361.22,frozen-checkpoint inference evaluation
P1,MK-NIAH,MK_NIAH_S033,44,checkpoints/phase4_1/cms_3lvl_seed_44.pt,accuracy,0.0,15.2,361.22,frozen-checkpoint inference evaluation
P1,MK-NIAH,MK_NIAH_S033,44,checkpoints/phase4_1/cms_3lvl_seed_44.pt,target_prob,0.2081,15.2,361.22,frozen-checkpoint inference evaluation
P1,MK-NIAH,MK_NIAH_S034,44,checkpoints/phase4_1/cms_3lvl_seed_44.pt,accuracy,0.0,15.2,361.22,frozen-checkpoint inference evaluation
P1,MK-NIAH,MK_NIAH_S034,44,checkpoints/phase4_1/cms_3lvl_seed_44.pt,target_prob,0.0649,15.2,361.22,frozen-checkpoint inference evaluation
P1,MK-NIAH,MK_NIAH_S035,44,checkpoints/phase4_1/cms_3lvl_seed_44.pt,accuracy,0.0,15.2,361.22,frozen-checkpoint inference evaluation
P1,MK-NIAH,MK_NIAH_S035,44,checkpoints/phase4_1/cms_3lvl_seed_44.pt,target_prob,0.0681,15.2,361.22,frozen-checkpoint inference evaluation
P1,MK-NIAH,MK_NIAH_S036,44,checkpoints/phase4_1/cms_3lvl_seed_44.pt,accuracy,0.0,15.2,361.22,frozen-checkpoint inference evaluation
P1,MK-NIAH,MK_NIAH_S036,44,checkpoints/phase4_1/cms_3lvl_seed_44.pt,target_prob,0.1832,15.2,361.22,frozen-checkpoint inference evaluation
P1,MK-NIAH,MK_NIAH_S037,44,checkpoints/phase4_1/cms_3lvl_seed_44.pt,accuracy,0.0,15.2,361.22,frozen-checkpoint inference evaluation
P1,MK-NIAH,MK_NIAH_S037,44,checkpoints/phase4_1/cms_3lvl_seed_44.pt,target_prob,0.2081,15.2,361.22,frozen-checkpoint inference evaluation
P1,MK-NIAH,MK_NIAH_S038,44,checkpoints/phase4_1/cms_3lvl_seed_44.pt,accuracy,0.0,15.2,361.22,frozen-checkpoint inference evaluation
P1,MK-NIAH,MK_NIAH_S038,44,checkpoints/phase4_1/cms_3lvl_seed_44.pt,target_prob,0.0521,15.2,361.22,frozen-checkpoint inference evaluation
P1,MK-NIAH,MK_NIAH_S039,44,checkpoints/phase4_1/cms_3lvl_seed_44.pt,accuracy,0.0,15.2,361.22,frozen-checkpoint inference evaluation
P1,MK-NIAH,MK_NIAH_S039,44,checkpoints/phase4_1/cms_3lvl_seed_44.pt,target_prob,0.049,15.2,361.22,frozen-checkpoint inference evaluation
P1,MK-NIAH,MK_NIAH_S040,44,checkpoints/phase4_1/cms_3lvl_seed_44.pt,accuracy,0.0,15.2,361.22,frozen-checkpoint inference evaluation
P1,MK-NIAH,MK_NIAH_S040,44,checkpoints/phase4_1/cms_3lvl_seed_44.pt,target_prob,0.0715,15.2,361.22,frozen-checkpoint inference evaluation
P1,MK-NIAH,MK_NIAH_S041,44,checkpoints/phase4_1/cms_3lvl_seed_44.pt,accuracy,0.0,15.2,361.22,frozen-checkpoint inference evaluation
P1,MK-NIAH,MK_NIAH_S041,44,checkpoints/phase4_1/cms_3lvl_seed_44.pt,target_prob,0.1086,15.2,361.22,frozen-checkpoint inference evaluation
P1,MK-NIAH,MK_NIAH_S042,44,checkpoints/phase4_1/cms_3lvl_seed_44.pt,accuracy,0.0,15.2,361.22,frozen-checkpoint inference evaluation
P1,MK-NIAH,MK_NIAH_S042,44,checkpoints/phase4_1/cms_3lvl_seed_44.pt,target_prob,0.0498,15.2,361.22,frozen-checkpoint inference evaluation
P1,MK-NIAH,MK_NIAH_S043,44,checkpoints/phase4_1/cms_3lvl_seed_44.pt,accuracy,0.0,15.2,361.22,frozen-checkpoint inference evaluation
P1,MK-NIAH,MK_NIAH_S043,44,checkpoints/phase4_1/cms_3lvl_seed_44.pt,target_prob,0.0555,15.2,361.22,frozen-checkpoint inference evaluation
P1,MK-NIAH,MK_NIAH_S044,44,checkpoints/phase4_1/cms_3lvl_seed_44.pt,accuracy,0.0,15.2,361.22,frozen-checkpoint inference evaluation
P1,MK-NIAH,MK_NIAH_S044,44,checkpoints/phase4_1/cms_3lvl_seed_44.pt,target_prob,0.0482,15.2,361.22,frozen-checkpoint inference evaluation
P1,MK-NIAH,MK_NIAH_S045,44,checkpoints/phase4_1/cms_3lvl_seed_44.pt,accuracy,0.0,15.2,361.22,frozen-checkpoint inference evaluation
P1,MK-NIAH,MK_NIAH_S045,44,checkpoints/phase4_1/cms_3lvl_seed_44.pt,target_prob,0.1716,15.2,361.22,frozen-checkpoint inference evaluation
P1,MK-NIAH,MK_NIAH_S046,44,checkpoints/phase4_1/cms_3lvl_seed_44.pt,accuracy,0.0,15.2,361.22,frozen-checkpoint inference evaluation
P1,MK-NIAH,MK_NIAH_S046,44,checkpoints/phase4_1/cms_3lvl_seed_44.pt,target_prob,0.0964,15.2,361.22,frozen-checkpoint inference evaluation
P1,MK-NIAH,MK_NIAH_S047,44,checkpoints/phase4_1/cms_3lvl_seed_44.pt,accuracy,0.0,15.2,361.22,frozen-checkpoint inference evaluation
P1,MK-NIAH,MK_NIAH_S047,44,checkpoints/phase4_1/cms_3lvl_seed_44.pt,target_prob,0.0747,15.2,361.22,frozen-checkpoint inference evaluation
P1,MK-NIAH,MK_NIAH_S048,44,checkpoints/phase4_1/cms_3lvl_seed_44.pt,accuracy,0.0,15.2,361.22,frozen-checkpoint inference evaluation
P1,MK-NIAH,MK_NIAH_S048,44,checkpoints/phase4_1/cms_3lvl_seed_44.pt,target_prob,0.1388,15.2,361.22,frozen-checkpoint inference evaluation
P1,MK-NIAH,MK_NIAH_S049,44,checkpoints/phase4_1/cms_3lvl_seed_44.pt,accuracy,0.0,15.2,361.22,frozen-checkpoint inference evaluation
P1,MK-NIAH,MK_NIAH_S049,44,checkpoints/phase4_1/cms_3lvl_seed_44.pt,target_prob,0.064,15.2,361.22,frozen-checkpoint inference evaluation
P1,MK-NIAH,MK_NIAH_S050,44,checkpoints/phase4_1/cms_3lvl_seed_44.pt,accuracy,0.0,15.2,361.22,frozen-checkpoint inference evaluation
P1,MK-NIAH,MK_NIAH_S050,44,checkpoints/phase4_1/cms_3lvl_seed_44.pt,target_prob,0.0506,15.2,361.22,frozen-checkpoint inference evaluation
P1,MK-NIAH,MK_NIAH_S051,44,checkpoints/phase4_1/cms_3lvl_seed_44.pt,accuracy,0.0,15.2,361.22,frozen-checkpoint inference evaluation
P1,MK-NIAH,MK_NIAH_S051,44,checkpoints/phase4_1/cms_3lvl_seed_44.pt,target_prob,0.0685,15.2,361.22,frozen-checkpoint inference evaluation
P1,MK-NIAH,MK_NIAH_S052,44,checkpoints/phase4_1/cms_3lvl_seed_44.pt,accuracy,0.0,15.2,361.22,frozen-checkpoint inference evaluation
P1,MK-NIAH,MK_NIAH_S052,44,checkpoints/phase4_1/cms_3lvl_seed_44.pt,target_prob,0.0734,15.2,361.22,frozen-checkpoint inference evaluation
P1,MK-NIAH,MK_NIAH_S053,44,checkpoints/phase4_1/cms_3lvl_seed_44.pt,accuracy,0.0,15.2,361.22,frozen-checkpoint inference evaluation
P1,MK-NIAH,MK_NIAH_S053,44,checkpoints/phase4_1/cms_3lvl_seed_44.pt,target_prob,0.0749,15.2,361.22,frozen-checkpoint inference evaluation
P1,MK-NIAH,MK_NIAH_S054,44,checkpoints/phase4_1/cms_3lvl_seed_44.pt,accuracy,0.0,15.2,361.22,frozen-checkpoint inference evaluation
P1,MK-NIAH,MK_NIAH_S054,44,checkpoints/phase4_1/cms_3lvl_seed_44.pt,target_prob,0.0693,15.2,361.22,frozen-checkpoint inference evaluation
P1,MK-NIAH,MK_NIAH_S055,44,checkpoints/phase4_1/cms_3lvl_seed_44.pt,accuracy,0.0,15.2,361.22,frozen-checkpoint inference evaluation
P1,MK-NIAH,MK_NIAH_S055,44,checkpoints/phase4_1/cms_3lvl_seed_44.pt,target_prob,0.0948,15.2,361.22,frozen-checkpoint inference evaluation
P1,MK-NIAH,MK_NIAH_S056,44,checkpoints/phase4_1/cms_3lvl_seed_44.pt,accuracy,0.0,15.2,361.22,frozen-checkpoint inference evaluation
P1,MK-NIAH,MK_NIAH_S056,44,checkpoints/phase4_1/cms_3lvl_seed_44.pt,target_prob,0.0723,15.2,361.22,frozen-checkpoint inference evaluation
P1,MK-NIAH,MK_NIAH_S057,44,checkpoints/phase4_1/cms_3lvl_seed_44.pt,accuracy,0.0,15.2,361.22,frozen-checkpoint inference evaluation
P1,MK-NIAH,MK_NIAH_S057,44,checkpoints/phase4_1/cms_3lvl_seed_44.pt,target_prob,0.0463,15.2,361.22,frozen-checkpoint inference evaluation
P1,MK-NIAH,MK_NIAH_S058,44,checkpoints/phase4_1/cms_3lvl_seed_44.pt,accuracy,0.0,15.2,361.22,frozen-checkpoint inference evaluation
P1,MK-NIAH,MK_NIAH_S058,44,checkpoints/phase4_1/cms_3lvl_seed_44.pt,target_prob,0.1964,15.2,361.22,frozen-checkpoint inference evaluation
P1,MK-NIAH,MK_NIAH_S059,44,checkpoints/phase4_1/cms_3lvl_seed_44.pt,accuracy,0.0,15.2,361.22,frozen-checkpoint inference evaluation
P1,MK-NIAH,MK_NIAH_S059,44,checkpoints/phase4_1/cms_3lvl_seed_44.pt,target_prob,0.0941,15.2,361.22,frozen-checkpoint inference evaluation
P1,MK-NIAH,MK_NIAH_S060,44,checkpoints/phase4_1/cms_3lvl_seed_44.pt,accuracy,0.0,15.2,361.22,frozen-checkpoint inference evaluation
P1,MK-NIAH,MK_NIAH_S060,44,checkpoints/phase4_1/cms_3lvl_seed_44.pt,target_prob,0.1196,15.2,361.22,frozen-checkpoint inference evaluation
P1,MK-NIAH,MK_NIAH_S061,44,checkpoints/phase4_1/cms_3lvl_seed_44.pt,accuracy,0.0,15.2,361.22,frozen-checkpoint inference evaluation
P1,MK-NIAH,MK_NIAH_S061,44,checkpoints/phase4_1/cms_3lvl_seed_44.pt,target_prob,0.0583,15.2,361.22,frozen-checkpoint inference evaluation
P1,MK-NIAH,MK_NIAH_S062,44,checkpoints/phase4_1/cms_3lvl_seed_44.pt,accuracy,0.0,15.2,361.22,frozen-checkpoint inference evaluation
P1,MK-NIAH,MK_NIAH_S062,44,checkpoints/phase4_1/cms_3lvl_seed_44.pt,target_prob,0.0891,15.2,361.22,frozen-checkpoint inference evaluation
P1,MK-NIAH,MK_NIAH_S063,44,checkpoints/phase4_1/cms_3lvl_seed_44.pt,accuracy,0.0,15.2,361.22,frozen-checkpoint inference evaluation
P1,MK-NIAH,MK_NIAH_S063,44,checkpoints/phase4_1/cms_3lvl_seed_44.pt,target_prob,0.0895,15.2,361.22,frozen-checkpoint inference evaluation
P1,MK-NIAH,MK_NIAH_S064,44,checkpoints/phase4_1/cms_3lvl_seed_44.pt,accuracy,0.0,15.2,361.22,frozen-checkpoint inference evaluation
P1,MK-NIAH,MK_NIAH_S064,44,checkpoints/phase4_1/cms_3lvl_seed_44.pt,target_prob,0.176,15.2,361.22,frozen-checkpoint inference evaluation
P1,MK-NIAH,MK_NIAH_S065,44,checkpoints/phase4_1/cms_3lvl_seed_44.pt,accuracy,0.0,15.2,361.22,frozen-checkpoint inference evaluation
P1,MK-NIAH,MK_NIAH_S065,44,checkpoints/phase4_1/cms_3lvl_seed_44.pt,target_prob,0.2021,15.2,361.22,frozen-checkpoint inference evaluation
P1,MK-NIAH,MK_NIAH_S066,44,checkpoints/phase4_1/cms_3lvl_seed_44.pt,accuracy,0.0,15.2,361.22,frozen-checkpoint inference evaluation
P1,MK-NIAH,MK_NIAH_S066,44,checkpoints/phase4_1/cms_3lvl_seed_44.pt,target_prob,0.0761,15.2,361.22,frozen-checkpoint inference evaluation
P1,MK-NIAH,MK_NIAH_S067,44,checkpoints/phase4_1/cms_3lvl_seed_44.pt,accuracy,0.0,15.2,361.22,frozen-checkpoint inference evaluation
P1,MK-NIAH,MK_NIAH_S067,44,checkpoints/phase4_1/cms_3lvl_seed_44.pt,target_prob,0.1843,15.2,361.22,frozen-checkpoint inference evaluation
P1,MK-NIAH,MK_NIAH_S068,44,checkpoints/phase4_1/cms_3lvl_seed_44.pt,accuracy,0.0,15.2,361.22,frozen-checkpoint inference evaluation
P1,MK-NIAH,MK_NIAH_S068,44,checkpoints/phase4_1/cms_3lvl_seed_44.pt,target_prob,0.1852,15.2,361.22,frozen-checkpoint inference evaluation
P1,MK-NIAH,MK_NIAH_S069,44,checkpoints/phase4_1/cms_3lvl_seed_44.pt,accuracy,0.0,15.2,361.22,frozen-checkpoint inference evaluation
P1,MK-NIAH,MK_NIAH_S069,44,checkpoints/phase4_1/cms_3lvl_seed_44.pt,target_prob,0.0975,15.2,361.22,frozen-checkpoint inference evaluation
P1,MK-NIAH,MK_NIAH_S070,44,checkpoints/phase4_1/cms_3lvl_seed_44.pt,accuracy,0.0,15.2,361.22,frozen-checkpoint inference evaluation
P1,MK-NIAH,MK_NIAH_S070,44,checkpoints/phase4_1/cms_3lvl_seed_44.pt,target_prob,0.2039,15.2,361.22,frozen-checkpoint inference evaluation
P1,MK-NIAH,MK_NIAH_S071,44,checkpoints/phase4_1/cms_3lvl_seed_44.pt,accuracy,0.0,15.2,361.22,frozen-checkpoint inference evaluation
P1,MK-NIAH,MK_NIAH_S071,44,checkpoints/phase4_1/cms_3lvl_seed_44.pt,target_prob,0.0685,15.2,361.22,frozen-checkpoint inference evaluation
P1,MK-NIAH,MK_NIAH_S072,44,checkpoints/phase4_1/cms_3lvl_seed_44.pt,accuracy,0.0,15.2,361.22,frozen-checkpoint inference evaluation
P1,MK-NIAH,MK_NIAH_S072,44,checkpoints/phase4_1/cms_3lvl_seed_44.pt,target_prob,0.2076,15.2,361.22,frozen-checkpoint inference evaluation
P1,MK-NIAH,MK_NIAH_S073,44,checkpoints/phase4_1/cms_3lvl_seed_44.pt,accuracy,0.0,15.2,361.22,frozen-checkpoint inference evaluation
P1,MK-NIAH,MK_NIAH_S073,44,checkpoints/phase4_1/cms_3lvl_seed_44.pt,target_prob,0.1731,15.2,361.22,frozen-checkpoint inference evaluation
P1,MK-NIAH,MK_NIAH_S074,44,checkpoints/phase4_1/cms_3lvl_seed_44.pt,accuracy,0.0,15.2,361.22,frozen-checkpoint inference evaluation
P1,MK-NIAH,MK_NIAH_S074,44,checkpoints/phase4_1/cms_3lvl_seed_44.pt,target_prob,0.1704,15.2,361.22,frozen-checkpoint inference evaluation
P1,MK-NIAH,MK_NIAH_S075,44,checkpoints/phase4_1/cms_3lvl_seed_44.pt,accuracy,0.0,15.2,361.22,frozen-checkpoint inference evaluation
P1,MK-NIAH,MK_NIAH_S075,44,checkpoints/phase4_1/cms_3lvl_seed_44.pt,target_prob,0.1797,15.2,361.22,frozen-checkpoint inference evaluation
P1,MK-NIAH,MK_NIAH_S076,44,checkpoints/phase4_1/cms_3lvl_seed_44.pt,accuracy,0.0,15.2,361.22,frozen-checkpoint inference evaluation
P1,MK-NIAH,MK_NIAH_S076,44,checkpoints/phase4_1/cms_3lvl_seed_44.pt,target_prob,0.0996,15.2,361.22,frozen-checkpoint inference evaluation
P1,MK-NIAH,MK_NIAH_S077,44,checkpoints/phase4_1/cms_3lvl_seed_44.pt,accuracy,0.0,15.2,361.22,frozen-checkpoint inference evaluation
P1,MK-NIAH,MK_NIAH_S077,44,checkpoints/phase4_1/cms_3lvl_seed_44.pt,target_prob,0.1362,15.2,361.22,frozen-checkpoint inference evaluation
P1,MK-NIAH,MK_NIAH_S078,44,checkpoints/phase4_1/cms_3lvl_seed_44.pt,accuracy,0.0,15.2,361.22,frozen-checkpoint inference evaluation
P1,MK-NIAH,MK_NIAH_S078,44,checkpoints/phase4_1/cms_3lvl_seed_44.pt,target_prob,0.2092,15.2,361.22,frozen-checkpoint inference evaluation
P1,MK-NIAH,MK_NIAH_S079,44,checkpoints/phase4_1/cms_3lvl_seed_44.pt,accuracy,0.0,15.2,361.22,frozen-checkpoint inference evaluation
P1,MK-NIAH,MK_NIAH_S079,44,checkpoints/phase4_1/cms_3lvl_seed_44.pt,target_prob,0.0634,15.2,361.22,frozen-checkpoint inference evaluation
P1,MK-NIAH,MK_NIAH_S080,44,checkpoints/phase4_1/cms_3lvl_seed_44.pt,accuracy,0.0,15.2,361.22,frozen-checkpoint inference evaluation
P1,MK-NIAH,MK_NIAH_S080,44,checkpoints/phase4_1/cms_3lvl_seed_44.pt,target_prob,0.0874,15.2,361.22,frozen-checkpoint inference evaluation
P1,MK-NIAH,MK_NIAH_S081,44,checkpoints/phase4_1/cms_3lvl_seed_44.pt,accuracy,0.0,15.2,361.22,frozen-checkpoint inference evaluation
P1,MK-NIAH,MK_NIAH_S081,44,checkpoints/phase4_1/cms_3lvl_seed_44.pt,target_prob,0.2024,15.2,361.22,frozen-checkpoint inference evaluation
P1,MK-NIAH,MK_NIAH_S082,44,checkpoints/phase4_1/cms_3lvl_seed_44.pt,accuracy,0.0,15.2,361.22,frozen-checkpoint inference evaluation
P1,MK-NIAH,MK_NIAH_S082,44,checkpoints/phase4_1/cms_3lvl_seed_44.pt,target_prob,0.0645,15.2,361.22,frozen-checkpoint inference evaluation
P1,MK-NIAH,MK_NIAH_S083,44,checkpoints/phase4_1/cms_3lvl_seed_44.pt,accuracy,0.0,15.2,361.22,frozen-checkpoint inference evaluation
P1,MK-NIAH,MK_NIAH_S083,44,checkpoints/phase4_1/cms_3lvl_seed_44.pt,target_prob,0.0492,15.2,361.22,frozen-checkpoint inference evaluation
P1,MK-NIAH,MK_NIAH_S084,44,checkpoints/phase4_1/cms_3lvl_seed_44.pt,accuracy,0.0,15.2,361.22,frozen-checkpoint inference evaluation
P1,MK-NIAH,MK_NIAH_S084,44,checkpoints/phase4_1/cms_3lvl_seed_44.pt,target_prob,0.0892,15.2,361.22,frozen-checkpoint inference evaluation
P1,MK-NIAH,MK_NIAH_S085,44,checkpoints/phase4_1/cms_3lvl_seed_44.pt,accuracy,0.0,15.2,361.22,frozen-checkpoint inference evaluation
P1,MK-NIAH,MK_NIAH_S085,44,checkpoints/phase4_1/cms_3lvl_seed_44.pt,target_prob,0.1102,15.2,361.22,frozen-checkpoint inference evaluation
P1,MK-NIAH,MK_NIAH_S086,44,checkpoints/phase4_1/cms_3lvl_seed_44.pt,accuracy,0.0,15.2,361.22,frozen-checkpoint inference evaluation
P1,MK-NIAH,MK_NIAH_S086,44,checkpoints/phase4_1/cms_3lvl_seed_44.pt,target_prob,0.0685,15.2,361.22,frozen-checkpoint inference evaluation
P1,MK-NIAH,MK_NIAH_S087,44,checkpoints/phase4_1/cms_3lvl_seed_44.pt,accuracy,0.0,15.2,361.22,frozen-checkpoint inference evaluation
P1,MK-NIAH,MK_NIAH_S087,44,checkpoints/phase4_1/cms_3lvl_seed_44.pt,target_prob,0.173,15.2,361.22,frozen-checkpoint inference evaluation
P1,MK-NIAH,MK_NIAH_S088,44,checkpoints/phase4_1/cms_3lvl_seed_44.pt,accuracy,0.0,15.2,361.22,frozen-checkpoint inference evaluation
P1,MK-NIAH,MK_NIAH_S088,44,checkpoints/phase4_1/cms_3lvl_seed_44.pt,target_prob,0.0476,15.2,361.22,frozen-checkpoint inference evaluation
P1,MK-NIAH,MK_NIAH_S089,44,checkpoints/phase4_1/cms_3lvl_seed_44.pt,accuracy,0.0,15.2,361.22,frozen-checkpoint inference evaluation
P1,MK-NIAH,MK_NIAH_S089,44,checkpoints/phase4_1/cms_3lvl_seed_44.pt,target_prob,0.1787,15.2,361.22,frozen-checkpoint inference evaluation
P1,MK-NIAH,MK_NIAH_S090,44,checkpoints/phase4_1/cms_3lvl_seed_44.pt,accuracy,0.0,15.2,361.22,frozen-checkpoint inference evaluation
P1,MK-NIAH,MK_NIAH_S090,44,checkpoints/phase4_1/cms_3lvl_seed_44.pt,target_prob,0.098,15.2,361.22,frozen-checkpoint inference evaluation
P1,MK-NIAH,MK_NIAH_S091,44,checkpoints/phase4_1/cms_3lvl_seed_44.pt,accuracy,0.0,15.2,361.22,frozen-checkpoint inference evaluation
P1,MK-NIAH,MK_NIAH_S091,44,checkpoints/phase4_1/cms_3lvl_seed_44.pt,target_prob,0.0861,15.2,361.22,frozen-checkpoint inference evaluation
P1,MK-NIAH,MK_NIAH_S092,44,checkpoints/phase4_1/cms_3lvl_seed_44.pt,accuracy,0.0,15.2,361.22,frozen-checkpoint inference evaluation
P1,MK-NIAH,MK_NIAH_S092,44,checkpoints/phase4_1/cms_3lvl_seed_44.pt,target_prob,0.0694,15.2,361.22,frozen-checkpoint inference evaluation
P1,MK-NIAH,MK_NIAH_S093,44,checkpoints/phase4_1/cms_3lvl_seed_44.pt,accuracy,0.0,15.2,361.22,frozen-checkpoint inference evaluation
P1,MK-NIAH,MK_NIAH_S093,44,checkpoints/phase4_1/cms_3lvl_seed_44.pt,target_prob,0.077,15.2,361.22,frozen-checkpoint inference evaluation
P1,MK-NIAH,MK_NIAH_S094,44,checkpoints/phase4_1/cms_3lvl_seed_44.pt,accuracy,0.0,15.2,361.22,frozen-checkpoint inference evaluation
P1,MK-NIAH,MK_NIAH_S094,44,checkpoints/phase4_1/cms_3lvl_seed_44.pt,target_prob,0.0555,15.2,361.22,frozen-checkpoint inference evaluation
P1,MK-NIAH,MK_NIAH_S095,44,checkpoints/phase4_1/cms_3lvl_seed_44.pt,accuracy,0.0,15.2,361.22,frozen-checkpoint inference evaluation
P1,MK-NIAH,MK_NIAH_S095,44,checkpoints/phase4_1/cms_3lvl_seed_44.pt,target_prob,0.0552,15.2,361.22,frozen-checkpoint inference evaluation
P1,MK-NIAH,MK_NIAH_S096,44,checkpoints/phase4_1/cms_3lvl_seed_44.pt,accuracy,0.0,15.2,361.22,frozen-checkpoint inference evaluation
P1,MK-NIAH,MK_NIAH_S096,44,checkpoints/phase4_1/cms_3lvl_seed_44.pt,target_prob,0.181,15.2,361.22,frozen-checkpoint inference evaluation
P1,MK-NIAH,MK_NIAH_S097,44,checkpoints/phase4_1/cms_3lvl_seed_44.pt,accuracy,0.0,15.2,361.22,frozen-checkpoint inference evaluation
P1,MK-NIAH,MK_NIAH_S097,44,checkpoints/phase4_1/cms_3lvl_seed_44.pt,target_prob,0.0555,15.2,361.22,frozen-checkpoint inference evaluation
P1,MK-NIAH,MK_NIAH_S098,44,checkpoints/phase4_1/cms_3lvl_seed_44.pt,accuracy,0.0,15.2,361.22,frozen-checkpoint inference evaluation
P1,MK-NIAH,MK_NIAH_S098,44,checkpoints/phase4_1/cms_3lvl_seed_44.pt,target_prob,0.1865,15.2,361.22,frozen-checkpoint inference evaluation
P1,MK-NIAH,MK_NIAH_S099,44,checkpoints/phase4_1/cms_3lvl_seed_44.pt,accuracy,0.0,15.2,361.22,frozen-checkpoint inference evaluation
P1,MK-NIAH,MK_NIAH_S099,44,checkpoints/phase4_1/cms_3lvl_seed_44.pt,target_prob,0.1378,15.2,361.22,frozen-checkpoint inference evaluation
B1,QASPER,QASPER_DOC_00,44,None (frozen backbone),token_f1,0.0,48.5,294.94,frozen-checkpoint inference evaluation
B1,QASPER,QASPER_DOC_00,44,None (frozen backbone),target_prob,0.7876,48.5,294.94,frozen-checkpoint inference evaluation
B1,QASPER,QASPER_DOC_00,44,None (frozen backbone),perplexity,0.0,48.5,294.94,frozen-checkpoint inference evaluation
B1,QASPER,QASPER_DOC_01,44,None (frozen backbone),token_f1,0.0,48.5,294.94,frozen-checkpoint inference evaluation
B1,QASPER,QASPER_DOC_01,44,None (frozen backbone),target_prob,0.3552,48.5,294.94,frozen-checkpoint inference evaluation
B1,QASPER,QASPER_DOC_01,44,None (frozen backbone),perplexity,0.0,48.5,294.94,frozen-checkpoint inference evaluation
B1,QASPER,QASPER_DOC_02,44,None (frozen backbone),token_f1,0.0,48.5,294.94,frozen-checkpoint inference evaluation
B1,QASPER,QASPER_DOC_02,44,None (frozen backbone),target_prob,0.0004,48.5,294.94,frozen-checkpoint inference evaluation
B1,QASPER,QASPER_DOC_02,44,None (frozen backbone),perplexity,0.0,48.5,294.94,frozen-checkpoint inference evaluation
B1,QASPER,QASPER_DOC_03,44,None (frozen backbone),token_f1,0.0,48.5,294.94,frozen-checkpoint inference evaluation
B1,QASPER,QASPER_DOC_03,44,None (frozen backbone),target_prob,0.0138,48.5,294.94,frozen-checkpoint inference evaluation
B1,QASPER,QASPER_DOC_03,44,None (frozen backbone),perplexity,0.0,48.5,294.94,frozen-checkpoint inference evaluation
B1,QASPER,QASPER_DOC_04,44,None (frozen backbone),token_f1,0.0,48.5,294.94,frozen-checkpoint inference evaluation
B1,QASPER,QASPER_DOC_04,44,None (frozen backbone),target_prob,0.005,48.5,294.94,frozen-checkpoint inference evaluation
B1,QASPER,QASPER_DOC_04,44,None (frozen backbone),perplexity,0.0,48.5,294.94,frozen-checkpoint inference evaluation
B1,QASPER,QASPER_DOC_05,44,None (frozen backbone),token_f1,0.0,48.5,294.94,frozen-checkpoint inference evaluation
B1,QASPER,QASPER_DOC_05,44,None (frozen backbone),target_prob,0.7485,48.5,294.94,frozen-checkpoint inference evaluation
B1,QASPER,QASPER_DOC_05,44,None (frozen backbone),perplexity,0.0,48.5,294.94,frozen-checkpoint inference evaluation
B1,QASPER,QASPER_DOC_06,44,None (frozen backbone),token_f1,0.0,48.5,294.94,frozen-checkpoint inference evaluation
B1,QASPER,QASPER_DOC_06,44,None (frozen backbone),target_prob,0.0142,48.5,294.94,frozen-checkpoint inference evaluation
B1,QASPER,QASPER_DOC_06,44,None (frozen backbone),perplexity,0.0,48.5,294.94,frozen-checkpoint inference evaluation
B1,QASPER,QASPER_DOC_07,44,None (frozen backbone),token_f1,0.0,48.5,294.94,frozen-checkpoint inference evaluation
B1,QASPER,QASPER_DOC_07,44,None (frozen backbone),target_prob,0.0,48.5,294.94,frozen-checkpoint inference evaluation
B1,QASPER,QASPER_DOC_07,44,None (frozen backbone),perplexity,0.0,48.5,294.94,frozen-checkpoint inference evaluation
B1,QASPER,QASPER_DOC_08,44,None (frozen backbone),token_f1,0.0,48.5,294.94,frozen-checkpoint inference evaluation
B1,QASPER,QASPER_DOC_08,44,None (frozen backbone),target_prob,0.0017,48.5,294.94,frozen-checkpoint inference evaluation
B1,QASPER,QASPER_DOC_08,44,None (frozen backbone),perplexity,0.0,48.5,294.94,frozen-checkpoint inference evaluation
B1,QASPER,QASPER_DOC_09,44,None (frozen backbone),token_f1,0.0,48.5,294.94,frozen-checkpoint inference evaluation
B1,QASPER,QASPER_DOC_09,44,None (frozen backbone),target_prob,0.0012,48.5,294.94,frozen-checkpoint inference evaluation
B1,QASPER,QASPER_DOC_09,44,None (frozen backbone),perplexity,0.0,48.5,294.94,frozen-checkpoint inference evaluation
B4,QASPER,QASPER_DOC_00,44,checkpoints/phase4_1/cms_1lvl_seed_44.pt,token_f1,0.0,48.5,328.78,frozen-checkpoint inference evaluation
B4,QASPER,QASPER_DOC_00,44,checkpoints/phase4_1/cms_1lvl_seed_44.pt,target_prob,0.5181,48.5,328.78,frozen-checkpoint inference evaluation
B4,QASPER,QASPER_DOC_00,44,checkpoints/phase4_1/cms_1lvl_seed_44.pt,perplexity,0.0,48.5,328.78,frozen-checkpoint inference evaluation
B4,QASPER,QASPER_DOC_01,44,checkpoints/phase4_1/cms_1lvl_seed_44.pt,token_f1,0.0,48.5,328.78,frozen-checkpoint inference evaluation
B4,QASPER,QASPER_DOC_01,44,checkpoints/phase4_1/cms_1lvl_seed_44.pt,target_prob,0.2081,48.5,328.78,frozen-checkpoint inference evaluation
B4,QASPER,QASPER_DOC_01,44,checkpoints/phase4_1/cms_1lvl_seed_44.pt,perplexity,0.0,48.5,328.78,frozen-checkpoint inference evaluation
B4,QASPER,QASPER_DOC_02,44,checkpoints/phase4_1/cms_1lvl_seed_44.pt,token_f1,0.0,48.5,328.78,frozen-checkpoint inference evaluation
B4,QASPER,QASPER_DOC_02,44,checkpoints/phase4_1/cms_1lvl_seed_44.pt,target_prob,0.0,48.5,328.78,frozen-checkpoint inference evaluation
B4,QASPER,QASPER_DOC_02,44,checkpoints/phase4_1/cms_1lvl_seed_44.pt,perplexity,0.0,48.5,328.78,frozen-checkpoint inference evaluation
B4,QASPER,QASPER_DOC_03,44,checkpoints/phase4_1/cms_1lvl_seed_44.pt,token_f1,0.0,48.5,328.78,frozen-checkpoint inference evaluation
B4,QASPER,QASPER_DOC_03,44,checkpoints/phase4_1/cms_1lvl_seed_44.pt,target_prob,0.0362,48.5,328.78,frozen-checkpoint inference evaluation
B4,QASPER,QASPER_DOC_03,44,checkpoints/phase4_1/cms_1lvl_seed_44.pt,perplexity,0.0,48.5,328.78,frozen-checkpoint inference evaluation
B4,QASPER,QASPER_DOC_04,44,checkpoints/phase4_1/cms_1lvl_seed_44.pt,token_f1,0.0,48.5,328.78,frozen-checkpoint inference evaluation
B4,QASPER,QASPER_DOC_04,44,checkpoints/phase4_1/cms_1lvl_seed_44.pt,target_prob,0.0328,48.5,328.78,frozen-checkpoint inference evaluation
B4,QASPER,QASPER_DOC_04,44,checkpoints/phase4_1/cms_1lvl_seed_44.pt,perplexity,0.0,48.5,328.78,frozen-checkpoint inference evaluation
B4,QASPER,QASPER_DOC_05,44,checkpoints/phase4_1/cms_1lvl_seed_44.pt,token_f1,0.0,48.5,328.78,frozen-checkpoint inference evaluation
B4,QASPER,QASPER_DOC_05,44,checkpoints/phase4_1/cms_1lvl_seed_44.pt,target_prob,0.7832,48.5,328.78,frozen-checkpoint inference evaluation
B4,QASPER,QASPER_DOC_05,44,checkpoints/phase4_1/cms_1lvl_seed_44.pt,perplexity,0.0,48.5,328.78,frozen-checkpoint inference evaluation
B4,QASPER,QASPER_DOC_06,44,checkpoints/phase4_1/cms_1lvl_seed_44.pt,token_f1,0.0,48.5,328.78,frozen-checkpoint inference evaluation
B4,QASPER,QASPER_DOC_06,44,checkpoints/phase4_1/cms_1lvl_seed_44.pt,target_prob,0.0521,48.5,328.78,frozen-checkpoint inference evaluation
B4,QASPER,QASPER_DOC_06,44,checkpoints/phase4_1/cms_1lvl_seed_44.pt,perplexity,0.0,48.5,328.78,frozen-checkpoint inference evaluation
B4,QASPER,QASPER_DOC_07,44,checkpoints/phase4_1/cms_1lvl_seed_44.pt,token_f1,0.0,48.5,328.78,frozen-checkpoint inference evaluation
B4,QASPER,QASPER_DOC_07,44,checkpoints/phase4_1/cms_1lvl_seed_44.pt,target_prob,0.0,48.5,328.78,frozen-checkpoint inference evaluation
B4,QASPER,QASPER_DOC_07,44,checkpoints/phase4_1/cms_1lvl_seed_44.pt,perplexity,0.0,48.5,328.78,frozen-checkpoint inference evaluation
B4,QASPER,QASPER_DOC_08,44,checkpoints/phase4_1/cms_1lvl_seed_44.pt,token_f1,0.0,48.5,328.78,frozen-checkpoint inference evaluation
B4,QASPER,QASPER_DOC_08,44,checkpoints/phase4_1/cms_1lvl_seed_44.pt,target_prob,0.0061,48.5,328.78,frozen-checkpoint inference evaluation
B4,QASPER,QASPER_DOC_08,44,checkpoints/phase4_1/cms_1lvl_seed_44.pt,perplexity,0.0,48.5,328.78,frozen-checkpoint inference evaluation
B4,QASPER,QASPER_DOC_09,44,checkpoints/phase4_1/cms_1lvl_seed_44.pt,token_f1,0.0,48.5,328.78,frozen-checkpoint inference evaluation
B4,QASPER,QASPER_DOC_09,44,checkpoints/phase4_1/cms_1lvl_seed_44.pt,target_prob,0.0,48.5,328.78,frozen-checkpoint inference evaluation
B4,QASPER,QASPER_DOC_09,44,checkpoints/phase4_1/cms_1lvl_seed_44.pt,perplexity,0.0,48.5,328.78,frozen-checkpoint inference evaluation
B5,QASPER,QASPER_DOC_00,44,checkpoints/phase4_1/cms_3lvl_seed_44.pt,token_f1,0.0,48.5,361.22,frozen-checkpoint inference evaluation
B5,QASPER,QASPER_DOC_00,44,checkpoints/phase4_1/cms_3lvl_seed_44.pt,target_prob,0.6646,48.5,361.22,frozen-checkpoint inference evaluation
B5,QASPER,QASPER_DOC_00,44,checkpoints/phase4_1/cms_3lvl_seed_44.pt,perplexity,0.0,48.5,361.22,frozen-checkpoint inference evaluation
B5,QASPER,QASPER_DOC_01,44,checkpoints/phase4_1/cms_3lvl_seed_44.pt,token_f1,0.0,48.5,361.22,frozen-checkpoint inference evaluation
B5,QASPER,QASPER_DOC_01,44,checkpoints/phase4_1/cms_3lvl_seed_44.pt,target_prob,0.1998,48.5,361.22,frozen-checkpoint inference evaluation
B5,QASPER,QASPER_DOC_01,44,checkpoints/phase4_1/cms_3lvl_seed_44.pt,perplexity,0.0,48.5,361.22,frozen-checkpoint inference evaluation
B5,QASPER,QASPER_DOC_02,44,checkpoints/phase4_1/cms_3lvl_seed_44.pt,token_f1,0.0,48.5,361.22,frozen-checkpoint inference evaluation
B5,QASPER,QASPER_DOC_02,44,checkpoints/phase4_1/cms_3lvl_seed_44.pt,target_prob,0.0,48.5,361.22,frozen-checkpoint inference evaluation
B5,QASPER,QASPER_DOC_02,44,checkpoints/phase4_1/cms_3lvl_seed_44.pt,perplexity,0.0,48.5,361.22,frozen-checkpoint inference evaluation
B5,QASPER,QASPER_DOC_03,44,checkpoints/phase4_1/cms_3lvl_seed_44.pt,token_f1,0.0,48.5,361.22,frozen-checkpoint inference evaluation
B5,QASPER,QASPER_DOC_03,44,checkpoints/phase4_1/cms_3lvl_seed_44.pt,target_prob,0.0154,48.5,361.22,frozen-checkpoint inference evaluation
B5,QASPER,QASPER_DOC_03,44,checkpoints/phase4_1/cms_3lvl_seed_44.pt,perplexity,0.0,48.5,361.22,frozen-checkpoint inference evaluation
B5,QASPER,QASPER_DOC_04,44,checkpoints/phase4_1/cms_3lvl_seed_44.pt,token_f1,0.0,48.5,361.22,frozen-checkpoint inference evaluation
B5,QASPER,QASPER_DOC_04,44,checkpoints/phase4_1/cms_3lvl_seed_44.pt,target_prob,0.0128,48.5,361.22,frozen-checkpoint inference evaluation
B5,QASPER,QASPER_DOC_04,44,checkpoints/phase4_1/cms_3lvl_seed_44.pt,perplexity,0.0,48.5,361.22,frozen-checkpoint inference evaluation
B5,QASPER,QASPER_DOC_05,44,checkpoints/phase4_1/cms_3lvl_seed_44.pt,token_f1,0.0,48.5,361.22,frozen-checkpoint inference evaluation
B5,QASPER,QASPER_DOC_05,44,checkpoints/phase4_1/cms_3lvl_seed_44.pt,target_prob,0.5752,48.5,361.22,frozen-checkpoint inference evaluation
B5,QASPER,QASPER_DOC_05,44,checkpoints/phase4_1/cms_3lvl_seed_44.pt,perplexity,0.0,48.5,361.22,frozen-checkpoint inference evaluation
B5,QASPER,QASPER_DOC_06,44,checkpoints/phase4_1/cms_3lvl_seed_44.pt,token_f1,0.0,48.5,361.22,frozen-checkpoint inference evaluation
B5,QASPER,QASPER_DOC_06,44,checkpoints/phase4_1/cms_3lvl_seed_44.pt,target_prob,0.0042,48.5,361.22,frozen-checkpoint inference evaluation
B5,QASPER,QASPER_DOC_06,44,checkpoints/phase4_1/cms_3lvl_seed_44.pt,perplexity,0.0,48.5,361.22,frozen-checkpoint inference evaluation
B5,QASPER,QASPER_DOC_07,44,checkpoints/phase4_1/cms_3lvl_seed_44.pt,token_f1,0.0,48.5,361.22,frozen-checkpoint inference evaluation
B5,QASPER,QASPER_DOC_07,44,checkpoints/phase4_1/cms_3lvl_seed_44.pt,target_prob,0.0,48.5,361.22,frozen-checkpoint inference evaluation
B5,QASPER,QASPER_DOC_07,44,checkpoints/phase4_1/cms_3lvl_seed_44.pt,perplexity,0.0,48.5,361.22,frozen-checkpoint inference evaluation
B5,QASPER,QASPER_DOC_08,44,checkpoints/phase4_1/cms_3lvl_seed_44.pt,token_f1,0.0,48.5,361.22,frozen-checkpoint inference evaluation
B5,QASPER,QASPER_DOC_08,44,checkpoints/phase4_1/cms_3lvl_seed_44.pt,target_prob,0.0071,48.5,361.22,frozen-checkpoint inference evaluation
B5,QASPER,QASPER_DOC_08,44,checkpoints/phase4_1/cms_3lvl_seed_44.pt,perplexity,0.0,48.5,361.22,frozen-checkpoint inference evaluation
B5,QASPER,QASPER_DOC_09,44,checkpoints/phase4_1/cms_3lvl_seed_44.pt,token_f1,0.0,48.5,361.22,frozen-checkpoint inference evaluation
B5,QASPER,QASPER_DOC_09,44,checkpoints/phase4_1/cms_3lvl_seed_44.pt,target_prob,0.0,48.5,361.22,frozen-checkpoint inference evaluation
B5,QASPER,QASPER_DOC_09,44,checkpoints/phase4_1/cms_3lvl_seed_44.pt,perplexity,0.0,48.5,361.22,frozen-checkpoint inference evaluation
P1,QASPER,QASPER_DOC_00,44,checkpoints/phase4_1/cms_3lvl_seed_44.pt,token_f1,0.0,48.5,361.22,frozen-checkpoint inference evaluation
P1,QASPER,QASPER_DOC_00,44,checkpoints/phase4_1/cms_3lvl_seed_44.pt,target_prob,0.1544,48.5,361.22,frozen-checkpoint inference evaluation
P1,QASPER,QASPER_DOC_00,44,checkpoints/phase4_1/cms_3lvl_seed_44.pt,perplexity,0.0,48.5,361.22,frozen-checkpoint inference evaluation
P1,QASPER,QASPER_DOC_01,44,checkpoints/phase4_1/cms_3lvl_seed_44.pt,token_f1,0.0,48.5,361.22,frozen-checkpoint inference evaluation
P1,QASPER,QASPER_DOC_01,44,checkpoints/phase4_1/cms_3lvl_seed_44.pt,target_prob,0.0277,48.5,361.22,frozen-checkpoint inference evaluation
P1,QASPER,QASPER_DOC_01,44,checkpoints/phase4_1/cms_3lvl_seed_44.pt,perplexity,0.0,48.5,361.22,frozen-checkpoint inference evaluation
P1,QASPER,QASPER_DOC_02,44,checkpoints/phase4_1/cms_3lvl_seed_44.pt,token_f1,0.0,48.5,361.22,frozen-checkpoint inference evaluation
P1,QASPER,QASPER_DOC_02,44,checkpoints/phase4_1/cms_3lvl_seed_44.pt,target_prob,0.0,48.5,361.22,frozen-checkpoint inference evaluation
P1,QASPER,QASPER_DOC_02,44,checkpoints/phase4_1/cms_3lvl_seed_44.pt,perplexity,0.0,48.5,361.22,frozen-checkpoint inference evaluation
P1,QASPER,QASPER_DOC_03,44,checkpoints/phase4_1/cms_3lvl_seed_44.pt,token_f1,0.0,48.5,361.22,frozen-checkpoint inference evaluation
P1,QASPER,QASPER_DOC_03,44,checkpoints/phase4_1/cms_3lvl_seed_44.pt,target_prob,0.0201,48.5,361.22,frozen-checkpoint inference evaluation
P1,QASPER,QASPER_DOC_03,44,checkpoints/phase4_1/cms_3lvl_seed_44.pt,perplexity,0.0,48.5,361.22,frozen-checkpoint inference evaluation
P1,QASPER,QASPER_DOC_04,44,checkpoints/phase4_1/cms_3lvl_seed_44.pt,token_f1,0.0,48.5,361.22,frozen-checkpoint inference evaluation
P1,QASPER,QASPER_DOC_04,44,checkpoints/phase4_1/cms_3lvl_seed_44.pt,target_prob,0.025,48.5,361.22,frozen-checkpoint inference evaluation
P1,QASPER,QASPER_DOC_04,44,checkpoints/phase4_1/cms_3lvl_seed_44.pt,perplexity,0.0,48.5,361.22,frozen-checkpoint inference evaluation
P1,QASPER,QASPER_DOC_05,44,checkpoints/phase4_1/cms_3lvl_seed_44.pt,token_f1,0.0,48.5,361.22,frozen-checkpoint inference evaluation
P1,QASPER,QASPER_DOC_05,44,checkpoints/phase4_1/cms_3lvl_seed_44.pt,target_prob,0.7271,48.5,361.22,frozen-checkpoint inference evaluation
P1,QASPER,QASPER_DOC_05,44,checkpoints/phase4_1/cms_3lvl_seed_44.pt,perplexity,0.0,48.5,361.22,frozen-checkpoint inference evaluation
P1,QASPER,QASPER_DOC_06,44,checkpoints/phase4_1/cms_3lvl_seed_44.pt,token_f1,0.0,48.5,361.22,frozen-checkpoint inference evaluation
P1,QASPER,QASPER_DOC_06,44,checkpoints/phase4_1/cms_3lvl_seed_44.pt,target_prob,0.0382,48.5,361.22,frozen-checkpoint inference evaluation
P1,QASPER,QASPER_DOC_06,44,checkpoints/phase4_1/cms_3lvl_seed_44.pt,perplexity,0.0,48.5,361.22,frozen-checkpoint inference evaluation
P1,QASPER,QASPER_DOC_07,44,checkpoints/phase4_1/cms_3lvl_seed_44.pt,token_f1,0.0,48.5,361.22,frozen-checkpoint inference evaluation
P1,QASPER,QASPER_DOC_07,44,checkpoints/phase4_1/cms_3lvl_seed_44.pt,target_prob,0.0,48.5,361.22,frozen-checkpoint inference evaluation
P1,QASPER,QASPER_DOC_07,44,checkpoints/phase4_1/cms_3lvl_seed_44.pt,perplexity,0.0,48.5,361.22,frozen-checkpoint inference evaluation
P1,QASPER,QASPER_DOC_08,44,checkpoints/phase4_1/cms_3lvl_seed_44.pt,token_f1,0.0,48.5,361.22,frozen-checkpoint inference evaluation
P1,QASPER,QASPER_DOC_08,44,checkpoints/phase4_1/cms_3lvl_seed_44.pt,target_prob,0.0043,48.5,361.22,frozen-checkpoint inference evaluation
P1,QASPER,QASPER_DOC_08,44,checkpoints/phase4_1/cms_3lvl_seed_44.pt,perplexity,0.0,48.5,361.22,frozen-checkpoint inference evaluation
P1,QASPER,QASPER_DOC_09,44,checkpoints/phase4_1/cms_3lvl_seed_44.pt,token_f1,0.0,48.5,361.22,frozen-checkpoint inference evaluation
P1,QASPER,QASPER_DOC_09,44,checkpoints/phase4_1/cms_3lvl_seed_44.pt,target_prob,0.0,48.5,361.22,frozen-checkpoint inference evaluation
P1,QASPER,QASPER_DOC_09,44,checkpoints/phase4_1/cms_3lvl_seed_44.pt,perplexity,0.0,48.5,361.22,frozen-checkpoint inference evaluation
B1,LongHealth,LH_D00_Q00,44,None (frozen backbone),accuracy,0.0,32.1,294.94,frozen-checkpoint inference evaluation
B1,LongHealth,LH_D00_Q00,44,None (frozen backbone),target_prob,0.0,32.1,294.94,frozen-checkpoint inference evaluation
B1,LongHealth,LH_D00_Q01,44,None (frozen backbone),accuracy,0.0,32.1,294.94,frozen-checkpoint inference evaluation
B1,LongHealth,LH_D00_Q01,44,None (frozen backbone),target_prob,0.0,32.1,294.94,frozen-checkpoint inference evaluation
B1,LongHealth,LH_D00_Q02,44,None (frozen backbone),accuracy,0.0,32.1,294.94,frozen-checkpoint inference evaluation
B1,LongHealth,LH_D00_Q02,44,None (frozen backbone),target_prob,0.0,32.1,294.94,frozen-checkpoint inference evaluation
B1,LongHealth,LH_D00_Q03,44,None (frozen backbone),accuracy,0.0,32.1,294.94,frozen-checkpoint inference evaluation
B1,LongHealth,LH_D00_Q03,44,None (frozen backbone),target_prob,0.0,32.1,294.94,frozen-checkpoint inference evaluation
B1,LongHealth,LH_D01_Q00,44,None (frozen backbone),accuracy,0.0,32.1,294.94,frozen-checkpoint inference evaluation
B1,LongHealth,LH_D01_Q00,44,None (frozen backbone),target_prob,0.0,32.1,294.94,frozen-checkpoint inference evaluation
B1,LongHealth,LH_D01_Q01,44,None (frozen backbone),accuracy,0.0,32.1,294.94,frozen-checkpoint inference evaluation
B1,LongHealth,LH_D01_Q01,44,None (frozen backbone),target_prob,0.0,32.1,294.94,frozen-checkpoint inference evaluation
B1,LongHealth,LH_D01_Q02,44,None (frozen backbone),accuracy,0.0,32.1,294.94,frozen-checkpoint inference evaluation
B1,LongHealth,LH_D01_Q02,44,None (frozen backbone),target_prob,0.0,32.1,294.94,frozen-checkpoint inference evaluation
B1,LongHealth,LH_D01_Q03,44,None (frozen backbone),accuracy,0.0,32.1,294.94,frozen-checkpoint inference evaluation
B1,LongHealth,LH_D01_Q03,44,None (frozen backbone),target_prob,0.0,32.1,294.94,frozen-checkpoint inference evaluation
B1,LongHealth,LH_D02_Q00,44,None (frozen backbone),accuracy,0.0,32.1,294.94,frozen-checkpoint inference evaluation
B1,LongHealth,LH_D02_Q00,44,None (frozen backbone),target_prob,0.0,32.1,294.94,frozen-checkpoint inference evaluation
B1,LongHealth,LH_D02_Q01,44,None (frozen backbone),accuracy,0.0,32.1,294.94,frozen-checkpoint inference evaluation
B1,LongHealth,LH_D02_Q01,44,None (frozen backbone),target_prob,0.0,32.1,294.94,frozen-checkpoint inference evaluation
B1,LongHealth,LH_D02_Q02,44,None (frozen backbone),accuracy,0.0,32.1,294.94,frozen-checkpoint inference evaluation
B1,LongHealth,LH_D02_Q02,44,None (frozen backbone),target_prob,0.0,32.1,294.94,frozen-checkpoint inference evaluation
B1,LongHealth,LH_D02_Q03,44,None (frozen backbone),accuracy,0.0,32.1,294.94,frozen-checkpoint inference evaluation
B1,LongHealth,LH_D02_Q03,44,None (frozen backbone),target_prob,0.0,32.1,294.94,frozen-checkpoint inference evaluation
B1,LongHealth,LH_D03_Q00,44,None (frozen backbone),accuracy,0.0,32.1,294.94,frozen-checkpoint inference evaluation
B1,LongHealth,LH_D03_Q00,44,None (frozen backbone),target_prob,0.0,32.1,294.94,frozen-checkpoint inference evaluation
B1,LongHealth,LH_D03_Q01,44,None (frozen backbone),accuracy,0.0,32.1,294.94,frozen-checkpoint inference evaluation
B1,LongHealth,LH_D03_Q01,44,None (frozen backbone),target_prob,0.0,32.1,294.94,frozen-checkpoint inference evaluation
B1,LongHealth,LH_D03_Q02,44,None (frozen backbone),accuracy,0.0,32.1,294.94,frozen-checkpoint inference evaluation
B1,LongHealth,LH_D03_Q02,44,None (frozen backbone),target_prob,0.0005,32.1,294.94,frozen-checkpoint inference evaluation
B1,LongHealth,LH_D03_Q03,44,None (frozen backbone),accuracy,0.0,32.1,294.94,frozen-checkpoint inference evaluation
B1,LongHealth,LH_D03_Q03,44,None (frozen backbone),target_prob,0.0,32.1,294.94,frozen-checkpoint inference evaluation
B1,LongHealth,LH_D04_Q00,44,None (frozen backbone),accuracy,0.0,32.1,294.94,frozen-checkpoint inference evaluation
B1,LongHealth,LH_D04_Q00,44,None (frozen backbone),target_prob,0.1533,32.1,294.94,frozen-checkpoint inference evaluation
B1,LongHealth,LH_D04_Q01,44,None (frozen backbone),accuracy,0.0,32.1,294.94,frozen-checkpoint inference evaluation
B1,LongHealth,LH_D04_Q01,44,None (frozen backbone),target_prob,0.0,32.1,294.94,frozen-checkpoint inference evaluation
B1,LongHealth,LH_D04_Q02,44,None (frozen backbone),accuracy,0.0,32.1,294.94,frozen-checkpoint inference evaluation
B1,LongHealth,LH_D04_Q02,44,None (frozen backbone),target_prob,0.0,32.1,294.94,frozen-checkpoint inference evaluation
B1,LongHealth,LH_D04_Q03,44,None (frozen backbone),accuracy,0.0,32.1,294.94,frozen-checkpoint inference evaluation
B1,LongHealth,LH_D04_Q03,44,None (frozen backbone),target_prob,0.0,32.1,294.94,frozen-checkpoint inference evaluation
B4,LongHealth,LH_D00_Q00,44,checkpoints/phase4_1/cms_1lvl_seed_44.pt,accuracy,0.0,32.1,328.78,frozen-checkpoint inference evaluation
B4,LongHealth,LH_D00_Q00,44,checkpoints/phase4_1/cms_1lvl_seed_44.pt,target_prob,0.0977,32.1,328.78,frozen-checkpoint inference evaluation
B4,LongHealth,LH_D00_Q01,44,checkpoints/phase4_1/cms_1lvl_seed_44.pt,accuracy,0.0,32.1,328.78,frozen-checkpoint inference evaluation
B4,LongHealth,LH_D00_Q01,44,checkpoints/phase4_1/cms_1lvl_seed_44.pt,target_prob,0.3025,32.1,328.78,frozen-checkpoint inference evaluation
B4,LongHealth,LH_D00_Q02,44,checkpoints/phase4_1/cms_1lvl_seed_44.pt,accuracy,0.0,32.1,328.78,frozen-checkpoint inference evaluation
B4,LongHealth,LH_D00_Q02,44,checkpoints/phase4_1/cms_1lvl_seed_44.pt,target_prob,0.0695,32.1,328.78,frozen-checkpoint inference evaluation
B4,LongHealth,LH_D00_Q03,44,checkpoints/phase4_1/cms_1lvl_seed_44.pt,accuracy,0.0,32.1,328.78,frozen-checkpoint inference evaluation
B4,LongHealth,LH_D00_Q03,44,checkpoints/phase4_1/cms_1lvl_seed_44.pt,target_prob,0.135,32.1,328.78,frozen-checkpoint inference evaluation
B4,LongHealth,LH_D01_Q00,44,checkpoints/phase4_1/cms_1lvl_seed_44.pt,accuracy,0.0,32.1,328.78,frozen-checkpoint inference evaluation
B4,LongHealth,LH_D01_Q00,44,checkpoints/phase4_1/cms_1lvl_seed_44.pt,target_prob,0.1223,32.1,328.78,frozen-checkpoint inference evaluation
B4,LongHealth,LH_D01_Q01,44,checkpoints/phase4_1/cms_1lvl_seed_44.pt,accuracy,0.0,32.1,328.78,frozen-checkpoint inference evaluation
B4,LongHealth,LH_D01_Q01,44,checkpoints/phase4_1/cms_1lvl_seed_44.pt,target_prob,0.1606,32.1,328.78,frozen-checkpoint inference evaluation
B4,LongHealth,LH_D01_Q02,44,checkpoints/phase4_1/cms_1lvl_seed_44.pt,accuracy,0.0,32.1,328.78,frozen-checkpoint inference evaluation
B4,LongHealth,LH_D01_Q02,44,checkpoints/phase4_1/cms_1lvl_seed_44.pt,target_prob,0.021,32.1,328.78,frozen-checkpoint inference evaluation
B4,LongHealth,LH_D01_Q03,44,checkpoints/phase4_1/cms_1lvl_seed_44.pt,accuracy,0.0,32.1,328.78,frozen-checkpoint inference evaluation
B4,LongHealth,LH_D01_Q03,44,checkpoints/phase4_1/cms_1lvl_seed_44.pt,target_prob,0.1805,32.1,328.78,frozen-checkpoint inference evaluation
B4,LongHealth,LH_D02_Q00,44,checkpoints/phase4_1/cms_1lvl_seed_44.pt,accuracy,0.0,32.1,328.78,frozen-checkpoint inference evaluation
B4,LongHealth,LH_D02_Q00,44,checkpoints/phase4_1/cms_1lvl_seed_44.pt,target_prob,0.0132,32.1,328.78,frozen-checkpoint inference evaluation
B4,LongHealth,LH_D02_Q01,44,checkpoints/phase4_1/cms_1lvl_seed_44.pt,accuracy,0.0,32.1,328.78,frozen-checkpoint inference evaluation
B4,LongHealth,LH_D02_Q01,44,checkpoints/phase4_1/cms_1lvl_seed_44.pt,target_prob,0.1636,32.1,328.78,frozen-checkpoint inference evaluation
B4,LongHealth,LH_D02_Q02,44,checkpoints/phase4_1/cms_1lvl_seed_44.pt,accuracy,0.0,32.1,328.78,frozen-checkpoint inference evaluation
B4,LongHealth,LH_D02_Q02,44,checkpoints/phase4_1/cms_1lvl_seed_44.pt,target_prob,0.1009,32.1,328.78,frozen-checkpoint inference evaluation
B4,LongHealth,LH_D02_Q03,44,checkpoints/phase4_1/cms_1lvl_seed_44.pt,accuracy,0.0,32.1,328.78,frozen-checkpoint inference evaluation
B4,LongHealth,LH_D02_Q03,44,checkpoints/phase4_1/cms_1lvl_seed_44.pt,target_prob,0.0554,32.1,328.78,frozen-checkpoint inference evaluation
B4,LongHealth,LH_D03_Q00,44,checkpoints/phase4_1/cms_1lvl_seed_44.pt,accuracy,0.0,32.1,328.78,frozen-checkpoint inference evaluation
B4,LongHealth,LH_D03_Q00,44,checkpoints/phase4_1/cms_1lvl_seed_44.pt,target_prob,0.2271,32.1,328.78,frozen-checkpoint inference evaluation
B4,LongHealth,LH_D03_Q01,44,checkpoints/phase4_1/cms_1lvl_seed_44.pt,accuracy,0.0,32.1,328.78,frozen-checkpoint inference evaluation
B4,LongHealth,LH_D03_Q01,44,checkpoints/phase4_1/cms_1lvl_seed_44.pt,target_prob,0.0267,32.1,328.78,frozen-checkpoint inference evaluation
B4,LongHealth,LH_D03_Q02,44,checkpoints/phase4_1/cms_1lvl_seed_44.pt,accuracy,0.0,32.1,328.78,frozen-checkpoint inference evaluation
B4,LongHealth,LH_D03_Q02,44,checkpoints/phase4_1/cms_1lvl_seed_44.pt,target_prob,0.0797,32.1,328.78,frozen-checkpoint inference evaluation
B4,LongHealth,LH_D03_Q03,44,checkpoints/phase4_1/cms_1lvl_seed_44.pt,accuracy,0.0,32.1,328.78,frozen-checkpoint inference evaluation
B4,LongHealth,LH_D03_Q03,44,checkpoints/phase4_1/cms_1lvl_seed_44.pt,target_prob,0.142,32.1,328.78,frozen-checkpoint inference evaluation
B4,LongHealth,LH_D04_Q00,44,checkpoints/phase4_1/cms_1lvl_seed_44.pt,accuracy,0.0,32.1,328.78,frozen-checkpoint inference evaluation
B4,LongHealth,LH_D04_Q00,44,checkpoints/phase4_1/cms_1lvl_seed_44.pt,target_prob,0.0875,32.1,328.78,frozen-checkpoint inference evaluation
B4,LongHealth,LH_D04_Q01,44,checkpoints/phase4_1/cms_1lvl_seed_44.pt,accuracy,0.0,32.1,328.78,frozen-checkpoint inference evaluation
B4,LongHealth,LH_D04_Q01,44,checkpoints/phase4_1/cms_1lvl_seed_44.pt,target_prob,0.1936,32.1,328.78,frozen-checkpoint inference evaluation
B4,LongHealth,LH_D04_Q02,44,checkpoints/phase4_1/cms_1lvl_seed_44.pt,accuracy,0.0,32.1,328.78,frozen-checkpoint inference evaluation
B4,LongHealth,LH_D04_Q02,44,checkpoints/phase4_1/cms_1lvl_seed_44.pt,target_prob,0.2234,32.1,328.78,frozen-checkpoint inference evaluation
B4,LongHealth,LH_D04_Q03,44,checkpoints/phase4_1/cms_1lvl_seed_44.pt,accuracy,0.0,32.1,328.78,frozen-checkpoint inference evaluation
B4,LongHealth,LH_D04_Q03,44,checkpoints/phase4_1/cms_1lvl_seed_44.pt,target_prob,0.162,32.1,328.78,frozen-checkpoint inference evaluation
B5,LongHealth,LH_D00_Q00,44,checkpoints/phase4_1/cms_3lvl_seed_44.pt,accuracy,0.0,32.1,361.22,frozen-checkpoint inference evaluation
B5,LongHealth,LH_D00_Q00,44,checkpoints/phase4_1/cms_3lvl_seed_44.pt,target_prob,0.0115,32.1,361.22,frozen-checkpoint inference evaluation
B5,LongHealth,LH_D00_Q01,44,checkpoints/phase4_1/cms_3lvl_seed_44.pt,accuracy,0.0,32.1,361.22,frozen-checkpoint inference evaluation
B5,LongHealth,LH_D00_Q01,44,checkpoints/phase4_1/cms_3lvl_seed_44.pt,target_prob,0.1479,32.1,361.22,frozen-checkpoint inference evaluation
B5,LongHealth,LH_D00_Q02,44,checkpoints/phase4_1/cms_3lvl_seed_44.pt,accuracy,0.0,32.1,361.22,frozen-checkpoint inference evaluation
B5,LongHealth,LH_D00_Q02,44,checkpoints/phase4_1/cms_3lvl_seed_44.pt,target_prob,0.0048,32.1,361.22,frozen-checkpoint inference evaluation
B5,LongHealth,LH_D00_Q03,44,checkpoints/phase4_1/cms_3lvl_seed_44.pt,accuracy,0.0,32.1,361.22,frozen-checkpoint inference evaluation
B5,LongHealth,LH_D00_Q03,44,checkpoints/phase4_1/cms_3lvl_seed_44.pt,target_prob,0.0235,32.1,361.22,frozen-checkpoint inference evaluation
B5,LongHealth,LH_D01_Q00,44,checkpoints/phase4_1/cms_3lvl_seed_44.pt,accuracy,0.0,32.1,361.22,frozen-checkpoint inference evaluation
B5,LongHealth,LH_D01_Q00,44,checkpoints/phase4_1/cms_3lvl_seed_44.pt,target_prob,0.0163,32.1,361.22,frozen-checkpoint inference evaluation
B5,LongHealth,LH_D01_Q01,44,checkpoints/phase4_1/cms_3lvl_seed_44.pt,accuracy,0.0,32.1,361.22,frozen-checkpoint inference evaluation
B5,LongHealth,LH_D01_Q01,44,checkpoints/phase4_1/cms_3lvl_seed_44.pt,target_prob,0.0291,32.1,361.22,frozen-checkpoint inference evaluation
B5,LongHealth,LH_D01_Q02,44,checkpoints/phase4_1/cms_3lvl_seed_44.pt,accuracy,0.0,32.1,361.22,frozen-checkpoint inference evaluation
B5,LongHealth,LH_D01_Q02,44,checkpoints/phase4_1/cms_3lvl_seed_44.pt,target_prob,0.0017,32.1,361.22,frozen-checkpoint inference evaluation
B5,LongHealth,LH_D01_Q03,44,checkpoints/phase4_1/cms_3lvl_seed_44.pt,accuracy,0.0,32.1,361.22,frozen-checkpoint inference evaluation
B5,LongHealth,LH_D01_Q03,44,checkpoints/phase4_1/cms_3lvl_seed_44.pt,target_prob,0.0562,32.1,361.22,frozen-checkpoint inference evaluation
B5,LongHealth,LH_D02_Q00,44,checkpoints/phase4_1/cms_3lvl_seed_44.pt,accuracy,0.0,32.1,361.22,frozen-checkpoint inference evaluation
B5,LongHealth,LH_D02_Q00,44,checkpoints/phase4_1/cms_3lvl_seed_44.pt,target_prob,0.0008,32.1,361.22,frozen-checkpoint inference evaluation
B5,LongHealth,LH_D02_Q01,44,checkpoints/phase4_1/cms_3lvl_seed_44.pt,accuracy,0.0,32.1,361.22,frozen-checkpoint inference evaluation
B5,LongHealth,LH_D02_Q01,44,checkpoints/phase4_1/cms_3lvl_seed_44.pt,target_prob,0.0166,32.1,361.22,frozen-checkpoint inference evaluation
B5,LongHealth,LH_D02_Q02,44,checkpoints/phase4_1/cms_3lvl_seed_44.pt,accuracy,0.0,32.1,361.22,frozen-checkpoint inference evaluation
B5,LongHealth,LH_D02_Q02,44,checkpoints/phase4_1/cms_3lvl_seed_44.pt,target_prob,0.0128,32.1,361.22,frozen-checkpoint inference evaluation
B5,LongHealth,LH_D02_Q03,44,checkpoints/phase4_1/cms_3lvl_seed_44.pt,accuracy,0.0,32.1,361.22,frozen-checkpoint inference evaluation
B5,LongHealth,LH_D02_Q03,44,checkpoints/phase4_1/cms_3lvl_seed_44.pt,target_prob,0.004,32.1,361.22,frozen-checkpoint inference evaluation
B5,LongHealth,LH_D03_Q00,44,checkpoints/phase4_1/cms_3lvl_seed_44.pt,accuracy,0.0,32.1,361.22,frozen-checkpoint inference evaluation
B5,LongHealth,LH_D03_Q00,44,checkpoints/phase4_1/cms_3lvl_seed_44.pt,target_prob,0.0831,32.1,361.22,frozen-checkpoint inference evaluation
B5,LongHealth,LH_D03_Q01,44,checkpoints/phase4_1/cms_3lvl_seed_44.pt,accuracy,0.0,32.1,361.22,frozen-checkpoint inference evaluation
B5,LongHealth,LH_D03_Q01,44,checkpoints/phase4_1/cms_3lvl_seed_44.pt,target_prob,0.0014,32.1,361.22,frozen-checkpoint inference evaluation
B5,LongHealth,LH_D03_Q02,44,checkpoints/phase4_1/cms_3lvl_seed_44.pt,accuracy,0.0,32.1,361.22,frozen-checkpoint inference evaluation
B5,LongHealth,LH_D03_Q02,44,checkpoints/phase4_1/cms_3lvl_seed_44.pt,target_prob,0.0082,32.1,361.22,frozen-checkpoint inference evaluation
B5,LongHealth,LH_D03_Q03,44,checkpoints/phase4_1/cms_3lvl_seed_44.pt,accuracy,0.0,32.1,361.22,frozen-checkpoint inference evaluation
B5,LongHealth,LH_D03_Q03,44,checkpoints/phase4_1/cms_3lvl_seed_44.pt,target_prob,0.0125,32.1,361.22,frozen-checkpoint inference evaluation
B5,LongHealth,LH_D04_Q00,44,checkpoints/phase4_1/cms_3lvl_seed_44.pt,accuracy,0.0,32.1,361.22,frozen-checkpoint inference evaluation
B5,LongHealth,LH_D04_Q00,44,checkpoints/phase4_1/cms_3lvl_seed_44.pt,target_prob,0.0112,32.1,361.22,frozen-checkpoint inference evaluation
B5,LongHealth,LH_D04_Q01,44,checkpoints/phase4_1/cms_3lvl_seed_44.pt,accuracy,0.0,32.1,361.22,frozen-checkpoint inference evaluation
B5,LongHealth,LH_D04_Q01,44,checkpoints/phase4_1/cms_3lvl_seed_44.pt,target_prob,0.0355,32.1,361.22,frozen-checkpoint inference evaluation
B5,LongHealth,LH_D04_Q02,44,checkpoints/phase4_1/cms_3lvl_seed_44.pt,accuracy,0.0,32.1,361.22,frozen-checkpoint inference evaluation
B5,LongHealth,LH_D04_Q02,44,checkpoints/phase4_1/cms_3lvl_seed_44.pt,target_prob,0.0646,32.1,361.22,frozen-checkpoint inference evaluation
B5,LongHealth,LH_D04_Q03,44,checkpoints/phase4_1/cms_3lvl_seed_44.pt,accuracy,0.0,32.1,361.22,frozen-checkpoint inference evaluation
B5,LongHealth,LH_D04_Q03,44,checkpoints/phase4_1/cms_3lvl_seed_44.pt,target_prob,0.0454,32.1,361.22,frozen-checkpoint inference evaluation
P1,LongHealth,LH_D00_Q00,44,checkpoints/phase4_1/cms_3lvl_seed_44.pt,accuracy,0.0,32.1,361.22,frozen-checkpoint inference evaluation
P1,LongHealth,LH_D00_Q00,44,checkpoints/phase4_1/cms_3lvl_seed_44.pt,target_prob,0.0931,32.1,361.22,frozen-checkpoint inference evaluation
P1,LongHealth,LH_D00_Q01,44,checkpoints/phase4_1/cms_3lvl_seed_44.pt,accuracy,0.0,32.1,361.22,frozen-checkpoint inference evaluation
P1,LongHealth,LH_D00_Q01,44,checkpoints/phase4_1/cms_3lvl_seed_44.pt,target_prob,0.1459,32.1,361.22,frozen-checkpoint inference evaluation
P1,LongHealth,LH_D00_Q02,44,checkpoints/phase4_1/cms_3lvl_seed_44.pt,accuracy,0.0,32.1,361.22,frozen-checkpoint inference evaluation
P1,LongHealth,LH_D00_Q02,44,checkpoints/phase4_1/cms_3lvl_seed_44.pt,target_prob,0.0548,32.1,361.22,frozen-checkpoint inference evaluation
P1,LongHealth,LH_D00_Q03,44,checkpoints/phase4_1/cms_3lvl_seed_44.pt,accuracy,0.0,32.1,361.22,frozen-checkpoint inference evaluation
P1,LongHealth,LH_D00_Q03,44,checkpoints/phase4_1/cms_3lvl_seed_44.pt,target_prob,0.1213,32.1,361.22,frozen-checkpoint inference evaluation
P1,LongHealth,LH_D01_Q00,44,checkpoints/phase4_1/cms_3lvl_seed_44.pt,accuracy,0.0,32.1,361.22,frozen-checkpoint inference evaluation
P1,LongHealth,LH_D01_Q00,44,checkpoints/phase4_1/cms_3lvl_seed_44.pt,target_prob,0.1203,32.1,361.22,frozen-checkpoint inference evaluation
P1,LongHealth,LH_D01_Q01,44,checkpoints/phase4_1/cms_3lvl_seed_44.pt,accuracy,0.0,32.1,361.22,frozen-checkpoint inference evaluation
P1,LongHealth,LH_D01_Q01,44,checkpoints/phase4_1/cms_3lvl_seed_44.pt,target_prob,0.1307,32.1,361.22,frozen-checkpoint inference evaluation
P1,LongHealth,LH_D01_Q02,44,checkpoints/phase4_1/cms_3lvl_seed_44.pt,accuracy,0.0,32.1,361.22,frozen-checkpoint inference evaluation
P1,LongHealth,LH_D01_Q02,44,checkpoints/phase4_1/cms_3lvl_seed_44.pt,target_prob,0.0167,32.1,361.22,frozen-checkpoint inference evaluation
P1,LongHealth,LH_D01_Q03,44,checkpoints/phase4_1/cms_3lvl_seed_44.pt,accuracy,0.0,32.1,361.22,frozen-checkpoint inference evaluation
P1,LongHealth,LH_D01_Q03,44,checkpoints/phase4_1/cms_3lvl_seed_44.pt,target_prob,0.1741,32.1,361.22,frozen-checkpoint inference evaluation
P1,LongHealth,LH_D02_Q00,44,checkpoints/phase4_1/cms_3lvl_seed_44.pt,accuracy,0.0,32.1,361.22,frozen-checkpoint inference evaluation
P1,LongHealth,LH_D02_Q00,44,checkpoints/phase4_1/cms_3lvl_seed_44.pt,target_prob,0.0099,32.1,361.22,frozen-checkpoint inference evaluation
P1,LongHealth,LH_D02_Q01,44,checkpoints/phase4_1/cms_3lvl_seed_44.pt,accuracy,0.0,32.1,361.22,frozen-checkpoint inference evaluation
P1,LongHealth,LH_D02_Q01,44,checkpoints/phase4_1/cms_3lvl_seed_44.pt,target_prob,0.1255,32.1,361.22,frozen-checkpoint inference evaluation
P1,LongHealth,LH_D02_Q02,44,checkpoints/phase4_1/cms_3lvl_seed_44.pt,accuracy,0.0,32.1,361.22,frozen-checkpoint inference evaluation
P1,LongHealth,LH_D02_Q02,44,checkpoints/phase4_1/cms_3lvl_seed_44.pt,target_prob,0.0996,32.1,361.22,frozen-checkpoint inference evaluation
P1,LongHealth,LH_D02_Q03,44,checkpoints/phase4_1/cms_3lvl_seed_44.pt,accuracy,0.0,32.1,361.22,frozen-checkpoint inference evaluation
P1,LongHealth,LH_D02_Q03,44,checkpoints/phase4_1/cms_3lvl_seed_44.pt,target_prob,0.0529,32.1,361.22,frozen-checkpoint inference evaluation
P1,LongHealth,LH_D03_Q00,44,checkpoints/phase4_1/cms_3lvl_seed_44.pt,accuracy,0.0,32.1,361.22,frozen-checkpoint inference evaluation
P1,LongHealth,LH_D03_Q00,44,checkpoints/phase4_1/cms_3lvl_seed_44.pt,target_prob,0.1584,32.1,361.22,frozen-checkpoint inference evaluation
P1,LongHealth,LH_D03_Q01,44,checkpoints/phase4_1/cms_3lvl_seed_44.pt,accuracy,0.0,32.1,361.22,frozen-checkpoint inference evaluation
P1,LongHealth,LH_D03_Q01,44,checkpoints/phase4_1/cms_3lvl_seed_44.pt,target_prob,0.0278,32.1,361.22,frozen-checkpoint inference evaluation
P1,LongHealth,LH_D03_Q02,44,checkpoints/phase4_1/cms_3lvl_seed_44.pt,accuracy,0.0,32.1,361.22,frozen-checkpoint inference evaluation
P1,LongHealth,LH_D03_Q02,44,checkpoints/phase4_1/cms_3lvl_seed_44.pt,target_prob,0.0732,32.1,361.22,frozen-checkpoint inference evaluation
P1,LongHealth,LH_D03_Q03,44,checkpoints/phase4_1/cms_3lvl_seed_44.pt,accuracy,0.0,32.1,361.22,frozen-checkpoint inference evaluation
P1,LongHealth,LH_D03_Q03,44,checkpoints/phase4_1/cms_3lvl_seed_44.pt,target_prob,0.1483,32.1,361.22,frozen-checkpoint inference evaluation
P1,LongHealth,LH_D04_Q00,44,checkpoints/phase4_1/cms_3lvl_seed_44.pt,accuracy,0.0,32.1,361.22,frozen-checkpoint inference evaluation
P1,LongHealth,LH_D04_Q00,44,checkpoints/phase4_1/cms_3lvl_seed_44.pt,target_prob,0.0962,32.1,361.22,frozen-checkpoint inference evaluation
P1,LongHealth,LH_D04_Q01,44,checkpoints/phase4_1/cms_3lvl_seed_44.pt,accuracy,0.0,32.1,361.22,frozen-checkpoint inference evaluation
P1,LongHealth,LH_D04_Q01,44,checkpoints/phase4_1/cms_3lvl_seed_44.pt,target_prob,0.1331,32.1,361.22,frozen-checkpoint inference evaluation
P1,LongHealth,LH_D04_Q02,44,checkpoints/phase4_1/cms_3lvl_seed_44.pt,accuracy,0.0,32.1,361.22,frozen-checkpoint inference evaluation
P1,LongHealth,LH_D04_Q02,44,checkpoints/phase4_1/cms_3lvl_seed_44.pt,target_prob,0.1708,32.1,361.22,frozen-checkpoint inference evaluation
P1,LongHealth,LH_D04_Q03,44,checkpoints/phase4_1/cms_3lvl_seed_44.pt,accuracy,0.0,32.1,361.22,frozen-checkpoint inference evaluation
P1,LongHealth,LH_D04_Q03,44,checkpoints/phase4_1/cms_3lvl_seed_44.pt,target_prob,0.1584,32.1,361.22,frozen-checkpoint inference evaluation
